model_id,candidate_rank,roles,orders,quantity,unit,split,evaluation_scope,effect_groups,reduction_comparisons,condition,mse,rmse,mae,max_abs,observation_count,mean_bias,mean_mse,centered_mse,centered_rmse,centered_r2,spatial_correlation,normalized_rmse,target_mean,target_variance,relative_rmse,baseline_mse,mse_nm2_s2,rmse_nm_s,mae_nm_s,max_abs_nm_s,r2,bias_nm_s,relative_rmse_vs_test_mean,relative_bias_vs_test_mean,centered_spatial_rmse_nm_s,centered_spatial_r2,constant_train_mean_rmse_nm_s,rmse_improvement_vs_constant_train_mean,target_range_nm_s,prediction_range_nm_s,range_capture_fraction,weight,refit_score,effective_roles,effect_scopes,response_structure,regularization,common_total_order,within_total_order,max_effect_coefficient,boundary_parameters,case,selected_model
"cvd:aib_qss:AIB:full:bulk_as_surface:A=idn_2,I=n2,B=adn_2",1,"{'A': 'idn_2', 'I': 'n2', 'B': 'adn_2'}",{},deposition_rate,nm/s,holdout,fixed_model_holdout,"{'A': ['idn_2'], 'B': ['adn_2'], 'I': ['n2']}",[],3,1.099626429180128e-06,0.0010486307401464674,0.0009412973331437277,0.0024610481454290234,49.0,0.0004310640638207177,1.8581622711763178e-07,9.138102020624961e-07,0.0009559342038354397,-0.014799642556980741,0.17206833302148672,nan,0.14391471285714286,9.00483370057145e-07,0.007286473490638807,0.0007689330687420045,1.099626429180128e-06,0.0010486307401464674,0.0009412973331437277,0.0024610481454290234,-0.2211512902346493,0.0004310640638207177,0.007286473490638807,0.0029952744598713407,0.0009559342038354397,-0.014799642556980741,0.027729642420016968,0.9621837626225753,0.00523752999999999,0.001810482871430541,0.34567494055987164,,,,,,,,,,,,
"cvd:aib_qss:AIB:full:bulk_as_surface:A=idn_2,I=n2,B=adn_2",1,"{'A': 'idn_2', 'I': 'n2', 'B': 'adn_2'}",{},deposition_rate,nm/s,condition_cv,inner_selection,"{'A': ['idn_2'], 'B': ['adn_2'], 'I': ['n2']}","[{'effects': {'AB': ['adn_2', 'idn_2']}, 'condition': 1, 'weight': 1.0, 'mse_increase': 1.8316222134339506e-13, 'mean_mse_increase': 1.2451561518851375e-13, 'centered_mse_increase': 5.864660626290593e-14}, {'effects': {'A': ['idn_2'], 'B': ['adn_2'], 'I': ['n2']}, 'condition': 1, 'weight': 1.0, 'mse_increase': 3.2701542321643327e-05, 'mean_mse_increase': 3.0125986119362806e-05, 'centered_mse_increase': 2.575556202280512e-06}]",1,4.4488941923064926e-07,0.00066700031426578,0.0005479421348080499,0.0013891058167892212,49.0,1.0940466334378241e-05,1.1969380361366367e-10,4.4476972542703556e-07,0.0006669105827823064,-0.08027981291687403,0.019955336507712574,nan,0.10921737265306122,4.1171714967634963e-07,0.0061070899076153965,8.712355577955682e-05,4.4488941923064926e-07,0.00066700031426578,0.0005479421348080499,0.0013891058167892212,-0.08057053144464921,1.0940466334378241e-05,0.0061070899076153965,0.00010017148434005653,0.0006669105827823064,-0.08027981291687403,0.009333999988191387,0.9285407847536304,0.0033476649999999997,0.0009536191111662873,0.28486097359391915,1.0,8.97653343679716e-07,"{'A': 'idn_2', 'I': 'n2', 'B': 'adn_2'}","{'A': ['aib_qss'], 'B': ['aib_qss'], 'I': ['aib_qss']}",surface_qss,0.0,nan,nan,1.4074646633398433,[],,
"cvd:aib_qss:AIB:full:bulk_as_surface:A=idn_2,I=n2,B=adn_2",1,"{'A': 'idn_2', 'I': 'n2', 'B': 'adn_2'}",{},deposition_rate,nm/s,condition_cv,inner_selection,"{'A': ['idn_2'], 'B': ['adn_2'], 'I': ['n2']}","[{'effects': {'AB': ['adn_2', 'idn_2']}, 'condition': 2, 'weight': 1.0, 'mse_increase': 4.4516947235288885e-08, 'mean_mse_increase': 4.435070677535527e-08, 'centered_mse_increase': 1.6624045993364938e-10}, {'effects': {'A': ['idn_2'], 'B': ['adn_2'], 'I': ['n2']}, 'condition': 2, 'weight': 1.0, 'mse_increase': 0.00013862493797818677, 'mean_mse_increase': 0.0001368645348391027, 'centered_mse_increase': 1.7604031390840864e-06}]",2,2.2732564931336921e-07,0.00047678679649647304,0.00037023008637695153,0.001135907238999631,49.0,-0.00019712223354347705,3.885717495716911e-08,1.8846847435620008e-07,0.0004341295594130859,-0.09948286506274906,-0.08742041083034223,nan,0.07686286373469386,1.7141556302966477e-07,0.006203083951466982,0.0027513065521508413,2.2732564931336921e-07,0.00047678679649647304,0.00037023008637695153,0.001135907238999631,-0.32616692029316363,-0.00019712223354347705,0.006203083951466982,-0.0025645965290062604,0.0004341295594130859,-0.09948286506274906,0.05245289841515759,0.9909101916023254,0.0019401760000000018,0.00037742585467348544,0.19453176138323797,1.0,9.813707761784416e-07,"{'A': 'idn_2', 'I': 'n2', 'B': 'adn_2'}","{'A': ['aib_qss'], 'B': ['aib_qss'], 'I': ['aib_qss']}",surface_qss,0.0,nan,nan,1.4590242156305606,[],,
"cvd:aib_qss:AIB:full:bulk_as_surface:A=idn_2,I=n2,B=adn_2",1,"{'A': 'idn_2', 'I': 'n2', 'B': 'adn_2'}",{},deposition_rate,nm/s,condition_cv,inner_selection,"{'A': ['idn_2'], 'B': ['adn_2'], 'I': ['n2']}","[{'effects': {'AB': ['adn_2', 'idn_2']}, 'condition': 4, 'weight': 1.0, 'mse_increase': -8.093213548469739e-12, 'mean_mse_increase': -4.171305318151365e-12, 'centered_mse_increase': -3.921908230319201e-12}, {'effects': {'A': ['idn_2'], 'B': ['adn_2'], 'I': ['n2']}, 'condition': 4, 'weight': 1.0, 'mse_increase': 1.9326894435780277e-05, 'mean_mse_increase': 1.826721144778759e-05, 'centered_mse_increase': 1.0596829879926917e-06}]",4,1.793900344827226e-07,0.0004235446074296338,0.00035274237284407193,0.0009648362692292467,49.0,4.888919511354644e-05,2.3901533988504132e-09,1.7699988108387222e-07,0.00042071353803255755,0.03256072782602315,0.23009737523871657,nan,0.07443086153061225,1.8295709733400396e-07,0.00569044343595884,0.0031019972414936927,1.793900344827226e-07,0.0004235446074296338,0.00035274237284407193,0.0009648362692292467,0.019496717554331133,4.888919511354644e-05,0.00569044343595884,0.0006568403765343906,0.00042071353803255755,0.03256072782602315,0.05569557649844099,0.9923953636166871,0.0023843499999999934,0.0008202081954586105,0.3439965590029202,1.0,9.863456350086828e-07,"{'A': 'idn_2', 'I': 'n2', 'B': 'adn_2'}","{'A': ['aib_qss'], 'B': ['aib_qss'], 'I': ['aib_qss']}",surface_qss,0.0,nan,nan,1.4330125702369627,[],,
"cvd:aib_qss:AIB:full:bulk_as_surface:A=idn_2,I=n2,B=adn_2",1,"{'A': 'idn_2', 'I': 'n2', 'B': 'adn_2'}",{},deposition_rate,nm/s,condition_cv,inner_selection,"{'A': ['idn_2'], 'B': ['adn_2'], 'I': ['n2']}","[{'effects': {'AB': ['adn_2', 'idn_2']}, 'condition': 5, 'weight': 1.0, 'mse_increase': 1.982323911953448e-16, 'mean_mse_increase': 1.733958168474073e-16, 'centered_mse_increase': 2.4836700079390595e-17}, {'effects': {'A': ['idn_2'], 'B': ['adn_2'], 'I': ['n2']}, 'condition': 5, 'weight': 1.0, 'mse_increase': 0.0011629034950225545, 'mean_mse_increase': 0.0011626806081712683, 'centered_mse_increase': 2.2288685128569137e-07}]",5,2.3459408088025574e-06,0.0015316464372702198,0.0013114648150311641,0.0029437128379389,49.0,0.000122182337177753,1.4928523518218123e-08,2.3310122852843394e-06,0.0015267653013100407,-0.1721598841895382,-0.24103207388956033,nan,0.20429415020408165,1.988647041010162e-06,0.007497260375493702,0.013798163113631348,2.3459408088025574e-06,0.0015316464372702198,0.0013114648150311641,0.0029437128379389,-0.17966675856712255,0.000122182337177753,0.007497260375493702,0.0005980706596625394,0.0015267653013100407,-0.1721598841895382,0.11746558267693286,0.9869608918428241,0.005754740000000008,0.0012805829245965683,0.22252663449548832,1.0,2.704655385923608e-07,"{'A': 'idn_2', 'I': 'n2', 'B': 'adn_2'}","{'A': ['aib_qss'], 'B': ['aib_qss'], 'I': ['aib_qss']}",surface_qss,0.0,nan,nan,1.3823722273578996,[],,
"cvd:aib_qss:AB:full:bulk_as_surface:A=adn_2,B=idn_2",,"{'A': 'adn_2', 'I': None, 'B': 'idn_2'}",{},deposition_rate,nm/s,outer_condition_cv,outer_selection_procedure,"{'AB': ['adn_2', 'idn_2']}",[],1,4.5875669678391866e-07,0.0006773158028452596,0.0005432645305933671,0.0014705435826978253,49.0,-0.00011055236748045382,1.2221825955533302e-08,4.465348708283854e-07,0.0006682326472332712,-0.08456708975908822,0.04381682312523922,nan,0.10921737265306122,4.1171714967634963e-07,0.006201539062808387,0.00024559327523013025,4.5875669678391866e-07,0.0006773158028452596,0.0005432645305933671,0.0014705435826978253,-0.11425209550912996,-0.00011055236748045382,0.006201539062808387,-0.0010122232827522169,0.0006682326472332712,-0.08456708975908822,0.01567141586552186,0.9567801780861805,0.0033476649999999997,0.0010764949884901343,0.32156592385741534,1.0,,,,,,,,,,1,"cvd:aib_qss:AB:full:bulk_as_surface:A=adn_2,B=idn_2"
"cvd:aib_qss:AIB:full:bulk_as_surface:A=idn_2,I=n2,B=adn_2",,"{'A': 'idn_2', 'I': 'n2', 'B': 'adn_2'}",{},deposition_rate,nm/s,outer_condition_cv,outer_selection_procedure,"{'A': ['idn_2'], 'B': ['adn_2'], 'I': ['n2']}",[],2,2.1717263543953602e-07,0.0004660178488422262,0.0003977144534094681,0.0009672435296426418,49.0,0.00016593890072627544,2.7535718774244695e-08,1.8963691666529134e-07,0.0004354732100431568,-0.10629929577907249,-0.08859746089045648,nan,0.07686286373469386,1.7141556302966477e-07,0.0060629779609925995,0.0031475396842394897,2.1717263543953602e-07,0.0004660178488422262,0.0003977144534094681,0.0009672435296426418,-0.2669365114878901,0.00016593890072627544,0.0060629779609925995,0.002158895631303092,0.0004354732100431568,-0.10629929577907249,0.0561029382852582,0.9916935215322817,0.0019401760000000018,0.00041701910308764023,0.21493880095807796,1.0,,,,,,,,,,2,"cvd:aib_qss:AIB:full:bulk_as_surface:A=idn_2,I=n2,B=adn_2"
"cvd:aib_qss:AIB:full:bulk_as_surface:A=idn_2,I=n2,B=adn_2",,"{'A': 'idn_2', 'I': 'n2', 'B': 'adn_2'}",{},deposition_rate,nm/s,outer_condition_cv,outer_selection_procedure,"{'A': ['idn_2'], 'B': ['adn_2'], 'I': ['n2']}",[],3,1.099626429180128e-06,0.0010486307401464674,0.0009412973331437277,0.0024610481454290234,49.0,0.0004310640638207177,1.8581622711763178e-07,9.138102020624961e-07,0.0009559342038354397,-0.014799642556980741,0.17206833302148672,nan,0.14391471285714286,9.00483370057145e-07,0.007286473490638807,0.0007689330687420045,1.099626429180128e-06,0.0010486307401464674,0.0009412973331437277,0.0024610481454290234,-0.2211512902346493,0.0004310640638207177,0.007286473490638807,0.0029952744598713407,0.0009559342038354397,-0.014799642556980741,0.027729642420016968,0.9621837626225753,0.00523752999999999,0.001810482871430541,0.34567494055987164,1.0,,,,,,,,,,3,"cvd:aib_qss:AIB:full:bulk_as_surface:A=idn_2,I=n2,B=adn_2"
"cvd:langmuir_hinshelwood_qss:AB:full:bulk_as_surface:A=adn_2,B=idn_2",,"{'A': 'adn_2', 'I': None, 'B': 'idn_2'}",{},deposition_rate,nm/s,outer_condition_cv,outer_selection_procedure,"{'AB': ['adn_2', 'idn_2']}",[],4,1.787709839826328e-07,0.00042281317858202196,0.00035163807257786314,0.0009113485061002513,49.0,5.101593692216576e-05,2.6026258200463955e-09,1.7616835816258646e-07,0.000419724145317596,0.037105634437477275,0.2467558771894305,nan,0.07443086153061225,1.8295709733400396e-07,0.005680616479336673,0.0034978897279603484,1.787709839826328e-07,0.00042281317858202196,0.00035163807257786314,0.0009113485061002513,0.022880300422175037,5.101593692216576e-05,0.005680616479336673,0.0006854137634989446,0.000419724145317596,0.037105634437477275,0.05914296008791197,0.9928509973468771,0.0023843499999999934,0.0008860024171790937,0.3715907552075392,1.0,,,,,,,,,,4,"cvd:langmuir_hinshelwood_qss:AB:full:bulk_as_surface:A=adn_2,B=idn_2"
"cvd:langmuir_hinshelwood_qss:AB:full:bulk_as_surface:A=adn_2,B=idn_2",,"{'A': 'adn_2', 'I': None, 'B': 'idn_2'}",{},deposition_rate,nm/s,outer_condition_cv,outer_selection_procedure,"{'AB': ['adn_2', 'idn_2']}",[],5,4.44919793705612e-06,0.002109312195256103,0.0017984355696675077,0.003842657144020878,49.0,0.0014369106763359814,2.0647122917683276e-06,2.3844856452877927e-06,0.0015441779836818659,-0.19904920084589706,-0.31700332231647416,nan,0.20429415020408165,1.988647041010162e-06,0.010324878089504691,0.01064968956449839,4.44919793705612e-06,0.002109312195256103,0.0017984355696675077,0.003842657144020878,-1.2372989501425482,0.0014369106763359814,0.010324878089504691,0.007033538037680302,0.0015441779836818659,-0.19904920084589706,0.10319733312687102,0.9795604001446151,0.005754740000000008,0.0012192477790639034,0.21186843872423455,1.0,,,,,,,,,,5,"cvd:langmuir_hinshelwood_qss:AB:full:bulk_as_surface:A=adn_2,B=idn_2"
"cvd:aib_qss:AIB:full:bulk_as_surface:A=adn_2,I=n2,B=idn_2",2,"{'A': 'adn_2', 'I': 'n2', 'B': 'idn_2'}",{},deposition_rate,nm/s,condition_cv,inner_selection,"{'A': ['adn_2'], 'B': ['idn_2'], 'I': ['n2']}","[{'effects': {'AB': ['adn_2', 'idn_2']}, 'condition': 1, 'weight': 1.0, 'mse_increase': 1.41253035540489e-11, 'mean_mse_increase': 1.8569466677287584e-11, 'centered_mse_increase': -4.444163123114246e-12}, {'effects': {'A': ['adn_2'], 'B': ['idn_2'], 'I': ['n2']}, 'condition': 1, 'weight': 1.0, 'mse_increase': 3.270155626875789e-05, 'mean_mse_increase': 3.012600456929905e-05, 'centered_mse_increase': 2.5755516994588286e-06}]",1,4.4487547708931656e-07,0.0006669898628085112,0.0005477450121052851,0.0013881308193940955,49.0,1.006224888141635e-05,1.012488525515646e-10,4.4477422823676494e-07,0.0006669139586459148,-0.08029074957504556,0.01996997195572683,nan,0.10921737265306122,4.1171714967634963e-07,0.006106994213523743,8.712355577955682e-05,4.4487547708931656e-07,0.0006669898628085112,0.0005477450121052851,0.0013881308193940955,-0.08053666804754833,1.006224888141635e-05,0.006106994213523743,9.213047921762397e-05,0.0006669139586459148,-0.08029074957504556,0.009333999988191387,0.9285419044726448,0.0033476649999999997,0.0009537413247946713,0.2848974807200456,1.0,8.976477031495029e-07,"{'A': 'adn_2', 'I': 'n2', 'B': 'idn_2'}","{'A': ['aib_qss'], 'B': ['aib_qss'], 'I': ['aib_qss']}",surface_qss,0.0,nan,nan,16.253148373118645,[],,
"cvd:aib_qss:AIB:full:bulk_as_surface:A=adn_2,I=n2,B=idn_2",2,"{'A': 'adn_2', 'I': 'n2', 'B': 'idn_2'}",{},deposition_rate,nm/s,condition_cv,inner_selection,"{'A': ['adn_2'], 'B': ['idn_2'], 'I': ['n2']}","[{'effects': {'AB': ['adn_2', 'idn_2']}, 'condition': 2, 'weight': 1.0, 'mse_increase': 1.667234437132382e-14, 'mean_mse_increase': 1.670846819570696e-14, 'centered_mse_increase': -3.612381114824817e-17}, {'effects': {'A': ['adn_2'], 'B': ['idn_2'], 'I': ['n2']}, 'condition': 2, 'weight': 1.0, 'mse_increase': 0.00011670823096151008, 'mean_mse_increase': 0.00011506799875960658, 'centered_mse_increase': 1.64023220190349e-06}]",2,2.7184257987631373e-07,0.0005213852509194269,0.00039966452539704216,0.0012311257648248836,49.0,-0.0002884577352473949,8.320786502405619e-08,1.8863471485225754e-07,0.00043432098136315906,-0.1004526748811767,-0.08586326569536096,nan,0.07686286373469386,1.7141556302966477e-07,0.006783318049651166,0.0027513065521508413,2.7184257987631373e-07,0.0005213852509194269,0.00039966452539704216,0.0012311257648248836,-0.5858687220207028,-0.0002884577352473949,0.006783318049651166,-0.003752888211959669,0.00043432098136315906,-0.1004526748811767,0.05245289841515759,0.9900599344045254,0.0019401760000000018,0.00038064148530760067,0.19618915258595113,1.0,9.81177850669299e-07,"{'A': 'adn_2', 'I': 'n2', 'B': 'idn_2'}","{'A': ['aib_qss'], 'B': ['aib_qss'], 'I': ['aib_qss']}",surface_qss,0.0,nan,nan,13.57727142105184,[],,
"cvd:aib_qss:AIB:full:bulk_as_surface:A=adn_2,I=n2,B=idn_2",2,"{'A': 'adn_2', 'I': 'n2', 'B': 'idn_2'}",{},deposition_rate,nm/s,condition_cv,inner_selection,"{'A': ['adn_2'], 'B': ['idn_2'], 'I': ['n2']}","[{'effects': {'AB': ['adn_2', 'idn_2']}, 'condition': 4, 'weight': 1.0, 'mse_increase': 2.198803762121182e-10, 'mean_mse_increase': 2.2488821874801124e-10, 'centered_mse_increase': -5.007842535868641e-12}, {'effects': {'A': ['adn_2'], 'B': ['idn_2'], 'I': ['n2']}, 'condition': 4, 'weight': 1.0, 'mse_increase': 1.9327122412703214e-05, 'mean_mse_increase': 1.82674405106516e-05, 'centered_mse_increase': 1.0596819020516144e-06}]",4,1.7916206089296202e-07,0.0004232753960401691,0.00035208442979370655,0.0009617852322584969,49.0,4.6487566883891124e-05,2.1610938747842506e-09,1.7700096701817777e-07,0.00042071482861693595,0.032554792367266105,0.23023900965036545,nan,0.07443086153061225,1.8295709733400396e-07,0.005686826503628237,0.0031019972414936927,1.7916206089296202e-07,0.0004232753960401691,0.00035208442979370655,0.0009617852322584969,0.02074276700025346,4.6487566883891124e-05,0.005686826503628237,0.0006245738115602963,0.00042071482861693595,0.032554792367266105,0.05569557649844099,0.9924001972391467,0.0023843499999999934,0.000821024468071696,0.34433890497271724,1.0,9.863039188696777e-07,"{'A': 'adn_2', 'I': 'n2', 'B': 'idn_2'}","{'A': ['aib_qss'], 'B': ['aib_qss'], 'I': ['aib_qss']}",surface_qss,0.0,nan,nan,13.097472643005897,[],,
"cvd:aib_qss:AIB:full:bulk_as_surface:A=adn_2,I=n2,B=idn_2",2,"{'A': 'adn_2', 'I': 'n2', 'B': 'idn_2'}",{},deposition_rate,nm/s,condition_cv,inner_selection,"{'A': ['adn_2'], 'B': ['idn_2'], 'I': ['n2']}","[{'effects': {'AB': ['adn_2', 'idn_2']}, 'condition': 5, 'weight': 1.0, 'mse_increase': -9.236640179923969e-17, 'mean_mse_increase': -5.905618263886409e-17, 'centered_mse_increase': -3.330999416724899e-17}, {'effects': {'A': ['adn_2'], 'B': ['idn_2'], 'I': ['n2']}, 'condition': 5, 'weight': 1.0, 'mse_increase': 0.0011629034947193166, 'mean_mse_increase': 0.0011626806078676164, 'centered_mse_increase': 2.2288685169964992e-07}]",5,2.3459408090931562e-06,0.0015316464373650847,0.0013114648153259613,0.0029437128382008293,49.0,0.00012218233812900342,1.4928523750670123e-08,2.331012285342486e-06,0.0015267653013290832,-0.17215988421877748,-0.24103207404371738,nan,0.20429415020408165,1.988647041010162e-06,0.007497260375958056,0.013798163113631348,2.3459408090931562e-06,0.0015316464373650847,0.0013114648153259613,0.0029437128382008293,-0.17966675871325144,0.00012218233812900342,0.007497260375958056,0.0005980706643188176,0.0015267653013290832,-0.17215988421877748,0.11746558267693286,0.9869608918420164,0.005754740000000008,0.0012805829244948441,0.22252663447781174,1.0,2.7046553860543297e-07,"{'A': 'adn_2', 'I': 'n2', 'B': 'idn_2'}","{'A': ['aib_qss'], 'B': ['aib_qss'], 'I': ['aib_qss']}",surface_qss,0.0,nan,nan,16.548170999431814,[],,
"cvd:aib_qss:AB:full:bulk_as_surface:A=adn_2,B=idn_2",3,"{'A': 'adn_2', 'I': None, 'B': 'idn_2'}",{},deposition_rate,nm/s,condition_cv,inner_selection,"{'AB': ['adn_2', 'idn_2']}","[{'effects': {'AB': ['adn_2', 'idn_2']}, 'condition': 1, 'weight': 1.0, 'mse_increase': 3.270154213863475e-05, 'mean_mse_increase': 3.012598599499901e-05, 'centered_mse_increase': 2.575556143635732e-06}, {'effects': {}, 'condition': 1, 'weight': 1.0, 'mse_increase': 8.667866617716394e-05, 'mean_mse_increase': 8.671171881156125e-05, 'centered_mse_increase': -3.30526343972923e-08}]",1,4.448896023928706e-07,0.0006670004515687156,0.0005479423606560078,0.0013890589498930933,49.0,1.0946155454261199e-05,1.1981831922885218e-10,4.4476978407364183e-07,0.0006669106267511726,-0.08027995536079757,0.01997099729402341,nan,0.10921737265306122,4.1171714967634963e-07,0.006107091164768286,8.712355577955682e-05,4.448896023928706e-07,0.0006670004515687156,0.0005479423606560078,0.0013890589498930933,-0.08057097631856691,1.0946155454261199e-05,0.006107091164768286,0.00010022357422049185,0.0006669106267511726,-0.08027995536079757,0.009333999988191387,0.9285407700436522,0.0033476649999999997,0.0009536851022192566,0.2848806861556508,1.0,8.976539595685556e-07,"{'A': 'adn_2', 'I': None, 'B': 'idn_2'}",{'AB': ['aib_qss']},surface_qss,0.0,nan,nan,16.253148373118645,[],,
"cvd:aib_qss:AB:full:bulk_as_surface:A=adn_2,B=idn_2",3,"{'A': 'adn_2', 'I': None, 'B': 'idn_2'}",{},deposition_rate,nm/s,condition_cv,inner_selection,"{'AB': ['adn_2', 'idn_2']}","[{'effects': {'AB': ['adn_2', 'idn_2']}, 'condition': 2, 'weight': 1.0, 'mse_increase': 0.00011667271194140033, 'mean_mse_increase': 0.00011503259344137543, 'centered_mse_increase': 1.6401185000249535e-06}, {'effects': {}, 'condition': 2, 'weight': 1.0, 'mse_increase': 0.0027510347095542893, 'mean_mse_increase': 0.002751051928706077, 'centered_mse_increase': -1.7219151786468962e-08}]",2,2.718425965486581e-07,0.0005213852669079345,0.00039966453775169917,0.0012311257937467346,49.0,-0.0002884577642091202,8.320788173252438e-08,1.8863471481613373e-07,0.0004343209813215725,-0.10045267467043861,-0.08586326531287092,nan,0.07686286373469386,1.7141556302966477e-07,0.006783318257664592,0.0027513065521508413,2.718425965486581e-07,0.0005213852669079345,0.00039966453775169917,0.0012311257937467346,-0.5858688192834256,-0.0002884577642091202,0.006783318257664592,-0.0037528885887570433,0.0004343209813215725,-0.10045267467043861,0.05245289841515759,0.990059934099709,0.0019401760000000018,0.00038064148515840057,0.19618915250905083,1.0,9.811778504358285e-07,"{'A': 'adn_2', 'I': None, 'B': 'idn_2'}",{'AB': ['aib_qss']},surface_qss,0.0,nan,nan,13.57727142105184,[],,
"cvd:aib_qss:AB:full:bulk_as_surface:A=adn_2,B=idn_2",3,"{'A': 'adn_2', 'I': None, 'B': 'idn_2'}",{},deposition_rate,nm/s,condition_cv,inner_selection,"{'AB': ['adn_2', 'idn_2']}","[{'effects': {'AB': ['adn_2', 'idn_2']}, 'condition': 4, 'weight': 1.0, 'mse_increase': 1.9326902529356966e-05, 'mean_mse_increase': 1.826721561945508e-05, 'centered_mse_increase': 1.05968690990189e-06}, {'effects': {}, 'condition': 4, 'weight': 1.0, 'mse_increase': 0.0031018178595524195, 'mean_mse_increase': 0.003101811898414262, 'centered_mse_increase': 5.961138158362055e-09}]",4,1.7938194126917414e-07,0.0004235350531764451,0.0003527086375977935,0.0009641874072394974,49.0,4.8846515674429244e-05,2.385982093532262e-09,1.769959591756419e-07,0.0004207088769869753,0.03258216404406267,0.23026140347368124,nan,0.07443086153061225,1.8295709733400396e-07,0.005690315071823423,0.0031019972414936927,1.7938194126917414e-07,0.0004235350531764451,0.0003527086375977935,0.0009641874072394974,0.019540953135603445,4.8846515674429244e-05,0.005690315071823423,0.0006562669660130084,0.0004207088769869753,0.03258216404406267,0.05569557649844099,0.9923955351608884,0.0023843499999999934,0.0008209701806780739,0.34431613675763884,1.0,9.86435025488437e-07,"{'A': 'adn_2', 'I': None, 'B': 'idn_2'}",{'AB': ['aib_qss']},surface_qss,0.0,nan,nan,13.097472643005897,[],,
"cvd:aib_qss:AB:full:bulk_as_surface:A=adn_2,B=idn_2",3,"{'A': 'adn_2', 'I': None, 'B': 'idn_2'}",{},deposition_rate,nm/s,condition_cv,inner_selection,"{'AB': ['adn_2', 'idn_2']}","[{'effects': {'AB': ['adn_2', 'idn_2']}, 'condition': 5, 'weight': 1.0, 'mse_increase': 0.0011629034948444728, 'mean_mse_increase': 0.0011626806079929844, 'centered_mse_increase': 2.2288685148852315e-07}, {'effects': {}, 'condition': 5, 'weight': 1.0, 'mse_increase': 0.01379581717282235, 'mean_mse_increase': 0.013796159538066649, 'centered_mse_increase': -3.423652442990141e-07}]",5,2.34594080900079e-06,0.001531646437334932,0.0013114648152463962,0.002943712838129886,49.0,0.00012218233788733107,1.492852369161394e-08,2.331012285309176e-06,0.0015267653013181744,-0.17215988420202755,-0.24103207398854404,nan,0.20429415020408165,1.988647041010162e-06,0.007497260375810461,0.013798163113631348,2.34594080900079e-06,0.001531646437334932,0.0013114648152463962,0.002943712838129886,-0.17966675866680437,0.00012218233788733107,0.007497260375810461,0.000598070663135855,0.0015267653013181744,-0.17215988420202755,0.11746558267693286,0.9869608918422732,0.005754740000000008,0.0012805829245050582,0.22252663447958662,1.0,2.704655385861944e-07,"{'A': 'adn_2', 'I': None, 'B': 'idn_2'}",{'AB': ['aib_qss']},surface_qss,0.0,nan,nan,16.548170999431814,[],,
"cvd:parallel_a_ab_qss:AB:full:bulk_as_surface:A=adn_2,B=idn_2",4,"{'A': 'adn_2', 'I': None, 'B': 'idn_2'}",{},deposition_rate,nm/s,condition_cv,inner_selection,"{'A': ['adn_2'], 'AB': ['adn_2', 'idn_2']}","[{'effects': {'AB': ['adn_2', 'idn_2']}, 'condition': 1, 'weight': 1.0, 'mse_increase': -1.599545554957913e-08, 'mean_mse_increase': -2.323510904076986e-09, 'centered_mse_increase': -1.3671944645502104e-08}, {'effects': {'A': ['adn_2']}, 'condition': 1, 'weight': 1.0, 'mse_increase': 3.433589581744053e-05, 'mean_mse_increase': 3.1756339731469775e-05, 'centered_mse_increase': 2.5795560859707443e-06}, {'effects': {'A': ['adn_2'], 'AB': ['adn_2', 'idn_2']}, 'condition': 1, 'weight': 1.0, 'mse_increase': 3.268554668308537e-05, 'mean_mse_increase': 3.0123662484095135e-05, 'centered_mse_increase': 2.561884198990236e-06}]",1,4.6088505794244974e-07,0.0006788851581397621,0.0005434115657410653,0.0016738876060311686,49.0,-4.9430043731579264e-05,2.4433292233058384e-09,4.5844172871914393e-07,0.000677083250951568,-0.11348708471222158,-0.13564612368206858,nan,0.10921737265306122,4.1171714967634963e-07,0.0062159081623058415,8.712355577955682e-05,4.6088505794244974e-07,0.0006788851581397621,0.0005434115657410653,0.0016738876060311686,-0.11942156964982131,-4.9430043731579264e-05,0.0062159081623058415,-0.0004525840764234297,0.000677083250951568,-0.11348708471222158,0.009333999988191387,0.9272674995716057,0.0033476649999999997,0.000551622966833476,0.16477842521084876,1.0,9.141989997349e-07,"{'A': 'adn_2', 'I': None, 'B': 'idn_2'}","{'A': ['parallel_a_ab_qss'], 'AB': ['parallel_a_ab_qss']}",surface_parallel_qss,0.0,nan,nan,22.875732003183955,[],,
"cvd:parallel_a_ab_qss:AB:full:bulk_as_surface:A=adn_2,B=idn_2",4,"{'A': 'adn_2', 'I': None, 'B': 'idn_2'}",{},deposition_rate,nm/s,condition_cv,inner_selection,"{'A': ['adn_2'], 'AB': ['adn_2', 'idn_2']}","[{'effects': {'AB': ['adn_2', 'idn_2']}, 'condition': 2, 'weight': 1.0, 'mse_increase': 1.265155125526059e-10, 'mean_mse_increase': 1.2588575236385033e-10, 'centered_mse_increase': 6.29760188808517e-13}, {'effects': {'A': ['adn_2']}, 'condition': 2, 'weight': 1.0, 'mse_increase': 0.0001350899720469412, 'mean_mse_increase': 0.00013307180110943125, 'centered_mse_increase': 2.018170937509978e-06}, {'effects': {'A': ['adn_2'], 'AB': ['adn_2', 'idn_2']}, 'condition': 2, 'weight': 1.0, 'mse_increase': 0.00011667283845670174, 'mean_mse_increase': 0.00011503271932691163, 'centered_mse_increase': 1.6401191297900933e-06}]",2,2.717160810361055e-07,0.0005212639264672988,0.0003995776612190406,0.0012308898922909622,49.0,-0.00028823947678997846,8.308199598016053e-08,1.8863408505594492e-07,0.000434320256326993,-0.10044900079055452,-0.08587571421964345,nan,0.07686286373469386,1.7141556302966477e-07,0.0067817395962052095,0.0027513065521508413,2.717160810361055e-07,0.0005212639264672988,0.0003995776612190406,0.0012308898922909622,-0.5851307561209185,-0.00028823947678997846,0.0067817395962052095,-0.0037500486292689973,0.000434320256326993,-0.10044900079055452,0.05245289841515759,0.9900622474216474,0.0019401760000000018,0.00038062607849309593,0.19618121164940477,1.0,9.811783609055452e-07,"{'A': 'adn_2', 'I': None, 'B': 'idn_2'}","{'A': ['parallel_a_ab_qss'], 'AB': ['parallel_a_ab_qss']}",surface_parallel_qss,0.0,nan,nan,13.57727142105184,[],,
"cvd:parallel_a_ab_qss:AB:full:bulk_as_surface:A=adn_2,B=idn_2",4,"{'A': 'adn_2', 'I': None, 'B': 'idn_2'}",{},deposition_rate,nm/s,condition_cv,inner_selection,"{'A': ['adn_2'], 'AB': ['adn_2', 'idn_2']}","[{'effects': {'AB': ['adn_2', 'idn_2']}, 'condition': 4, 'weight': 1.0, 'mse_increase': -6.1556486125592846e-09, 'mean_mse_increase': 9.500893564665185e-10, 'centered_mse_increase': -7.105737969025792e-09}, {'effects': {'A': ['adn_2']}, 'condition': 4, 'weight': 1.0, 'mse_increase': 2.330455696740927e-05, 'mean_mse_increase': 2.2243480224580276e-05, 'centered_mse_increase': 1.0610767428289994e-06}, {'effects': {'A': ['adn_2'], 'AB': ['adn_2', 'idn_2']}, 'condition': 4, 'weight': 1.0, 'mse_increase': 1.932074688074689e-05, 'mean_mse_increase': 1.8268165708814023e-05, 'centered_mse_increase': 1.0525811719328722e-06}]",4,1.8553758988173342e-07,0.0004307407455555295,0.00035883952382622644,0.0011845381993790816,49.0,3.789317533627584e-05,1.4358927370657433e-09,1.841016971446677e-07,0.000429070736761047,-0.006256110461646536,0.12004688936523732,nan,0.07443086153061225,1.8295709733400396e-07,0.005787125618294403,0.0031019972414936927,1.8553758988173342e-07,0.0004307407455555295,0.00035883952382622644,0.0011845381993790816,-0.01410435881051697,3.789317533627584e-05,0.005787125618294403,0.0005091056929482264,0.000429070736761047,-0.006256110461646536,0.05569557649844099,0.9922661587753276,0.0023843499999999934,0.0005432976709897341,0.22785986578721062,1.0,1.0028242752912263e-06,"{'A': 'adn_2', 'I': None, 'B': 'idn_2'}","{'A': ['parallel_a_ab_qss'], 'AB': ['parallel_a_ab_qss']}",surface_parallel_qss,0.0,nan,nan,17.46576047662118,[],,
"cvd:parallel_a_ab_qss:AB:full:bulk_as_surface:A=adn_2,B=idn_2",4,"{'A': 'adn_2', 'I': None, 'B': 'idn_2'}",{},deposition_rate,nm/s,condition_cv,inner_selection,"{'A': ['adn_2'], 'AB': ['adn_2', 'idn_2']}","[{'effects': {'AB': ['adn_2', 'idn_2']}, 'condition': 5, 'weight': 1.0, 'mse_increase': 6.522153693858113e-20, 'mean_mse_increase': 1.0867194485256258e-17, 'centered_mse_increase': -1.0801787659860465e-17}, {'effects': {'A': ['adn_2']}, 'condition': 5, 'weight': 1.0, 'mse_increase': 2.2212026190011443e-05, 'mean_mse_increase': 8.86310256582597e-06, 'centered_mse_increase': 1.3348923624185472e-05}, {'effects': {'A': ['adn_2'], 'AB': ['adn_2', 'idn_2']}, 'condition': 5, 'weight': 1.0, 'mse_increase': 0.0011629034948127247, 'mean_mse_increase': 0.0011626806079611577, 'centered_mse_increase': 2.2288685156711086e-07}]",5,2.3459408090007246e-06,0.0015316464373349107,0.001311464815232873,0.0029437128379416755,49.0,0.00012218233784285987,1.4928523680746745e-08,2.331012285319978e-06,0.001526765301321712,-0.1721598842074592,-0.24103207402174384,nan,0.20429415020408165,1.988647041010162e-06,0.007497260375810357,0.013798163113631348,2.3459408090007246e-06,0.0015316464373349107,0.001311464815232873,0.0029437128379416755,-0.17966675866677173,0.00012218233784285987,0.007497260375810357,0.0005980706629181727,0.001526765301321712,-0.1721598842074592,0.11746558267693286,0.9869608918422733,0.005754740000000008,0.0012805829244769695,0.22252663447470566,1.0,2.704655385886102e-07,"{'A': 'adn_2', 'I': None, 'B': 'idn_2'}","{'A': ['parallel_a_ab_qss'], 'AB': ['parallel_a_ab_qss']}",surface_parallel_qss,0.0,nan,nan,16.548170999431814,[],,
"cvd:parallel_a_ab_qss:AIB:full:bulk_as_surface:A=adn_2,I=n2,B=idn_2",5,"{'A': 'adn_2', 'I': 'n2', 'B': 'idn_2'}",{},deposition_rate,nm/s,condition_cv,inner_selection,"{'A': ['adn_2'], 'AB': ['adn_2', 'idn_2'], 'I': ['n2']}","[{'effects': {'A': ['adn_2'], 'B': ['idn_2'], 'I': ['n2']}, 'condition': 1, 'weight': 1.0, 'mse_increase': -1.6009580925298905e-08, 'mean_mse_increase': -2.342080441354125e-09, 'centered_mse_increase': -1.3667500483944783e-08}, {'effects': {'A': ['adn_2'], 'AB': ['adn_2', 'idn_2']}, 'condition': 1, 'weight': 1.0, 'mse_increase': -7.21657247984087e-17, 'mean_mse_increase': -7.05998512193305e-17, 'centered_mse_increase': -1.5657933425587776e-18}, {'effects': {'A': ['adn_2'], 'I': ['n2']}, 'condition': 1, 'weight': 1.0, 'mse_increase': 3.433589582214185e-05, 'mean_mse_increase': 3.17563397361884e-05, 'centered_mse_increase': 2.5795560859534598e-06}, {'effects': {'A': ['adn_2'], 'AB': ['adn_2', 'idn_2'], 'I': ['n2']}, 'condition': 1, 'weight': 1.0, 'mse_increase': 3.268554668783319e-05, 'mean_mse_increase': 3.0123662488858283e-05, 'centered_mse_increase': 2.561884198974893e-06}]",1,4.6088505801461546e-07,0.0006788851581929123,0.0005434115655817251,0.0016738876052889984,49.0,-4.943004444571833e-05,2.4433292939056896e-09,4.584417287207097e-07,0.0006770832509527242,-0.11348708471602476,-0.13564612368141565,nan,0.10921737265306122,4.1171714967634963e-07,0.006215908162792488,8.712355577955682e-05,4.6088505801461546e-07,0.0006788851581929123,0.0005434115655817251,0.0016738876052889984,-0.1194215698251011,-4.943004444571833e-05,0.006215908162792488,-0.00045258408296212454,0.0006770832509527242,-0.11348708471602476,0.009333999988191387,0.9272674995659115,0.0033476649999999997,0.0005516229668642569,0.16477842522004352,1.0,9.141989997399044e-07,"{'A': 'adn_2', 'I': 'n2', 'B': 'idn_2'}","{'A': ['parallel_a_ab_qss'], 'AB': ['parallel_a_ab_qss'], 'I': ['parallel_a_ab_qss']}",surface_parallel_qss,0.0,nan,nan,22.875732003183955,[],,
"cvd:parallel_a_ab_qss:AIB:full:bulk_as_surface:A=adn_2,I=n2,B=idn_2",5,"{'A': 'adn_2', 'I': 'n2', 'B': 'idn_2'}",{},deposition_rate,nm/s,condition_cv,inner_selection,"{'A': ['adn_2'], 'AB': ['adn_2', 'idn_2'], 'I': ['n2']}","[{'effects': {'A': ['adn_2'], 'B': ['idn_2'], 'I': ['n2']}, 'condition': 2, 'weight': 1.0, 'mse_increase': 1.2652741896884953e-10, 'mean_mse_increase': 1.2589768463811725e-10, 'centered_mse_increase': 6.297343307190521e-13}, {'effects': {'A': ['adn_2'], 'AB': ['adn_2', 'idn_2']}, 'condition': 2, 'weight': 1.0, 'mse_increase': 2.8578760614951065e-14, 'mean_mse_increase': 2.8640742462624635e-14, 'centered_mse_increase': -6.198190061312944e-17}, {'effects': {'A': ['adn_2'], 'I': ['n2']}, 'condition': 2, 'weight': 1.0, 'mse_increase': 0.00013508997210406453, 'mean_mse_increase': 0.00013307180116654282, 'centered_mse_increase': 2.018170937521784e-06}, {'effects': {'A': ['adn_2'], 'AB': ['adn_2', 'idn_2'], 'I': ['n2']}, 'condition': 2, 'weight': 1.0, 'mse_increase': 0.00011667283852555906, 'mean_mse_increase': 0.00011503271939570176, 'centered_mse_increase': 1.6401191298572658e-06}]",2,2.717160524573449e-07,0.0005212638990543513,0.0003995776400253277,0.0012308898426771353,49.0,-0.0002882394271077745,8.308196733941807e-08,1.8863408511792682e-07,0.0004343202563983481,-0.10044900115214306,-0.08587571487574613,nan,0.07686286373469386,1.7141556302966477e-07,0.006781739239557718,0.0027513065521508413,2.717160524573449e-07,0.0005212638990543513,0.0003995776400253277,0.0012308898426771353,-0.5851305893988303,-0.0002882394271077745,0.006781739239557718,-0.0037500479828943825,0.0004343202563983481,-0.10044900115214306,0.05245289841515759,0.9900622479442677,0.0019401760000000018,0.0003806260787490301,0.19618121178131764,1.0,9.811783613071343e-07,"{'A': 'adn_2', 'I': 'n2', 'B': 'idn_2'}","{'A': ['parallel_a_ab_qss'], 'AB': ['parallel_a_ab_qss'], 'I': ['parallel_a_ab_qss']}",surface_parallel_qss,0.0,nan,nan,13.57727142105184,[],,
"cvd:parallel_a_ab_qss:AIB:full:bulk_as_surface:A=adn_2,I=n2,B=idn_2",5,"{'A': 'adn_2', 'I': 'n2', 'B': 'idn_2'}",{},deposition_rate,nm/s,condition_cv,inner_selection,"{'A': ['adn_2'], 'AB': ['adn_2', 'idn_2'], 'I': ['n2']}","[{'effects': {'A': ['adn_2'], 'B': ['idn_2'], 'I': ['n2']}, 'condition': 4, 'weight': 1.0, 'mse_increase': -6.5402767724586574e-09, 'mean_mse_increase': 1.0417214920572425e-09, 'centered_mse_increase': -7.581998264515936e-09}, {'effects': {'A': ['adn_2'], 'AB': ['adn_2', 'idn_2']}, 'condition': 4, 'weight': 1.0, 'mse_increase': -1.6474778368725468e-10, 'mean_mse_increase': 3.1652035433873516e-10, 'centered_mse_increase': -4.812681380260128e-10}, {'effects': {'A': ['adn_2'], 'I': ['n2']}, 'condition': 4, 'weight': 1.0, 'mse_increase': 2.3304392222468797e-05, 'mean_mse_increase': 2.224379674778656e-05, 'centered_mse_increase': 1.0605954746822437e-06}, {'effects': {'A': ['adn_2'], 'AB': ['adn_2', 'idn_2'], 'I': ['n2']}, 'condition': 4, 'weight': 1.0, 'mse_increase': 1.9320582135933247e-05, 'mean_mse_increase': 1.8268482232146144e-05, 'centered_mse_increase': 1.052099903787112e-06}]",4,1.8570233766542067e-07,0.0004309319408739861,0.00035805024737078944,0.001189416746360042,49.0,3.345702292086085e-05,1.1193723827270082e-09,1.845829652826937e-07,0.0004296311968219879,-0.008886607693177284,0.11310210430959543,nan,0.07443086153061225,1.8295709733400396e-07,0.0057896943823060616,0.0031019972414936927,1.8570233766542067e-07,0.0004309319408739861,0.00035805024737078944,0.001189416746360042,-0.01500483103098782,3.345702292086085e-05,0.0057896943823060616,0.00044950471125610304,0.0004296311968219879,-0.008886607693177284,0.05569557649844099,0.992262725911706,0.0023843499999999934,0.0005323902341662773,0.22328527026916298,1.0,1.0040173052363457e-06,"{'A': 'adn_2', 'I': 'n2', 'B': 'idn_2'}","{'A': ['parallel_a_ab_qss'], 'AB': ['parallel_a_ab_qss'], 'I': ['parallel_a_ab_qss']}",surface_parallel_qss,0.0,nan,nan,17.78279410038923,[],,
"cvd:parallel_a_ab_qss:AIB:full:bulk_as_surface:A=adn_2,I=n2,B=idn_2",5,"{'A': 'adn_2', 'I': 'n2', 'B': 'idn_2'}",{},deposition_rate,nm/s,condition_cv,inner_selection,"{'A': ['adn_2'], 'AB': ['adn_2', 'idn_2'], 'I': ['n2']}","[{'effects': {'A': ['adn_2'], 'B': ['idn_2'], 'I': ['n2']}, 'condition': 5, 'weight': 1.0, 'mse_increase': 8.724439356719293e-20, 'mean_mse_increase': 1.0868031592036162e-17, 'centered_mse_increase': -1.0781035352652735e-17}, {'effects': {'A': ['adn_2'], 'AB': ['adn_2', 'idn_2']}, 'condition': 5, 'weight': 1.0, 'mse_increase': -9.234437894261108e-17, 'mean_mse_increase': -5.905534553208418e-17, 'centered_mse_increase': -3.328924186004126e-17}, {'effects': {'A': ['adn_2'], 'I': ['n2']}, 'condition': 5, 'weight': 1.0, 'mse_increase': 2.2212026183868194e-05, 'mean_mse_increase': 8.863102559766137e-06, 'centered_mse_increase': 1.3348923624102056e-05}, {'effects': {'A': ['adn_2'], 'AB': ['adn_2', 'idn_2'], 'I': ['n2']}, 'condition': 5, 'weight': 1.0, 'mse_increase': 0.001162903494687567, 'mean_mse_increase': 0.0011626806078357888, 'centered_mse_increase': 2.2288685177826135e-07}]",5,2.345940809093069e-06,0.0015316464373650563,0.00131146481531243,0.0029437128380126187,49.0,0.00012218233808452877,1.492852373980209e-08,2.331012285353267e-06,0.0015267653013326138,-0.17215988422419892,-0.24103207407690477,nan,0.20429415020408165,1.988647041010162e-06,0.007497260375957917,0.013798163113631348,2.345940809093069e-06,0.0015316464373650563,0.00131146481531243,0.0029437128380126187,-0.17966675871320748,0.00012218233808452877,0.007497260375957917,0.0005980706641011185,0.0015267653013326138,-0.17215988422419892,0.11746558267693286,0.9869608918420167,0.005754740000000008,0.0012805829244667555,0.22252663447293078,1.0,2.704655386078489e-07,"{'A': 'adn_2', 'I': 'n2', 'B': 'idn_2'}","{'A': ['parallel_a_ab_qss'], 'AB': ['parallel_a_ab_qss'], 'I': ['parallel_a_ab_qss']}",surface_parallel_qss,0.0,nan,nan,16.548170999431814,[],,
"cvd:langmuir_hinshelwood_qss:AB:full:bulk_as_surface:A=adn_2,B=idn_2",6,"{'A': 'adn_2', 'I': None, 'B': 'idn_2'}",{},deposition_rate,nm/s,condition_cv,inner_selection,"{'AB': ['adn_2', 'idn_2']}",[],1,4.452880148165357e-07,0.0006672990445194236,0.0005518475000960235,0.0013269411882690513,49.0,3.657624661491461e-05,1.3378218164350524e-09,4.439501930001007e-07,0.0006662958749685463,-0.07828928998728713,0.04834937080807857,nan,0.10921737265306122,4.1171714967634963e-07,0.006109825097506775,8.712355577955682e-05,4.452880148165357e-07,0.0006672990445194236,0.0005518475000960235,0.0013269411882690513,-0.08153866110890973,3.657624661491461e-05,0.006109825097506775,0.0003348940349545153,0.0006662958749685463,-0.07828928998728713,0.009333999988191387,0.928508780226737,0.0033476649999999997,0.0010666340185027795,0.3186202975813827,1.0,9.009526232142295e-07,"{'A': 'adn_2', 'I': None, 'B': 'idn_2'}",{'AB': ['langmuir_hinshelwood_qss']},surface_lh_qss,0.0,nan,nan,0.25945527214040154,[],,
"cvd:langmuir_hinshelwood_qss:AB:full:bulk_as_surface:A=adn_2,B=idn_2",6,"{'A': 'adn_2', 'I': None, 'B': 'idn_2'}",{},deposition_rate,nm/s,condition_cv,inner_selection,"{'AB': ['adn_2', 'idn_2']}",[],2,4.5102232185479894e-07,0.0006715819546822256,0.0005486230660260809,0.0014718587782370646,49.0,-0.0005107630361879172,2.6087887913589955e-07,1.9014344271889933e-07,0.0004360544033935437,-0.10925425532099187,-0.06831375718832362,nan,0.07686286373469386,1.7141556302966477e-07,0.008737404801886029,0.0027513065521508413,4.5102232185479894e-07,0.0006715819546822256,0.0005486230660260809,0.0014718587782370646,-1.6311632029394327,-0.0005107630361879172,0.008737404801886029,-0.006645121081500535,0.0004360544033935437,-0.10925425532099187,0.05245289841515759,0.9871964757911613,0.0019401760000000018,0.0004298302378550334,0.22154187963104016,1.0,9.784955184025739e-07,"{'A': 'adn_2', 'I': None, 'B': 'idn_2'}",{'AB': ['langmuir_hinshelwood_qss']},surface_lh_qss,0.0,nan,nan,0.24144182212566392,[],,
"cvd:langmuir_hinshelwood_qss:AB:full:bulk_as_surface:A=adn_2,B=idn_2",6,"{'A': 'adn_2', 'I': None, 'B': 'idn_2'}",{},deposition_rate,nm/s,condition_cv,inner_selection,"{'AB': ['adn_2', 'idn_2']}",[],4,1.8774058458690372e-07,0.00043329041598782645,0.0003703284891843404,0.0009829768719712,49.0,0.00010788657355895436,1.163951275429167e-08,1.7610107183261207e-07,0.00041964398224281983,0.03747340552127165,0.2438215137687097,nan,0.07443086153061225,1.8295709733400396e-07,0.005821381172776307,0.0031019972414936927,1.8774058458690372e-07,0.00043329041598782645,0.0003703284891843404,0.0009829768719712,-0.026145404155418328,0.00010788657355895436,0.005821381172776307,0.0014494870990386468,0.00041964398224281983,0.03747340552127165,0.05569557649844099,0.9922203800870981,0.0023843499999999934,0.0008674995578708267,0.36383062799959276,1.0,9.900387995977449e-07,"{'A': 'adn_2', 'I': None, 'B': 'idn_2'}",{'AB': ['langmuir_hinshelwood_qss']},surface_lh_qss,0.0,nan,nan,0.25482967479793467,[],,
"cvd:langmuir_hinshelwood_qss:AB:full:bulk_as_surface:A=adn_2,B=idn_2",6,"{'A': 'adn_2', 'I': None, 'B': 'idn_2'}",{},deposition_rate,nm/s,condition_cv,inner_selection,"{'AB': ['adn_2', 'idn_2']}",[],5,2.3455621791863195e-06,0.0015315228301224632,0.0012988318075623432,0.0029694795685152875,49.0,-6.632868365941068e-05,4.3994942759901734e-09,2.3411626849103295e-06,0.0015300858423337985,-0.17726405773902543,-0.27850002319748296,nan,0.20429415020408165,1.988647041010162e-06,0.007496655330524802,0.013798163113631348,2.3455621791863195e-06,0.0015315228301224632,0.0012988318075623432,0.0029694795685152875,-0.1794763629823708,-6.632868365941068e-05,0.007496655330524802,-0.00032467245681362385,0.0015300858423337985,-0.17726405773902543,0.11746558267693286,0.9869619441267777,0.005754740000000008,0.0012384490618475574,0.21520504173039193,1.0,2.698217078003682e-07,"{'A': 'adn_2', 'I': None, 'B': 'idn_2'}",{'AB': ['langmuir_hinshelwood_qss']},surface_lh_qss,0.0,nan,nan,0.26416483203860924,[],,
"cvd:langmuir_hinshelwood_qss:AIB:full:bulk_as_surface:A=adn_2,I=n2,B=idn_2",7,"{'A': 'adn_2', 'I': 'n2', 'B': 'idn_2'}",{},deposition_rate,nm/s,condition_cv,inner_selection,"{'AB': ['adn_2', 'idn_2'], 'I': ['n2']}","[{'effects': {'AB': ['adn_2', 'idn_2']}, 'condition': 1, 'weight': 1.0, 'mse_increase': 1.6633036976255406e-13, 'mean_mse_increase': 1.62652269314532e-13, 'centered_mse_increase': 3.678100495378147e-15}]",1,4.4528784848616596e-07,0.0006672989198898542,0.0005518469232382557,0.001326943579385939,49.0,3.657402307876094e-05,1.337659164165738e-09,4.439501893220002e-07,0.0006662958722084358,-0.07828928105372568,0.04834913661909821,nan,0.10921737265306122,4.1171714967634963e-07,0.006109823956391892,8.712355577955682e-05,4.4528784848616596e-07,0.0006672989198898542,0.0005518469232382557,0.001326943579385939,-0.08153825711706753,3.657402307876094e-05,0.006109823956391892,0.0003348736761407144,0.0006662958722084358,-0.07828928105372568,0.009333999988191387,0.9285087935789516,0.0033476649999999997,0.0010666329470825492,0.31861997753136867,1.0,9.009524743652598e-07,"{'A': 'adn_2', 'I': 'n2', 'B': 'idn_2'}","{'AB': ['langmuir_hinshelwood_qss'], 'I': ['langmuir_hinshelwood_qss']}",surface_lh_qss,0.0,nan,nan,0.25945527214040154,[],,
"cvd:langmuir_hinshelwood_qss:AIB:full:bulk_as_surface:A=adn_2,I=n2,B=idn_2",7,"{'A': 'adn_2', 'I': 'n2', 'B': 'idn_2'}",{},deposition_rate,nm/s,condition_cv,inner_selection,"{'AB': ['adn_2', 'idn_2'], 'I': ['n2']}","[{'effects': {'AB': ['adn_2', 'idn_2']}, 'condition': 2, 'weight': 1.0, 'mse_increase': 8.578347719718522e-15, 'mean_mse_increase': 8.609752207391804e-15, 'centered_mse_increase': -3.140443473372283e-17}]",2,4.510223132764512e-07,0.0006715819482955533,0.0005486230593336619,0.0014718587699569935,49.0,-0.0005107630277595936,2.6087887052614735e-07,1.9014344275030377e-07,0.00043605440342955345,-0.1092542555041982,-0.06831375722739744,nan,0.07686286373469386,1.7141556302966477e-07,0.008737404718794245,0.0027513065521508413,4.510223132764512e-07,0.0006715819482955533,0.0005486230593336619,0.0014718587699569935,-1.6311631528952732,-0.0005107630277595936,0.008737404718794245,-0.006645120971846495,0.00043605440342955345,-0.1092542555041982,0.05245289841515759,0.9871964759129215,0.0019401760000000018,0.00042983023831615064,0.2215418798687079,1.0,9.784955185047565e-07,"{'A': 'adn_2', 'I': 'n2', 'B': 'idn_2'}","{'AB': ['langmuir_hinshelwood_qss'], 'I': ['langmuir_hinshelwood_qss']}",surface_lh_qss,0.0,nan,nan,0.24144182212566392,[],,
"cvd:langmuir_hinshelwood_qss:AIB:full:bulk_as_surface:A=adn_2,I=n2,B=idn_2",7,"{'A': 'adn_2', 'I': 'n2', 'B': 'idn_2'}",{},deposition_rate,nm/s,condition_cv,inner_selection,"{'AB': ['adn_2', 'idn_2'], 'I': ['n2']}","[{'effects': {'AB': ['adn_2', 'idn_2']}, 'condition': 4, 'weight': 1.0, 'mse_increase': 1.6446344810749382e-15, 'mean_mse_increase': 1.6620830950905808e-15, 'centered_mse_increase': -1.7448587545862968e-17}]",4,1.8774058294226923e-07,0.00043329041408998335,0.00037032848656368844,0.0009829768668485894,49.0,0.00010788656585603499,1.1639511092208576e-08,1.7610107185006066e-07,0.00041964398226360957,0.03747340542590183,0.2438215130840993,nan,0.07443086153061225,1.8295709733400396e-07,0.0058213811472782396,0.0031019972414936927,1.8774058294226923e-07,0.00043329041408998335,0.00037032848656368844,0.0009829768668485894,-0.026145395166237373,0.00010788656585603499,0.0058213811472782396,0.0014494869955477129,0.00041964398226360957,0.03747340542590183,0.05569557649844099,0.9922203801211734,0.0023843499999999934,0.0008674995546362474,0.36383062664300536,1.0,9.900387984292009e-07,"{'A': 'adn_2', 'I': 'n2', 'B': 'idn_2'}","{'AB': ['langmuir_hinshelwood_qss'], 'I': ['langmuir_hinshelwood_qss']}",surface_lh_qss,0.0,nan,nan,0.25482967479793467,[],,
"cvd:langmuir_hinshelwood_qss:AIB:full:bulk_as_surface:A=adn_2,I=n2,B=idn_2",7,"{'A': 'adn_2', 'I': 'n2', 'B': 'idn_2'}",{},deposition_rate,nm/s,condition_cv,inner_selection,"{'AB': ['adn_2', 'idn_2'], 'I': ['n2']}","[{'effects': {'AB': ['adn_2', 'idn_2']}, 'condition': 5, 'weight': 1.0, 'mse_increase': -5.060673734311671e-08, 'mean_mse_increase': -6.81328814536368e-08, 'centered_mse_increase': 1.7526144110520237e-08}]",5,2.396168916529436e-06,0.0015479563677731475,0.0013652736763052778,0.0035401096028656043,49.0,0.0002693183538669932,7.253237572962698e-08,2.3236365407998092e-06,0.0015243479067456383,-0.16845095830554446,-0.1472354845612079,nan,0.20429415020408165,1.988647041010162e-06,0.007577095899352974,0.013798163113631348,2.396168916529436e-06,0.0015479563677731475,0.0013652736763052778,0.0035401096028656043,-0.20492418569776327,0.0002693183538669932,0.007577095899352974,0.0013182871540763895,0.0015243479067456383,-0.16845095830554446,0.11746558267693286,0.9868220432530393,0.005754740000000008,0.0016708020311864968,0.29033492932547683,1.0,2.760245382891835e-07,"{'A': 'adn_2', 'I': 'n2', 'B': 'idn_2'}","{'AB': ['langmuir_hinshelwood_qss'], 'I': ['langmuir_hinshelwood_qss']}",surface_lh_qss,0.0,nan,nan,0.23713737056616552,[],,
"cvd:parallel_a_ab_qss:AB:full:bulk_as_surface:A=idn_2,B=adn_2",8,"{'A': 'idn_2', 'I': None, 'B': 'adn_2'}",{},deposition_rate,nm/s,condition_cv,inner_selection,"{'A': ['idn_2'], 'AB': ['idn_2', 'adn_2']}","[{'effects': {'A': ['idn_2'], 'AB': ['idn_2', 'adn_2']}, 'condition': 1, 'weight': 1.0, 'mse_increase': 3.2701523785503615e-05, 'mean_mse_increase': 3.01259677903467e-05, 'centered_mse_increase': 2.5755559951569104e-06}, {'effects': {'A': ['idn_2']}, 'condition': 1, 'weight': 1.0, 'mse_increase': 0.0003905644776182722, 'mean_mse_increase': 0.00037891975186302797, 'centered_mse_increase': 1.1644725755244334e-05}]",1,4.4488993867859774e-07,0.0006670007036567486,0.000547946378038189,0.001389080082157837,49.0,1.0963926860652176e-05,1.202076922057303e-10,4.447697309863921e-07,0.0006669105869502989,-0.08027982641972797,0.019970147936503563,nan,0.10921737265306122,4.1171714967634963e-07,0.0061070934728995555,8.712355577955682e-05,4.4488993867859774e-07,0.0006670007036567486,0.000547946378038189,0.001389080082157837,-0.08057179310680929,1.0963926860652176e-05,0.0061070934728995555,0.00010038629015074436,0.0006669105869502989,-0.08027982641972797,0.009333999988191387,0.9285407430361492,0.0033476649999999997,0.000953680843588281,0.2848794140358372,1.0,8.976548306500857e-07,"{'A': 'idn_2', 'I': None, 'B': 'adn_2'}","{'A': ['parallel_a_ab_qss'], 'AB': ['parallel_a_ab_qss']}",surface_parallel_qss,0.0,nan,nan,1.4074646633398433,[],,
"cvd:parallel_a_ab_qss:AB:full:bulk_as_surface:A=idn_2,B=adn_2",8,"{'A': 'idn_2', 'I': None, 'B': 'adn_2'}",{},deposition_rate,nm/s,condition_cv,inner_selection,"{'A': ['idn_2'], 'AB': ['idn_2', 'adn_2']}","[{'effects': {'A': ['idn_2'], 'AB': ['idn_2', 'adn_2']}, 'condition': 2, 'weight': 1.0, 'mse_increase': 0.00011666541848607668, 'mean_mse_increase': 0.0001150258489225668, 'centered_mse_increase': 1.639569563509866e-06}, {'effects': {'A': ['idn_2']}, 'condition': 2, 'weight': 1.0, 'mse_increase': 0.0027510273582306765, 'mean_mse_increase': 0.0027510451261289564, 'centered_mse_increase': -1.7767898278915566e-08}]",2,2.791935858120008e-07,0.0005283877229951513,0.0004031171825836717,0.0012498480659099143,49.0,-0.00030001687370906333,9.001012451016005e-08,1.891834613018407e-07,0.00043495225174936236,-0.10365393875643059,-0.08281967824432784,nan,0.07686286373469386,1.7141556302966477e-07,0.0068744214998152755,0.0027513065521508413,2.791935858120008e-07,0.0005283877229951513,0.0004031171825836717,0.0012498480659099143,-0.6287528441258523,-0.00030001687370906333,0.0068744214998152755,-0.0039032747302341748,0.00043495225174936236,-0.10365393875643059,0.05245289841515759,0.9899264342112607,0.0019401760000000018,0.00038505746583900047,0.19846522472136555,1.0,9.9882492448118e-07,"{'A': 'idn_2', 'I': None, 'B': 'adn_2'}","{'A': ['parallel_a_ab_qss'], 'AB': ['parallel_a_ab_qss']}",surface_parallel_qss,0.0,nan,nan,1.5124725453106234,[],,
"cvd:parallel_a_ab_qss:AB:full:bulk_as_surface:A=idn_2,B=adn_2",8,"{'A': 'idn_2', 'I': None, 'B': 'adn_2'}",{},deposition_rate,nm/s,condition_cv,inner_selection,"{'A': ['idn_2'], 'AB': ['idn_2', 'adn_2']}","[{'effects': {'A': ['idn_2'], 'AB': ['idn_2', 'adn_2']}, 'condition': 4, 'weight': 1.0, 'mse_increase': 1.585597008342447e-05, 'mean_mse_increase': 1.4836341216590071e-05, 'centered_mse_increase': 1.0196288668344037e-06}, {'effects': {'A': ['idn_2']}, 'condition': 4, 'weight': 1.0, 'mse_increase': 0.004712564308307182, 'mean_mse_increase': 0.004698534140125582, 'centered_mse_increase': 1.4030168181600903e-05}]",4,3.650306763948696e-06,0.0019105775995621576,0.001852903880065602,0.003439583552021508,49.0,0.001852903880065602,3.4332527887621624e-06,2.170539751865342e-07,0.00046589051845528494,-0.18636542855882454,-0.2556755970677392,nan,0.07443086153061225,1.8295709733400396e-07,0.02566915873701619,0.0031019972414936927,3.650306763948696e-06,0.0019105775995621576,0.001852903880065602,0.003439583552021508,-18.951708991560718,0.001852903880065602,0.02566915873701619,0.024894295752623145,0.00046589051845528494,-0.18636542855882454,0.05569557649844099,0.9656960620631041,0.0023843499999999934,0.0004102854251628041,0.1720743285016064,1.0,1.0150994307844729e-06,"{'A': 'idn_2', 'I': None, 'B': 'adn_2'}","{'A': ['parallel_a_ab_qss'], 'AB': ['parallel_a_ab_qss']}",surface_parallel_qss,0.0,nan,nan,1.8434229924091106,[],,
"cvd:parallel_a_ab_qss:AB:full:bulk_as_surface:A=idn_2,B=adn_2",8,"{'A': 'idn_2', 'I': None, 'B': 'adn_2'}",{},deposition_rate,nm/s,condition_cv,inner_selection,"{'A': ['idn_2'], 'AB': ['idn_2', 'adn_2']}","[{'effects': {'A': ['idn_2'], 'AB': ['idn_2', 'adn_2']}, 'condition': 5, 'weight': 1.0, 'mse_increase': 0.0011629039765880757, 'mean_mse_increase': 0.0011626810764554633, 'centered_mse_increase': 2.2290013261239473e-07}, {'effects': {'A': ['idn_2']}, 'condition': 5, 'weight': 1.0, 'mse_increase': 0.013006929167110702, 'mean_mse_increase': 0.013005296089268042, 'centered_mse_increase': 1.633077842660587e-06}]",5,2.345461967847749e-06,0.0015314901135324867,0.0013108737647187455,0.0029418813909263264,49.0,0.00012026206747264109,1.4462964872794078e-08,2.330999002974955e-06,0.00152676095148355,-0.17215320512125176,-0.24101340018053885,nan,0.20429415020408165,1.988647041010162e-06,0.0074964951859981775,0.013798163113631348,2.345461967847749e-06,0.0015314901135324867,0.0013108737647187455,0.0029418813909263264,-0.1794259712655384,0.00012026206747264109,0.0074964951859981775,0.0005886711261800894,0.00152676095148355,-0.17215320512125176,0.11746558267693286,0.9869622226474237,0.005754740000000008,0.0012805771608635774,0.22252563293277813,1.0,2.7046697888214925e-07,"{'A': 'idn_2', 'I': None, 'B': 'adn_2'}","{'A': ['parallel_a_ab_qss'], 'AB': ['parallel_a_ab_qss']}",surface_parallel_qss,0.0,nan,nan,1.3823722273578996,[],,
"cvd:parallel_a_ab_qss:AIB:full:bulk_as_surface:A=idn_2,I=n2,B=adn_2",9,"{'A': 'idn_2', 'I': 'n2', 'B': 'adn_2'}",{},deposition_rate,nm/s,condition_cv,inner_selection,"{'A': ['idn_2'], 'AB': ['idn_2', 'adn_2'], 'I': ['n2']}","[{'effects': {'A': ['idn_2'], 'B': ['adn_2'], 'I': ['n2']}, 'condition': 1, 'weight': 1.0, 'mse_increase': 1.1364225090571265e-11, 'mean_mse_increase': 7.384236915703912e-12, 'centered_mse_increase': 3.9799881748226465e-12}, {'effects': {'A': ['idn_2'], 'AB': ['idn_2', 'adn_2']}, 'condition': 1, 'weight': 1.0, 'mse_increase': 1.1883673039051826e-11, 'mean_mse_increase': 7.898125507770535e-12, 'centered_mse_increase': 3.985547531364591e-12}, {'effects': {'A': ['idn_2'], 'AB': ['idn_2', 'adn_2'], 'I': ['n2']}, 'condition': 1, 'weight': 1.0, 'mse_increase': 3.270153566902346e-05, 'mean_mse_increase': 3.012597568832087e-05, 'centered_mse_increase': 2.575559980702592e-06}, {'effects': {'A': ['idn_2'], 'I': ['n2']}, 'condition': 1, 'weight': 1.0, 'mse_increase': 0.00039056448947100207, 'mean_mse_increase': 0.00037891975973035623, 'centered_mse_increase': 1.164472974064585e-05}]",1,4.448780550055587e-07,0.0006669917953060282,0.0005479694623610009,0.0013940008530537173,49.0,1.0597620803650211e-05,1.1230956669795976e-10,4.4476574543886074e-07,0.0006669075988762317,-0.08027014611485228,0.01838724427411385,nan,0.10921737265306122,4.1171714967634963e-07,0.006107011907572501,8.712355577955682e-05,4.448780550055587e-07,0.0006669917953060282,0.0005479694623610009,0.0013940008530537173,-0.08054292942442842,1.0597620803650211e-05,0.006107011907572501,9.703237265480194e-05,0.0006669075988762317,-0.08027014611485228,0.009333999988191387,0.9285416974341277,0.0033476649999999997,0.0009470418280771026,0.2828962360562071,1.0,8.976804649916421e-07,"{'A': 'idn_2', 'I': 'n2', 'B': 'adn_2'}","{'A': ['parallel_a_ab_qss'], 'AB': ['parallel_a_ab_qss'], 'I': ['parallel_a_ab_qss']}",surface_parallel_qss,0.0,nan,nan,1.4074646633398433,[],,
"cvd:parallel_a_ab_qss:AIB:full:bulk_as_surface:A=idn_2,I=n2,B=adn_2",9,"{'A': 'idn_2', 'I': 'n2', 'B': 'adn_2'}",{},deposition_rate,nm/s,condition_cv,inner_selection,"{'A': ['idn_2'], 'AB': ['idn_2', 'adn_2'], 'I': ['n2']}","[{'effects': {'A': ['idn_2'], 'B': ['adn_2'], 'I': ['n2']}, 'condition': 2, 'weight': 1.0, 'mse_increase': -5.186793609501733e-08, 'mean_mse_increase': -5.1152949146200575e-08, 'centered_mse_increase': -7.149869488167596e-10}, {'effects': {'A': ['idn_2'], 'AB': ['idn_2', 'adn_2']}, 'condition': 2, 'weight': 1.0, 'mse_increase': 4.036142698611079e-16, 'mean_mse_increase': 4.067903654806257e-16, 'centered_mse_increase': -3.176135324187211e-18}, {'effects': {'A': ['idn_2'], 'AB': ['idn_2', 'adn_2'], 'I': ['n2']}, 'condition': 2, 'weight': 1.0, 'mse_increase': 0.0001267066131820047, 'mean_mse_increase': 0.0001250157824340196, 'centered_mse_increase': 1.6908307479851485e-06}, {'effects': {'A': ['idn_2'], 'I': ['n2']}, 'condition': 2, 'weight': 1.0, 'mse_increase': 0.002757922577213104, 'mean_mse_increase': 0.0027490838021293758, 'centered_mse_increase': 8.838775083728926e-06}]",2,2.7919358540838654e-07,0.0005283877226132214,0.0004031171821790549,0.0012498480652558819,49.0,-0.0003000168730311175,9.001012410336969e-08,1.8918346130501684e-07,0.0004349522517530135,-0.10365393877495954,-0.08281967824017625,nan,0.07686286373469386,1.7141556302966477e-07,0.006874421494846296,0.0027513065521508413,2.7919358540838654e-07,0.0005283877226132214,0.0004031171821790549,0.0012498480652558819,-0.6287528417712569,-0.0003000168730311175,0.006874421494846296,-0.003903274721413975,0.0004349522517530135,-0.10365393877495954,0.05245289841515759,0.989926434218542,0.0019401760000000018,0.0003850574659239603,0.1984652247651553,1.0,9.988249244859242e-07,"{'A': 'idn_2', 'I': 'n2', 'B': 'adn_2'}","{'A': ['parallel_a_ab_qss'], 'AB': ['parallel_a_ab_qss'], 'I': ['parallel_a_ab_qss']}",surface_parallel_qss,0.0,nan,nan,1.5124725453106234,[],,
"cvd:parallel_a_ab_qss:AIB:full:bulk_as_surface:A=idn_2,I=n2,B=adn_2",9,"{'A': 'idn_2', 'I': 'n2', 'B': 'adn_2'}",{},deposition_rate,nm/s,condition_cv,inner_selection,"{'A': ['idn_2'], 'AB': ['idn_2', 'adn_2'], 'I': ['n2']}","[{'effects': {'A': ['idn_2'], 'B': ['adn_2'], 'I': ['n2']}, 'condition': 4, 'weight': 1.0, 'mse_increase': 6.8539752758571424e-12, 'mean_mse_increase': 2.931617256754645e-12, 'centered_mse_increase': 3.922358019134344e-12}, {'effects': {'A': ['idn_2'], 'AB': ['idn_2', 'adn_2']}, 'condition': 4, 'weight': 1.0, 'mse_increase': 3.4709235834412493e-06, 'mean_mse_increase': 3.430865566980569e-06, 'centered_mse_increase': 4.005801646068111e-08}, {'effects': {'A': ['idn_2'], 'AB': ['idn_2', 'adn_2'], 'I': ['n2']}, 'condition': 4, 'weight': 1.0, 'mse_increase': 1.932689366650259e-05, 'mean_mse_increase': 1.8267206783208476e-05, 'centered_mse_increase': 1.0596868832941148e-06}, {'effects': {'A': ['idn_2'], 'I': ['n2']}, 'condition': 4, 'weight': 1.0, 'mse_increase': 0.004716035231742684, 'mean_mse_increase': 0.004701965005544829, 'centered_mse_increase': 1.4070226197856684e-05}]",4,1.7938318050744675e-07,0.000423536516144059,0.000352712041222237,0.000964201400392467,49.0,4.885920365288058e-05,2.3872217815936586e-09,1.769959587258531e-07,0.00042070887645241466,0.03258216650250134,0.23026111033201555,nan,0.07443086153061225,1.8295709733400396e-07,0.005690334727213456,0.0031019972414936927,1.7938318050744675e-07,0.000423536516144059,0.000352712041222237,0.000964201400392467,0.019534179753807113,4.885920365288058e-05,0.005690334727213456,0.0006564374326472837,0.00042070887645241466,0.03258216650250134,0.05569557649844099,0.9923955088936746,0.0023843499999999934,0.0008209685310891363,0.34431544491754085,1.0,9.864347783066602e-07,"{'A': 'idn_2', 'I': 'n2', 'B': 'adn_2'}","{'A': ['parallel_a_ab_qss'], 'AB': ['parallel_a_ab_qss'], 'I': ['parallel_a_ab_qss']}",surface_parallel_qss,0.0,nan,nan,1.4330125702369627,[],,
"cvd:parallel_a_ab_qss:AIB:full:bulk_as_surface:A=idn_2,I=n2,B=adn_2",9,"{'A': 'idn_2', 'I': 'n2', 'B': 'adn_2'}",{},deposition_rate,nm/s,condition_cv,inner_selection,"{'A': ['idn_2'], 'AB': ['idn_2', 'adn_2'], 'I': ['n2']}","[{'effects': {'A': ['idn_2'], 'B': ['adn_2'], 'I': ['n2']}, 'condition': 5, 'weight': 1.0, 'mse_increase': -2.795213323252656e-05, 'mean_mse_increase': -2.770932611108919e-05, 'centered_mse_increase': -2.428071214373709e-07}, {'effects': {'A': ['idn_2'], 'AB': ['idn_2', 'adn_2']}, 'condition': 5, 'weight': 1.0, 'mse_increase': -2.7952612073481365e-05, 'mean_mse_increase': -2.7709791669734615e-05, 'centered_mse_increase': -2.428204037467553e-07}, {'effects': {'A': ['idn_2'], 'AB': ['idn_2', 'adn_2'], 'I': ['n2']}, 'condition': 5, 'weight': 1.0, 'mse_increase': 0.0011349513646924797, 'mean_mse_increase': 0.0011349712849638418, 'centered_mse_increase': -1.99202713620409e-08}, {'effects': {'A': ['idn_2'], 'I': ['n2']}, 'condition': 5, 'weight': 1.0, 'mse_increase': 0.012978976555073893, 'mean_mse_increase': 0.012977586297634838, 'centered_mse_increase': 1.3902574390532728e-06}]",5,3.0298074041329115e-05,0.005504368632398189,0.0052653826674428335,0.007747892720546629,49.0,0.0052653826674428335,2.772425463460741e-05,2.5738194067217103e-06,0.0016043127521533046,-0.2942565239803949,-0.3595743756627644,nan,0.20429415020408165,1.988647041010162e-06,0.02694334921924855,0.013798163113631348,3.0298074041329115e-05,0.005504368632398189,0.0052653826674428335,0.007747892720546629,-14.235521144033065,0.0052653826674428335,0.02694334921924855,0.025773536159419776,0.0016043127521533046,-0.2942565239803949,0.11746558267693286,0.9531405837611437,0.005754740000000008,0.0018178148391828075,0.31588131508683365,1.0,2.730149905571894e-07,"{'A': 'idn_2', 'I': 'n2', 'B': 'adn_2'}","{'A': ['parallel_a_ab_qss'], 'AB': ['parallel_a_ab_qss'], 'I': ['parallel_a_ab_qss']}",surface_parallel_qss,0.0,nan,nan,1.4330125702369627,[],,
"cvd:aib_qss:AIB:full:bulk_as_surface:A=n2,I=idn_2,B=adn_2",10,"{'A': 'n2', 'I': 'idn_2', 'B': 'adn_2'}",{},deposition_rate,nm/s,condition_cv,inner_selection,"{'A': ['n2'], 'B': ['adn_2'], 'I': ['idn_2']}","[{'effects': {'AB': ['adn_2', 'n2']}, 'condition': 1, 'weight': 1.0, 'mse_increase': -5.273644070264219e-16, 'mean_mse_increase': 5.333733381635827e-18, 'centered_mse_increase': -5.326990205282295e-16}, {'effects': {'A': ['n2'], 'B': ['adn_2'], 'I': ['idn_2']}, 'condition': 1, 'weight': 1.0, 'mse_increase': 3.171334550047046e-05, 'mean_mse_increase': 3.173275899922023e-05, 'centered_mse_increase': -1.94134987497722e-08}]",1,3.0834353690067854e-06,0.001755971346294348,0.0014979804923197356,0.003647562592052747,49.0,0.00016131973077007416,2.6024055535729214e-08,3.057411313471057e-06,0.001748545485102134,-6.42599941701356,0.17485371769161684,nan,0.10921737265306122,4.1171714967634963e-07,0.016077765868552328,8.712355577955682e-05,3.0834353690067854e-06,0.001755971346294348,0.0014979804923197356,0.003647562592052747,-6.489207994932129,0.00016131973077007416,0.016077765868552328,0.0014770519272837735,0.001748545485102134,-6.42599941701356,0.009333999988191387,0.8118736502554255,0.0033476649999999997,0.00787554794738242,2.352549597221472,1.0,5.355932032366519e-06,"{'A': 'n2', 'I': 'idn_2', 'B': 'adn_2'}","{'A': ['aib_qss'], 'B': ['aib_qss'], 'I': ['aib_qss']}",surface_qss,0.0,nan,nan,1.4330125702369627,['inhibition_ratio'],,
"cvd:aib_qss:AIB:full:bulk_as_surface:A=n2,I=idn_2,B=adn_2",10,"{'A': 'n2', 'I': 'idn_2', 'B': 'adn_2'}",{},deposition_rate,nm/s,condition_cv,inner_selection,"{'A': ['n2'], 'B': ['adn_2'], 'I': ['idn_2']}","[{'effects': {'AB': ['adn_2', 'n2']}, 'condition': 2, 'weight': 1.0, 'mse_increase': 6.209715357292372e-06, 'mean_mse_increase': 6.227984856781305e-06, 'centered_mse_increase': -1.826949948895771e-08}, {'effects': {'A': ['n2'], 'B': ['adn_2'], 'I': ['idn_2']}, 'condition': 2, 'weight': 1.0, 'mse_increase': 8.072934431851668e-05, 'mean_mse_increase': 8.009833739012768e-05, 'centered_mse_increase': 6.31006928388989e-07}]",2,3.5025349604192666e-05,0.005918221827896675,0.0057904457375314,0.008596791169814044,49.0,-0.0057904457375314,3.3529261839295556e-05,1.4960877648971138e-06,0.001223146665325591,-7.72784091744461,-0.015266541010418749,nan,0.07686286373469386,1.7141556302966477e-07,0.07699715493719428,0.0027513065521508413,3.5025349604192666e-05,0.005918221827896675,0.0057904457375314,0.008596791169814044,-203.33004439702628,-0.0057904457375314,0.07699715493719428,-0.0753347644906671,0.001223146665325591,-7.72784091744461,0.05245289841515759,0.8871707378102397,0.0019401760000000018,0.00518262096354162,2.6712117681806267,1.0,5.828441042455454e-06,"{'A': 'n2', 'I': 'idn_2', 'B': 'adn_2'}","{'A': ['aib_qss'], 'B': ['aib_qss'], 'I': ['aib_qss']}",surface_qss,0.0,nan,nan,25.945527214040155,['inhibition_ratio'],,
"cvd:aib_qss:AIB:full:bulk_as_surface:A=n2,I=idn_2,B=adn_2",10,"{'A': 'n2', 'I': 'idn_2', 'B': 'adn_2'}",{},deposition_rate,nm/s,condition_cv,inner_selection,"{'A': ['n2'], 'B': ['adn_2'], 'I': ['idn_2']}","[{'effects': {'AB': ['adn_2', 'n2']}, 'condition': 4, 'weight': 1.0, 'mse_increase': -2.555000770009712e-16, 'mean_mse_increase': -1.2613802892274227e-17, 'centered_mse_increase': -2.428860623504602e-16}, {'effects': {'A': ['n2'], 'B': ['adn_2'], 'I': ['idn_2']}, 'condition': 4, 'weight': 1.0, 'mse_increase': 2.0215260177313964e-05, 'mean_mse_increase': 2.030134797310058e-05, 'centered_mse_increase': -8.608779578661916e-08}]",4,1.4017938156146412e-06,0.0011839737394109047,0.0010222692075755452,0.0023083666426404192,49.0,0.00026072867372721123,6.797944130355056e-08,1.3338143743110905e-06,0.0011549088164487665,-6.290312284940208,0.3106693994299996,nan,0.07443086153061225,1.8295709733400396e-07,0.015907027207040386,0.0031019972414936927,1.4017938156146412e-06,0.0011839737394109047,0.0010222692075755452,0.0023083666426404192,-6.661871750487743,0.00026072867372721123,0.015907027207040386,0.0035029646085713733,0.0011549088164487665,-6.290312284940208,0.05569557649844099,0.9787420507363983,0.0023843499999999934,0.005489560255620765,2.3023298826182317,1.0,5.924920128412624e-06,"{'A': 'n2', 'I': 'idn_2', 'B': 'adn_2'}","{'A': ['aib_qss'], 'B': ['aib_qss'], 'I': ['aib_qss']}",surface_qss,0.0,nan,nan,1.4590242156305606,['inhibition_ratio'],,
"cvd:aib_qss:AIB:full:bulk_as_surface:A=n2,I=idn_2,B=adn_2",10,"{'A': 'n2', 'I': 'idn_2', 'B': 'adn_2'}",{},deposition_rate,nm/s,condition_cv,inner_selection,"{'A': ['n2'], 'B': ['adn_2'], 'I': ['idn_2']}","[{'effects': {'AB': ['adn_2', 'n2']}, 'condition': 5, 'weight': 1.0, 'mse_increase': -5.546422560597994e-15, 'mean_mse_increase': -3.631141306419724e-15, 'centered_mse_increase': -1.9152837952771118e-15}, {'effects': {'A': ['n2'], 'B': ['adn_2'], 'I': ['idn_2']}, 'condition': 5, 'weight': 1.0, 'mse_increase': 0.0011251299466687305, 'mean_mse_increase': 0.0011309871278629671, 'centered_mse_increase': -5.857181194237113e-06}]",5,1.836435804239758e-05,0.004285365566949637,0.003281890532032801,0.009796977620510267,49.0,-0.002443635278188581,5.971353372807784e-06,1.2393004669589796e-05,0.0035203699620337914,-5.231877459408076,-0.18702454005638006,nan,0.20429415020408165,1.988647041010162e-06,0.02097644774786125,0.013798163113631348,1.836435804239758e-05,0.004285365566949637,0.003281890532032801,0.009796977620510267,-8.234599033254858,-0.002443635278188581,0.02097644774786125,-0.011961357071396747,0.0035203699620337914,-5.231877459408076,0.11746558267693286,0.9635181176537835,0.005754740000000008,0.013425101114948407,2.3328770917449595,1.0,2.0169266460174226e-06,"{'A': 'n2', 'I': 'idn_2', 'B': 'adn_2'}","{'A': ['aib_qss'], 'B': ['aib_qss'], 'I': ['aib_qss']}",surface_qss,0.0,nan,nan,1.357727142105184,['inhibition_ratio'],,
"cvd:parallel_a_ab_qss:AB:full:bulk_as_surface:A=n2,B=adn_2",11,"{'A': 'n2', 'I': None, 'B': 'adn_2'}",{},deposition_rate,nm/s,condition_cv,inner_selection,"{'A': ['n2'], 'AB': ['n2', 'adn_2']}","[{'effects': {'A': ['n2'], 'AB': ['n2', 'adn_2']}, 'condition': 1, 'weight': 1.0, 'mse_increase': 3.17000009073855e-05, 'mean_mse_increase': 3.171944119227721e-05, 'centered_mse_increase': -1.9440284891710327e-08}, {'effects': {'A': ['n2']}, 'condition': 1, 'weight': 1.0, 'mse_increase': 0.00037908832767977413, 'mean_mse_increase': 0.0003817643061813309, 'centered_mse_increase': -2.675978501556853e-06}]",1,3.0834695248290307e-06,0.001755981071888029,0.00149800041864487,0.003647365585086909,49.0,0.00016149422521605935,2.60803847781353e-08,3.057389140050896e-06,0.0017485391445577923,-6.425945561058862,0.17485376279564985,nan,0.10921737265306122,4.1171714967634963e-07,0.016077854916598848,8.712355577955682e-05,3.0834695248290307e-06,0.001755981071888029,0.00149800041864487,0.003647365585086909,-6.48929095436744,0.00016149422521605935,0.016077854916598848,0.0014786496075954898,0.0017485391445577923,-6.425945561058862,0.009333999988191387,0.811872608301955,0.0033476649999999997,0.007875517499875667,2.352540502074033,1.0,5.355956863341588e-06,"{'A': 'n2', 'I': None, 'B': 'adn_2'}","{'A': ['parallel_a_ab_qss'], 'AB': ['parallel_a_ab_qss']}",surface_parallel_qss,0.0,nan,nan,1.4330125702369627,[],,
"cvd:parallel_a_ab_qss:AB:full:bulk_as_surface:A=n2,B=adn_2",11,"{'A': 'n2', 'I': None, 'B': 'adn_2'}",{},deposition_rate,nm/s,condition_cv,inner_selection,"{'A': ['n2'], 'AB': ['n2', 'adn_2']}","[{'effects': {'A': ['n2'], 'AB': ['n2', 'adn_2']}, 'condition': 2, 'weight': 1.0, 'mse_increase': 7.633119614211142e-05, 'mean_mse_increase': 7.567807963442234e-05, 'centered_mse_increase': 6.531165076890706e-07}, {'effects': {'A': ['n2']}, 'condition': 2, 'weight': 1.0, 'mse_increase': 0.002711883074388988, 'mean_mse_increase': 0.002713185636573157, 'centered_mse_increase': -1.3025621841686018e-06}]",2,3.942347742389956e-05,0.006278811784398347,0.006160316524067922,0.008935302640296641,49.0,-0.006160316524067922,3.794949967670428e-05,1.4739777471952882e-06,0.0012140748523856708,-7.598856026510294,-0.014967855323814701,nan,0.07686286373469386,1.7141556302966477e-07,0.08168849662004277,0.0027513065521508413,3.942347742389956e-05,0.006278811784398347,0.006160316524067922,0.008935302640296641,-228.98773697740052,-0.006160316524067922,0.08168849662004277,-0.0801468514799471,0.0012140748523856708,-7.598856026510294,0.05245289841515759,0.8802961900274338,0.0019401760000000018,0.005139957485281482,2.649222279464068,1.0,5.847632619710862e-06,"{'A': 'n2', 'I': None, 'B': 'adn_2'}","{'A': ['parallel_a_ab_qss'], 'AB': ['parallel_a_ab_qss']}",surface_parallel_qss,0.0,nan,nan,100.0,[],,
"cvd:parallel_a_ab_qss:AB:full:bulk_as_surface:A=n2,B=adn_2",11,"{'A': 'n2', 'I': None, 'B': 'adn_2'}",{},deposition_rate,nm/s,condition_cv,inner_selection,"{'A': ['n2'], 'AB': ['n2', 'adn_2']}","[{'effects': {'A': ['n2'], 'AB': ['n2', 'adn_2']}, 'condition': 4, 'weight': 1.0, 'mse_increase': 2.023270332423124e-05, 'mean_mse_increase': 2.0318220990926202e-05, 'centered_mse_increase': -8.551766669495114e-08}, {'effects': {'A': ['n2']}, 'condition': 4, 'weight': 1.0, 'mse_increase': 0.004745154187488459, 'mean_mse_increase': 0.004746326984088098, 'centered_mse_increase': -1.1727965996393147e-06}]",4,1.384332946536709e-06,0.0011765767916021074,0.0010116581638560526,0.0023418624795875226,49.0,0.0002260282277486867,5.108875973921218e-08,1.333244186797497e-06,0.0011546619361516585,-6.287195775540452,0.31061113160423826,nan,0.07443086153061225,1.8295709733400396e-07,0.015807647088945755,0.0031019972414936927,1.384332946536709e-06,0.0011765767916021074,0.0010116581638560526,0.0023418624795875226,-6.56643479104552,0.0002260282277486867,0.015807647088945755,0.003036754151444624,0.0011546619361516585,-6.287195775540452,0.05569557649844099,0.9788748610648631,0.0023843499999999934,0.0054881011898515325,2.3017179482255323,1.0,5.925553153350936e-06,"{'A': 'n2', 'I': None, 'B': 'adn_2'}","{'A': ['parallel_a_ab_qss'], 'AB': ['parallel_a_ab_qss']}",surface_parallel_qss,0.0,nan,nan,1.4330125702369627,[],,
"cvd:parallel_a_ab_qss:AB:full:bulk_as_surface:A=n2,B=adn_2",11,"{'A': 'n2', 'I': None, 'B': 'adn_2'}",{},deposition_rate,nm/s,condition_cv,inner_selection,"{'A': ['n2'], 'AB': ['n2', 'adn_2']}","[{'effects': {'A': ['n2'], 'AB': ['n2', 'adn_2']}, 'condition': 5, 'weight': 1.0, 'mse_increase': 0.001125124748625165, 'mean_mse_increase': 0.0011309817344820853, 'centered_mse_increase': -5.856985856920579e-06}, {'effects': {'A': ['n2']}, 'condition': 5, 'weight': 1.0, 'mse_increase': 0.012990388080941394, 'mean_mse_increase': 0.013000846129288276, 'centered_mse_increase': -1.045804834687604e-05}]",5,1.8369558891854278e-05,0.004285972339137792,0.0032822114433244047,0.009798011773262727,49.0,-0.002444739160765765,5.976749564181697e-06,1.2392809327672584e-05,0.0035203422174090665,-5.231779230857114,-0.18702449574817112,nan,0.20429415020408165,1.988647041010162e-06,0.02097941783872068,0.013798163113631348,1.8369558891854278e-05,0.004285972339137792,0.0032822114433244047,0.009798011773262727,-8.237214303511193,-0.002444739160765765,0.02097941783872068,-0.011966760469272216,0.0035203422174090665,-5.231779230857114,0.11746558267693286,0.9635129521221075,0.005754740000000008,0.013424965319789456,2.3328534946477926,1.0,2.016931553626432e-06,"{'A': 'n2', 'I': None, 'B': 'adn_2'}","{'A': ['parallel_a_ab_qss'], 'AB': ['parallel_a_ab_qss']}",surface_parallel_qss,0.0,nan,nan,1.357727142105184,[],,
"cvd:langmuir_hinshelwood_qss:AB:full:bulk_as_surface:A=adn_2,B=n2",12,"{'A': 'adn_2', 'I': None, 'B': 'n2'}",{},deposition_rate,nm/s,condition_cv,inner_selection,"{'AB': ['adn_2', 'n2']}",[],1,3.1133503908817214e-06,0.0017644688693433277,0.0015111601216964011,0.0035747642226788,49.0,0.00023471090178667475,5.508920741751408e-08,3.0582611834642083e-06,0.0017487884902023481,-6.428063625399874,0.17479907680363785,nan,0.10921737265306122,4.1171714967634963e-07,0.016155569635870306,8.712355577955682e-05,3.1133503908817214e-06,0.0017644688693433277,0.0015111601216964011,0.0035747642226788,-6.561867154013679,0.00023471090178667475,0.016155569635870306,0.0021490253435436043,0.0017487884902023481,-6.428063625399874,0.009333999988191387,0.810963266383588,0.0033476649999999997,0.007876477967112619,2.3528274086901226,1.0,5.351862148045087e-06,"{'A': 'adn_2', 'I': None, 'B': 'n2'}",{'AB': ['langmuir_hinshelwood_qss']},surface_lh_qss,0.0,nan,nan,0.25482967479793467,[],,
"cvd:langmuir_hinshelwood_qss:AB:full:bulk_as_surface:A=adn_2,B=n2",12,"{'A': 'adn_2', 'I': None, 'B': 'n2'}",{},deposition_rate,nm/s,condition_cv,inner_selection,"{'AB': ['adn_2', 'n2']}",[],2,4.128545574195774e-05,0.00642537592222881,0.006309270203812901,0.009091514866125389,49.0,-0.006309270203812901,3.9806890504721284e-05,1.4785652372364494e-06,0.0012159626792120099,-7.625618415876115,-0.014890705355110733,nan,0.07686286373469386,1.7141556302966477e-07,0.0835953230211037,0.0027513065521508413,4.128545574195774e-05,0.00642537592222881,0.006309270203812901,0.009091514866125389,-239.8501014275639,-0.006309270203812901,0.0835953230211037,-0.082084766260993,0.0012159626792120099,-7.625618415876115,0.05245289841515759,0.8775019852788147,0.0019401760000000018,0.005149430042580713,2.6541045980265237,1.0,5.826088655172864e-06,"{'A': 'adn_2', 'I': None, 'B': 'n2'}",{'AB': ['langmuir_hinshelwood_qss']},surface_lh_qss,0.0,nan,nan,0.01778279410038923,['adsorption_ratio_B'],,
"cvd:langmuir_hinshelwood_qss:AB:full:bulk_as_surface:A=adn_2,B=n2",12,"{'A': 'adn_2', 'I': None, 'B': 'n2'}",{},deposition_rate,nm/s,condition_cv,inner_selection,"{'AB': ['adn_2', 'n2']}",[],4,1.385280712305933e-06,0.001176979486782133,0.0010120162881884704,0.0023427576828229796,49.0,0.00022623461909014597,5.118210287486344e-08,1.3340986094310697e-06,0.0011550318651150147,-6.291865846535363,0.31056734123822977,nan,0.07443086153061225,1.8295709733400396e-07,0.015813057414336924,0.0031019972414936927,1.385280712305933e-06,0.001176979486782133,0.0010120162881884704,0.0023427576828229796,-6.571615053429623,0.00022623461909014597,0.015813057414336924,0.003039527078389375,0.0011550318651150147,-6.291865846535363,0.05569557649844099,0.9788676307746796,0.0023843499999999934,0.005489701764261182,2.3023892315562717,1.0,5.922807933631162e-06,"{'A': 'adn_2', 'I': None, 'B': 'n2'}",{'AB': ['langmuir_hinshelwood_qss']},surface_lh_qss,0.0,nan,nan,0.25482967479793467,[],,
"cvd:langmuir_hinshelwood_qss:AB:full:bulk_as_surface:A=adn_2,B=n2",12,"{'A': 'adn_2', 'I': None, 'B': 'n2'}",{},deposition_rate,nm/s,condition_cv,inner_selection,"{'AB': ['adn_2', 'n2']}",[],5,1.8091446067518673e-05,0.0042534040564609745,0.003264530243282158,0.009738385481838585,49.0,-0.0023885760443525614,5.70529551965493e-06,1.2386150547863746e-05,0.003519396332876385,-5.228430833845719,-0.18725036947799495,nan,0.20429415020408165,1.988647041010162e-06,0.020819999261907376,0.013798163113631348,1.8091446067518673e-05,0.0042534040564609745,0.003264530243282158,0.009738385481838585,-8.09736403415704,-0.0023885760443525614,0.020819999261907376,-0.011691847475644652,0.003519396332876385,-5.228430833845719,0.11746558267693286,0.9637902102085582,0.005754740000000008,0.013418188313331636,2.331675855613219,1.0,2.0184404857457026e-06,"{'A': 'adn_2', 'I': None, 'B': 'n2'}",{'AB': ['langmuir_hinshelwood_qss']},surface_lh_qss,0.0,nan,nan,0.2689598785575043,[],,
"cvd:parallel_a_ab_qss:AIB:full:bulk_as_surface:A=adn_2,I=idn_2,B=n2",13,"{'A': 'adn_2', 'I': 'idn_2', 'B': 'n2'}",{},deposition_rate,nm/s,condition_cv,inner_selection,"{'A': ['adn_2'], 'AB': ['adn_2', 'n2'], 'I': ['idn_2']}","[{'effects': {'A': ['adn_2'], 'AB': ['adn_2', 'n2']}, 'condition': 1, 'weight': 1.0, 'mse_increase': -6.57633839149397e-16, 'mean_mse_increase': 2.005342528603451e-16, 'centered_mse_increase': -8.581676188624317e-16}, {'effects': {'A': ['adn_2'], 'B': ['n2'], 'I': ['idn_2']}, 'condition': 1, 'weight': 1.0, 'mse_increase': 3.4066697817624833e-09, 'mean_mse_increase': 3.262974063623989e-09, 'centered_mse_increase': 1.4369571813868293e-10}, {'effects': {'A': ['adn_2'], 'I': ['idn_2']}, 'condition': 1, 'weight': 1.0, 'mse_increase': 3.1716752181569464e-05, 'mean_mse_increase': 3.17360219841292e-05, 'centered_mse_increase': -1.926980255974384e-08}, {'effects': {'A': ['adn_2'], 'AB': ['adn_2', 'n2'], 'I': ['idn_2']}, 'condition': 1, 'weight': 1.0, 'mse_increase': 3.1716752175663394e-05, 'mean_mse_increase': 3.173602197819172e-05, 'centered_mse_increase': -1.926980252833755e-08}]",1,3.080028699338631e-06,0.0017550010539423135,0.0014963289238097341,0.003660559974155028,49.0,0.00015086776083940293,2.276108126069528e-08,3.0572676180779355e-06,0.0017485043946407271,-6.425650402178413,0.17522445922243574,nan,0.10921737265306122,4.1171714967634963e-07,0.016068881820818302,8.712355577955682e-05,3.080028699338631e-06,0.0017550010539423135,0.0014963289238097341,0.003660559974155028,-6.480933698680849,0.00015086776083940293,0.016068881820818302,0.001381353141671407,0.0017485043946407271,-6.425650402178413,0.009333999988191387,0.8119776027252413,0.0033476649999999997,0.007877624782215431,2.3531699803341826,1.0,5.362625826510708e-06,"{'A': 'adn_2', 'I': 'idn_2', 'B': 'n2'}","{'A': ['parallel_a_ab_qss'], 'AB': ['parallel_a_ab_qss'], 'I': ['parallel_a_ab_qss']}",surface_parallel_qss,0.0,nan,nan,22.0673406908459,['inhibition_ratio'],,
"cvd:parallel_a_ab_qss:AIB:full:bulk_as_surface:A=adn_2,I=idn_2,B=n2",13,"{'A': 'adn_2', 'I': 'idn_2', 'B': 'n2'}",{},deposition_rate,nm/s,condition_cv,inner_selection,"{'A': ['adn_2'], 'AB': ['adn_2', 'n2'], 'I': ['idn_2']}","[{'effects': {'A': ['adn_2'], 'AB': ['adn_2', 'n2']}, 'condition': 2, 'weight': 1.0, 'mse_increase': 2.0644475818106705e-09, 'mean_mse_increase': 2.070907132071891e-09, 'centered_mse_increase': -6.459550277949496e-12}, {'effects': {'A': ['adn_2'], 'B': ['n2'], 'I': ['idn_2']}, 'condition': 2, 'weight': 1.0, 'mse_increase': 5.044183826388032e-09, 'mean_mse_increase': 5.060005268261937e-09, 'centered_mse_increase': -1.5821441870728778e-11}, {'effects': {'A': ['adn_2'], 'I': ['idn_2']}, 'condition': 2, 'weight': 1.0, 'mse_increase': 9.41316673933164e-05, 'mean_mse_increase': 9.340269645740722e-05, 'centered_mse_increase': 7.28970935909162e-07}, {'effects': {'A': ['adn_2'], 'AB': ['adn_2', 'n2'], 'I': ['idn_2']}, 'condition': 2, 'weight': 1.0, 'mse_increase': 7.45245430917509e-05, 'mean_mse_increase': 7.387528249675524e-05, 'centered_mse_increase': 6.492605949956682e-07}]",2,4.123002076404991e-05,0.006421060719542364,0.006304933518827701,0.00908613670947038,49.0,-0.006304933518827701,3.9752186676837056e-05,1.4778340872128631e-06,0.0012156619954629096,-7.621353050406006,-0.014884744685625192,nan,0.07686286373469386,1.7141556302966477e-07,0.08353918144015322,0.0027513065521508413,4.123002076404991e-05,0.006421060719542364,0.006304933518827701,0.00908613670947038,-239.52670618311788,-0.006304933518827701,0.08353918144015322,-0.08202834519138298,0.0012156619954629096,-7.621353050406006,0.05245289841515759,0.8775842534244621,0.0019401760000000018,0.005148012163172719,2.6533737986516246,1.0,5.8300242556121936e-06,"{'A': 'adn_2', 'I': 'idn_2', 'B': 'n2'}","{'A': ['parallel_a_ab_qss'], 'AB': ['parallel_a_ab_qss'], 'I': ['parallel_a_ab_qss']}",surface_parallel_qss,0.0,nan,nan,27.384196342643612,['inhibition_ratio'],,
"cvd:parallel_a_ab_qss:AIB:full:bulk_as_surface:A=adn_2,I=idn_2,B=n2",13,"{'A': 'adn_2', 'I': 'idn_2', 'B': 'n2'}",{},deposition_rate,nm/s,condition_cv,inner_selection,"{'A': ['adn_2'], 'AB': ['adn_2', 'n2'], 'I': ['idn_2']}","[{'effects': {'A': ['adn_2'], 'AB': ['adn_2', 'n2']}, 'condition': 4, 'weight': 1.0, 'mse_increase': -1.3570823067729498e-16, 'mean_mse_increase': 2.5010655500466006e-16, 'centered_mse_increase': -3.8581461362838763e-16}, {'effects': {'A': ['adn_2'], 'B': ['n2'], 'I': ['idn_2']}, 'condition': 4, 'weight': 1.0, 'mse_increase': 1.9007058012979435e-08, 'mean_mse_increase': 1.845949864763159e-08, 'centered_mse_increase': 5.47559365347837e-10}, {'effects': {'A': ['adn_2'], 'I': ['idn_2']}, 'condition': 4, 'weight': 1.0, 'mse_increase': 2.210730780296257e-05, 'mean_mse_increase': 2.2195396177721516e-05, 'centered_mse_increase': -8.808837475894684e-08}, {'effects': {'A': ['adn_2'], 'AB': ['adn_2', 'n2'], 'I': ['idn_2']}, 'condition': 4, 'weight': 1.0, 'mse_increase': 2.0234267238853743e-05, 'mean_mse_increase': 2.0319807475062214e-05, 'centered_mse_increase': -8.554023620846806e-08}]",4,1.3827867574344039e-06,0.001175919536972834,0.0010106539043674885,0.002347691453191178,49.0,0.0002225307671892792,4.951994234584918e-08,1.3332668150885546e-06,0.0011546717347751068,-6.287319456399994,0.3110548986039093,nan,0.07443086153061225,1.8295709733400396e-07,0.0157988166842486,0.0031019972414936927,1.3827867574344039e-06,0.001175919536972834,0.0010106539043674885,0.002347691453191178,-6.557983688984787,0.0002225307671892792,0.0157988166842486,0.0029897647644150376,0.0011546717347751068,-6.287319456399994,0.05569557649844099,0.9788866619056228,0.0023843499999999934,0.00549008998951403,2.3025520538151047,1.0,5.9312715034091905e-06,"{'A': 'adn_2', 'I': 'idn_2', 'B': 'n2'}","{'A': ['parallel_a_ab_qss'], 'AB': ['parallel_a_ab_qss'], 'I': ['parallel_a_ab_qss']}",surface_parallel_qss,0.0,nan,nan,17.78279410038923,['inhibition_ratio'],,
"cvd:parallel_a_ab_qss:AIB:full:bulk_as_surface:A=adn_2,I=idn_2,B=n2",13,"{'A': 'adn_2', 'I': 'idn_2', 'B': 'n2'}",{},deposition_rate,nm/s,condition_cv,inner_selection,"{'A': ['adn_2'], 'AB': ['adn_2', 'n2'], 'I': ['idn_2']}","[{'effects': {'A': ['adn_2'], 'AB': ['adn_2', 'n2']}, 'condition': 5, 'weight': 1.0, 'mse_increase': -1.6213362575255574e-15, 'mean_mse_increase': 1.6942556298887856e-15, 'centered_mse_increase': -3.315595275546132e-15}, {'effects': {'A': ['adn_2'], 'B': ['n2'], 'I': ['idn_2']}, 'condition': 5, 'weight': 1.0, 'mse_increase': -1.9331663548595446e-16, 'mean_mse_increase': -1.8129893203031044e-16, 'centered_mse_increase': -1.2019397521538522e-17}, {'effects': {'A': ['adn_2'], 'I': ['idn_2']}, 'condition': 5, 'weight': 1.0, 'mse_increase': 6.193608957641874e-06, 'mean_mse_increase': 2.9066777153413655e-06, 'centered_mse_increase': 3.286931242300509e-06}, {'effects': {'A': ['adn_2'], 'AB': ['adn_2', 'n2'], 'I': ['idn_2']}, 'condition': 5, 'weight': 1.0, 'mse_increase': 0.0011251299463419383, 'mean_mse_increase': 0.0011309871275360871, 'centered_mse_increase': -5.857181194148678e-06}]",5,1.8364358038666077e-05,0.004285365566514259,0.003281890531831277,0.009796977619976693,49.0,-0.0024436352771360845,5.9713533676639485e-06,1.2393004671002129e-05,0.0035203699622343857,-5.231877460118274,-0.1870245400554478,nan,0.20429415020408165,1.988647041010162e-06,0.020976447745730122,0.013798163113631348,1.8364358038666077e-05,0.004285365566514259,0.003281890531831277,0.009796977619976693,-8.234599031378457,-0.0024436352771360845,0.020976447745730122,-0.011961357066244878,0.0035203699622343857,-5.231877460118274,0.11746558267693286,0.9635181176574898,0.005754740000000008,0.013425101115923682,2.332877091914433,1.0,2.0169266462262205e-06,"{'A': 'adn_2', 'I': 'idn_2', 'B': 'n2'}","{'A': ['parallel_a_ab_qss'], 'AB': ['parallel_a_ab_qss'], 'I': ['parallel_a_ab_qss']}",surface_parallel_qss,0.0,nan,nan,13.097472643005897,[],,
"cvd:parallel_a_ab_qss:AB:full:bulk_as_surface:A=adn_2,B=n2",14,"{'A': 'adn_2', 'I': None, 'B': 'n2'}",{},deposition_rate,nm/s,condition_cv,inner_selection,"{'A': ['adn_2'], 'AB': ['adn_2', 'n2']}","[{'effects': {'AB': ['adn_2', 'n2']}, 'condition': 1, 'weight': 1.0, 'mse_increase': 3.406669798424045e-09, 'mean_mse_increase': 3.2629740798334136e-09, 'centered_mse_increase': 1.436957185901515e-10}, {'effects': {'A': ['adn_2']}, 'condition': 1, 'weight': 1.0, 'mse_increase': 3.171675217670198e-05, 'mean_mse_increase': 3.173602197923185e-05, 'centered_mse_increase': -1.9269802529879575e-08}, {'effects': {'A': ['adn_2'], 'AB': ['adn_2', 'n2']}, 'condition': 1, 'weight': 1.0, 'mse_increase': 3.1716752170796153e-05, 'mean_mse_increase': 3.1736021973294626e-05, 'centered_mse_increase': -1.9269802498481334e-08}]",1,3.080028698680997e-06,0.0017550010537549534,0.0014963289237146199,0.003660559972622837,49.0,0.00015086776150400566,2.2761081461229534e-08,3.057267617219768e-06,0.0017485043943953266,-6.425650400094051,0.17522445922064217,nan,0.10921737265306122,4.1171714967634963e-07,0.016068881819102824,8.712355577955682e-05,3.080028698680997e-06,0.0017550010537549534,0.0014963289237146199,0.003660559972622837,-6.480933697083553,0.00015086776150400566,0.016068881819102824,0.0013813531477565445,0.0017485043943953266,-6.425650400094051,0.009333999988191387,0.8119776027453142,0.0033476649999999997,0.007877624781050765,2.353169979986279,1.0,5.362625825178627e-06,"{'A': 'adn_2', 'I': None, 'B': 'n2'}","{'A': ['parallel_a_ab_qss'], 'AB': ['parallel_a_ab_qss']}",surface_parallel_qss,0.0,nan,nan,22.0673406908459,[],,
"cvd:parallel_a_ab_qss:AB:full:bulk_as_surface:A=adn_2,B=n2",14,"{'A': 'adn_2', 'I': None, 'B': 'n2'}",{},deposition_rate,nm/s,condition_cv,inner_selection,"{'A': ['adn_2'], 'AB': ['adn_2', 'n2']}","[{'effects': {'AB': ['adn_2', 'n2']}, 'condition': 2, 'weight': 1.0, 'mse_increase': 2.9797498533204003e-09, 'mean_mse_increase': 2.989112107734237e-09, 'centered_mse_increase': -9.362254429083118e-12}, {'effects': {'A': ['adn_2']}, 'condition': 2, 'weight': 1.0, 'mse_increase': 9.41296029163456e-05, 'mean_mse_increase': 9.340062552144228e-05, 'centered_mse_increase': 7.289773949033379e-07}, {'effects': {'A': ['adn_2'], 'AB': ['adn_2', 'n2']}, 'condition': 2, 'weight': 1.0, 'mse_increase': 7.452197754422428e-05, 'mean_mse_increase': 7.3872708046897e-05, 'centered_mse_increase': 6.492694973272974e-07}]",2,4.123208521163172e-05,0.006421221473491762,0.006305097745790237,0.009086292169882312,49.0,-0.006305097745790237,3.975425758396913e-05,1.4778276276625852e-06,0.0012156593386564284,-7.621315366836534,-0.014884576480293265,nan,0.07686286373469386,1.7141556302966477e-07,0.08354127287861371,0.0027513065521508413,4.123208521163172e-05,0.006421221473491762,0.006305097745790237,0.009086292169882312,-239.53874970790247,-0.006305097745790237,0.08354127287861371,-0.08203048181438344,0.0012156593386564284,-7.621315366836534,0.05245289841515759,0.8775811886948808,0.0019401760000000018,0.005148000005841646,2.653367532554594,1.0,5.830024414069102e-06,"{'A': 'adn_2', 'I': None, 'B': 'n2'}","{'A': ['parallel_a_ab_qss'], 'AB': ['parallel_a_ab_qss']}",surface_parallel_qss,0.0,nan,nan,27.384196342643612,[],,
"cvd:parallel_a_ab_qss:AB:full:bulk_as_surface:A=adn_2,B=n2",14,"{'A': 'adn_2', 'I': None, 'B': 'n2'}",{},deposition_rate,nm/s,condition_cv,inner_selection,"{'A': ['adn_2'], 'AB': ['adn_2', 'n2']}","[{'effects': {'AB': ['adn_2', 'n2']}, 'condition': 4, 'weight': 1.0, 'mse_increase': 1.9007058060445467e-08, 'mean_mse_increase': 1.8459498694981024e-08, 'centered_mse_increase': 5.475593654645158e-10}, {'effects': {'A': ['adn_2']}, 'condition': 4, 'weight': 1.0, 'mse_increase': 2.210730779999231e-05, 'mean_mse_increase': 2.2195396174721386e-05, 'centered_mse_increase': -8.808837472907283e-08}, {'effects': {'A': ['adn_2'], 'AB': ['adn_2', 'n2']}, 'condition': 4, 'weight': 1.0, 'mse_increase': 2.0234267235808067e-05, 'mean_mse_increase': 2.0319807471987233e-05, 'centered_mse_increase': -8.554023617916877e-08}]",4,1.3827867572986956e-06,0.0011759195369151307,0.0010106539043825684,0.0023476914520445535,49.0,0.0002225307677512387,4.9519942595955736e-08,1.33326681470274e-06,0.0011546717346080399,-6.287319454291223,0.31105489860328905,nan,0.07443086153061225,1.8295709733400396e-07,0.015798816683473337,0.0031019972414936927,1.3827867572986956e-06,0.0011759195369151307,0.0010106539043825684,0.0023476914520445535,-6.557983688243037,0.0002225307677512387,0.015798816683473337,0.0029897647719651244,0.0011546717346080399,-6.287319454291223,0.05569557649844099,0.9788866619066589,0.0023843499999999934,0.005490089988724647,2.3025520534840367,1.0,5.93127150191254e-06,"{'A': 'adn_2', 'I': None, 'B': 'n2'}","{'A': ['parallel_a_ab_qss'], 'AB': ['parallel_a_ab_qss']}",surface_parallel_qss,0.0,nan,nan,17.78279410038923,[],,
"cvd:parallel_a_ab_qss:AB:full:bulk_as_surface:A=adn_2,B=n2",14,"{'A': 'adn_2', 'I': None, 'B': 'n2'}",{},deposition_rate,nm/s,condition_cv,inner_selection,"{'A': ['adn_2'], 'AB': ['adn_2', 'n2']}","[{'effects': {'AB': ['adn_2', 'n2']}, 'condition': 5, 'weight': 1.0, 'mse_increase': -1.9358429789728682e-16, 'mean_mse_increase': -1.8156151224395928e-16, 'centered_mse_increase': -1.202109158743303e-17}, {'effects': {'A': ['adn_2']}, 'condition': 5, 'weight': 1.0, 'mse_increase': 6.193608961967427e-06, 'mean_mse_increase': 2.906677720148513e-06, 'centered_mse_increase': 3.2869312418189165e-06}, {'effects': {'A': ['adn_2'], 'AB': ['adn_2', 'n2']}, 'condition': 5, 'weight': 1.0, 'mse_increase': 0.001125129946464005, 'mean_mse_increase': 0.0011309871276564667, 'centered_mse_increase': -5.857181192461776e-06}]",5,1.836435803704474e-05,0.004285365566325088,0.0032818905316564077,0.009796977619087627,49.0,-0.0024436352774827516,5.971353369358204e-06,1.2393004667686534e-05,0.00352036996176347,-5.231877458451012,-0.18702454006004773,nan,0.20429415020408165,1.988647041010162e-06,0.020976447744804144,0.013798163113631348,1.836435803704474e-05,0.004285365566325088,0.0032818905316564077,0.009796977619087627,-8.23459903056316,-0.0024436352774827516,0.020976447744804144,-0.01196135706794178,0.00352036996176347,-5.231877458451012,0.11746558267693286,0.9635181176591003,0.005754740000000008,0.013425101113623689,2.332877091514763,1.0,2.016926645677816e-06,"{'A': 'adn_2', 'I': None, 'B': 'n2'}","{'A': ['parallel_a_ab_qss'], 'AB': ['parallel_a_ab_qss']}",surface_parallel_qss,0.0,nan,nan,13.097472643005897,[],,
"cvd:aib_qss:AIB:full:bulk_as_surface:A=adn_2,I=idn_2,B=n2",15,"{'A': 'adn_2', 'I': 'idn_2', 'B': 'n2'}",{},deposition_rate,nm/s,condition_cv,inner_selection,"{'A': ['adn_2'], 'B': ['n2'], 'I': ['idn_2']}","[{'effects': {'AB': ['adn_2', 'n2']}, 'condition': 1, 'weight': 1.0, 'mse_increase': -6.409722775604313e-16, 'mean_mse_increase': 2.1674367752648933e-16, 'centered_mse_increase': -8.577161503015452e-16}, {'effects': {'A': ['adn_2'], 'B': ['n2'], 'I': ['idn_2']}, 'condition': 1, 'weight': 1.0, 'mse_increase': 3.171334550588164e-05, 'mean_mse_increase': 3.173275900412812e-05, 'centered_mse_increase': -1.94134982464792e-08}]",1,3.0834353691203933e-06,0.0017559713463266972,0.0014979804922982591,0.003647562593034337,49.0,0.0001613197301148228,2.602405532431927e-08,3.057411313796074e-06,0.0017485454851950734,-6.425999417802979,0.174853717691948,nan,0.10921737265306122,4.1171714967634963e-07,0.016077765868848518,8.712355577955682e-05,3.0834353691203933e-06,0.0017559713463266972,0.0014979804922982591,0.003647562593034337,-6.489207995208066,0.0001613197301148228,0.016077765868848518,0.0014770519212842575,0.0017485454851950734,-6.425999417802979,0.009333999988191387,0.8118736502519597,0.0033476649999999997,0.007875547947821679,2.352549597352686,1.0,5.355932032812034e-06,"{'A': 'adn_2', 'I': 'idn_2', 'B': 'n2'}","{'A': ['aib_qss'], 'B': ['aib_qss'], 'I': ['aib_qss']}",surface_qss,0.0,nan,nan,16.253148373118645,['inhibition_ratio'],,
"cvd:aib_qss:AIB:full:bulk_as_surface:A=adn_2,I=idn_2,B=n2",15,"{'A': 'adn_2', 'I': 'idn_2', 'B': 'n2'}",{},deposition_rate,nm/s,condition_cv,inner_selection,"{'A': ['adn_2'], 'B': ['n2'], 'I': ['idn_2']}","[{'effects': {'AB': ['adn_2', 'n2']}, 'condition': 2, 'weight': 1.0, 'mse_increase': 1.3608743038712179e-14, 'mean_mse_increase': 1.397154419068014e-14, 'centered_mse_increase': -3.6283630383527297e-16}, {'effects': {'A': ['adn_2'], 'B': ['n2'], 'I': ['idn_2']}, 'condition': 2, 'weight': 1.0, 'mse_increase': 7.451954931017642e-05, 'mean_mse_increase': 7.387027313955702e-05, 'centered_mse_increase': 6.492761706193967e-07}]",2,4.1235064947876295e-05,0.006421453491840947,0.006305334779542266,0.009086516494767091,49.0,-0.006305334779542266,3.975724668210532e-05,1.4778182657709924e-06,0.001215655488109601,-7.621260751657916,-0.014884333664238726,nan,0.07686286373469386,1.7141556302966477e-07,0.08354429148002812,0.0027513065521508413,4.1235064947876295e-05,0.006421453491840947,0.006305334779542266,0.009086516494767091,-239.55613282173363,-0.006305334779542266,0.08354429148002812,-0.08203356566711167,0.001215655488109601,-7.621260751657916,0.05245289841515759,0.877576765329229,0.0019401760000000018,0.0051479823830892085,2.6533584494856157,1.0,5.830024631656565e-06,"{'A': 'adn_2', 'I': 'idn_2', 'B': 'n2'}","{'A': ['aib_qss'], 'B': ['aib_qss'], 'I': ['aib_qss']}",surface_qss,0.0,nan,nan,27.384196342643612,['inhibition_ratio'],,
"cvd:aib_qss:AIB:full:bulk_as_surface:A=adn_2,I=idn_2,B=n2",15,"{'A': 'adn_2', 'I': 'idn_2', 'B': 'n2'}",{},deposition_rate,nm/s,condition_cv,inner_selection,"{'A': ['adn_2'], 'B': ['n2'], 'I': ['idn_2']}","[{'effects': {'AB': ['adn_2', 'n2']}, 'condition': 4, 'weight': 1.0, 'mse_increase': -8.82421983790585e-17, 'mean_mse_increase': 2.9745598792375107e-16, 'centered_mse_increase': -3.8569793483990335e-16}, {'effects': {'A': ['adn_2'], 'B': ['n2'], 'I': ['idn_2']}, 'condition': 4, 'weight': 1.0, 'mse_increase': 2.021526018084014e-05, 'mean_mse_increase': 2.030134797641395e-05, 'centered_mse_increase': -8.608779557381082e-08}]",4,1.4017938154473833e-06,0.0011839737393402707,0.0010222692074430013,0.002308366643449619,49.0,0.00026072867313258965,6.797944099348077e-08,1.3338143744539024e-06,0.0011549088165105947,-6.290312285720784,0.3106693994299295,nan,0.07443086153061225,1.8295709733400396e-07,0.015907027206091398,0.0031019972414936927,1.4017938154473833e-06,0.0011839737393402707,0.0010222692074430013,0.002308366643449619,-6.661871749573551,0.00026072867313258965,0.015907027206091398,0.0035029646005824617,0.0011549088165105947,-6.290312285720784,0.05569557649844099,0.9787420507376666,0.0023843499999999934,0.0054895602559113105,2.3023298827400867,1.0,5.924920128887063e-06,"{'A': 'adn_2', 'I': 'idn_2', 'B': 'n2'}","{'A': ['aib_qss'], 'B': ['aib_qss'], 'I': ['aib_qss']}",surface_qss,0.0,nan,nan,12.863969449369746,['inhibition_ratio'],,
"cvd:aib_qss:AIB:full:bulk_as_surface:A=adn_2,I=idn_2,B=n2",15,"{'A': 'adn_2', 'I': 'idn_2', 'B': 'n2'}",{},deposition_rate,nm/s,condition_cv,inner_selection,"{'A': ['adn_2'], 'B': ['n2'], 'I': ['idn_2']}","[{'effects': {'AB': ['adn_2', 'n2']}, 'condition': 5, 'weight': 1.0, 'mse_increase': -1.6216039199368898e-15, 'mean_mse_increase': 1.6939930496751368e-15, 'centered_mse_increase': -3.3155969696120266e-15}, {'effects': {'A': ['adn_2'], 'B': ['n2'], 'I': ['idn_2']}, 'condition': 5, 'weight': 1.0, 'mse_increase': 0.0011251299463729749, 'mean_mse_increase': 0.0011309871275671918, 'centered_mse_increase': -5.857181194217015e-06}]",5,1.836435803847276e-05,0.0042853655664917036,0.0032818905318187787,0.009796977619936142,49.0,-0.0024436352770989883,5.97135336748265e-06,1.239300467099011e-05,0.0035203699622326783,-5.23187746011223,-0.18702454005528835,nan,0.20429415020408165,1.988647041010162e-06,0.020976447745619714,0.013798163113631348,1.836435803847276e-05,0.0042853655664917036,0.0032818905318187787,0.009796977619936142,-8.234599031281245,-0.0024436352770989883,0.020976447745619714,-0.011961357066063296,0.0035203699622326783,-5.23187746011223,0.11746558267693286,0.9635181176576819,0.005754740000000008,0.01342510111591716,2.3328770919132995,1.0,2.0169266462245993e-06,"{'A': 'adn_2', 'I': 'idn_2', 'B': 'n2'}","{'A': ['aib_qss'], 'B': ['aib_qss'], 'I': ['aib_qss']}",surface_qss,0.0,nan,nan,13.097472643005897,[],,
"cvd:aib_qss:AB:full:bulk_as_surface:A=adn_2,B=n2",16,"{'A': 'adn_2', 'I': None, 'B': 'n2'}",{},deposition_rate,nm/s,condition_cv,inner_selection,"{'AB': ['adn_2', 'n2']}","[{'effects': {'AB': ['adn_2', 'n2']}, 'condition': 1, 'weight': 1.0, 'mse_increase': 3.1713345500997914e-05, 'mean_mse_increase': 3.1732758999215e-05, 'centered_mse_increase': -1.9413498217076144e-08}, {'effects': {}, 'condition': 1, 'weight': 1.0, 'mse_increase': 8.404012041107739e-05, 'mean_mse_increase': 8.668581457433942e-05, 'centered_mse_increase': -2.6456941632620085e-06}]",1,3.083435368479421e-06,0.001755971346144185,0.0014979804922042436,0.0036475625914953735,49.0,0.00016131973078660573,2.6024055541062948e-08,3.057411312938358e-06,0.0017485454849498077,-6.425999415719713,0.17485371769010907,nan,0.10921737265306122,4.1171714967634963e-07,0.016077765867177424,8.712355577955682e-05,3.083435368479421e-06,0.001755971346144185,0.0014979804922042436,0.0036475625914953735,-6.489207993651238,0.00016131973078660573,0.016077765867177424,0.0014770519274351372,0.0017485454849498077,-6.425999415719713,0.009333999988191387,0.8118736502715131,0.0033476649999999997,0.007875547946657527,2.3525495970049355,1.0,5.3559320314781845e-06,"{'A': 'adn_2', 'I': None, 'B': 'n2'}",{'AB': ['aib_qss']},surface_qss,0.0,nan,nan,16.253148373118645,[],,
"cvd:aib_qss:AB:full:bulk_as_surface:A=adn_2,B=n2",16,"{'A': 'adn_2', 'I': None, 'B': 'n2'}",{},deposition_rate,nm/s,condition_cv,inner_selection,"{'AB': ['adn_2', 'n2']}","[{'effects': {'AB': ['adn_2', 'n2']}, 'condition': 2, 'weight': 1.0, 'mse_increase': 7.4519549268204e-05, 'mean_mse_increase': 7.387027309776258e-05, 'centered_mse_increase': 6.492761704414435e-07}, {'effects': {}, 'condition': 2, 'weight': 1.0, 'mse_increase': 0.0027100714871893528, 'mean_mse_increase': 0.0027113778898917324, 'centered_mse_increase': -1.3064027023784913e-06}]",2,4.123506496148504e-05,0.006421453492900579,0.006305334780650181,0.009086516495352526,49.0,-0.006305334780650181,3.975724669607686e-05,1.477818265408156e-06,0.0012156554879603663,-7.621260749541209,-0.014884333664199287,nan,0.07686286373469386,1.7141556302966477e-07,0.08354429149381412,0.0027513065521508413,4.123506496148504e-05,0.006421453492900579,0.006305334780650181,0.009086516495352526,-239.55613290112402,-0.006305334780650181,0.08354429149381412,-0.08203356568152585,0.0012156554879603663,-7.621260749541209,0.05245289841515759,0.8775767653090275,0.0019401760000000018,0.005147982382387645,2.6533584491240174,1.0,5.8300246301705914e-06,"{'A': 'adn_2', 'I': None, 'B': 'n2'}",{'AB': ['aib_qss']},surface_qss,0.0,nan,nan,27.384196342643612,[],,
"cvd:aib_qss:AB:full:bulk_as_surface:A=adn_2,B=n2",16,"{'A': 'adn_2', 'I': None, 'B': 'n2'}",{},deposition_rate,nm/s,condition_cv,inner_selection,"{'AB': ['adn_2', 'n2']}","[{'effects': {'AB': ['adn_2', 'n2']}, 'condition': 4, 'weight': 1.0, 'mse_increase': 2.021526017774707e-05, 'mean_mse_increase': 2.0301347973291702e-05, 'centered_mse_increase': -8.608779554462799e-08}, {'effects': {}, 'condition': 4, 'weight': 1.0, 'mse_increase': 0.0031005954476783296, 'mean_mse_increase': 0.0031017463049550645, 'centered_mse_increase': -1.1508572767342004e-06}]",4,1.401793815359141e-06,0.0011839737393030054,0.0010222692074842114,0.0023083666422947513,49.0,0.0002607286737030217,6.797944129093676e-08,1.3338143740682045e-06,0.0011549088163436126,-6.290312283612651,0.3106693994292585,nan,0.07443086153061225,1.8295709733400396e-07,0.01590702720559073,0.0031019972414936927,1.401793815359141e-06,0.0011839737393030054,0.0010222692074842114,0.0023083666422947513,-6.66187174909124,0.0002607286737030217,0.01590702720559073,0.0035029646082463803,0.0011549088163436126,-6.290312283612651,0.05569557649844099,0.9787420507383356,0.0023843499999999934,0.005489560255122247,2.3023298824091523,1.0,5.9249201274224565e-06,"{'A': 'adn_2', 'I': None, 'B': 'n2'}",{'AB': ['aib_qss']},surface_qss,0.0,nan,nan,12.863969449369746,[],,
"cvd:aib_qss:AB:full:bulk_as_surface:A=adn_2,B=n2",16,"{'A': 'adn_2', 'I': None, 'B': 'n2'}",{},deposition_rate,nm/s,condition_cv,inner_selection,"{'AB': ['adn_2', 'n2']}","[{'effects': {'AB': ['adn_2', 'n2']}, 'condition': 5, 'weight': 1.0, 'mse_increase': 0.0011251299464950402, 'mean_mse_increase': 0.0011309871276875706, 'centered_mse_increase': -5.857181192530105e-06}, {'effects': {}, 'condition': 5, 'weight': 1.0, 'mse_increase': 0.0137797987555945, 'mean_mse_increase': 0.013790203113221164, 'centered_mse_increase': -1.040435762666435e-05}]",5,1.8364358036851156e-05,0.004285365566302501,0.0032818905316438943,0.00979697761904702,49.0,-0.0024436352774456016,5.971353369176643e-06,1.2393004667674513e-05,0.0035203699617617624,-5.231877458444967,-0.18702454005988944,nan,0.20429415020408165,1.988647041010162e-06,0.020976447744693583,0.013798163113631348,1.8364358036851156e-05,0.004285365566302501,0.0032818905316438943,0.00979697761904702,-8.234599030465816,-0.0024436352774456016,0.020976447744693583,-0.011961357067759934,0.0035203699617617624,-5.231877458444967,0.11746558267693286,0.9635181176592926,0.005754740000000008,0.013425101113617138,2.332877091513625,1.0,2.016926645676196e-06,"{'A': 'adn_2', 'I': None, 'B': 'n2'}",{'AB': ['aib_qss']},surface_qss,0.0,nan,nan,13.097472643005897,[],,
"cvd:langmuir_hinshelwood_qss:AIB:full:bulk_as_surface:A=adn_2,I=idn_2,B=n2",17,"{'A': 'adn_2', 'I': 'idn_2', 'B': 'n2'}",{},deposition_rate,nm/s,condition_cv,inner_selection,"{'AB': ['adn_2', 'n2'], 'I': ['idn_2']}","[{'effects': {'AB': ['adn_2', 'n2']}, 'condition': 1, 'weight': 1.0, 'mse_increase': -1.1092305073276952e-08, 'mean_mse_increase': 3.575413360957869e-09, 'centered_mse_increase': -1.466771843423445e-08}]",1,3.1244426959549984e-06,0.001767609316550181,0.0015127595735014731,0.0035973496177526126,49.0,0.0002269665042612152,5.151379405655621e-08,3.0729289018984427e-06,0.001752977153843838,-6.463689341855369,0.17483556299272515,nan,0.10921737265306122,4.1171714967634963e-07,0.01618432373542944,8.712355577955682e-05,3.1244426959549984e-06,0.001767609316550181,0.0015127595735014731,0.0035973496177526126,-6.5888087207713335,0.0002269665042612152,0.01618432373542944,0.002078117233072385,0.001752977153843838,-6.463689341855369,0.009333999988191387,0.810626813929032,0.0033476649999999997,0.007896384566323023,2.3587738218498635,1.0,5.374857008537726e-06,"{'A': 'adn_2', 'I': 'idn_2', 'B': 'n2'}","{'AB': ['langmuir_hinshelwood_qss'], 'I': ['langmuir_hinshelwood_qss']}",surface_lh_qss,0.0,nan,nan,0.25482967479793467,[],,
"cvd:langmuir_hinshelwood_qss:AIB:full:bulk_as_surface:A=adn_2,I=idn_2,B=n2",17,"{'A': 'adn_2', 'I': 'idn_2', 'B': 'n2'}",{},deposition_rate,nm/s,condition_cv,inner_selection,"{'AB': ['adn_2', 'n2'], 'I': ['idn_2']}","[{'effects': {'AB': ['adn_2', 'n2']}, 'condition': 2, 'weight': 1.0, 'mse_increase': 3.012101337665843e-14, 'mean_mse_increase': 3.0858569009546005e-14, 'centered_mse_increase': -7.375566916787606e-16}]",2,4.1285455711836724e-05,0.0064253759198849,0.006309270201367407,0.009091514864741704,49.0,-0.006309270201367407,3.9806890473862715e-05,1.478565237974006e-06,0.001215962679515291,-7.625618420178856,-0.014890705355171634,nan,0.07686286373469386,1.7141556302966477e-07,0.08359532299060898,0.0027513065521508413,4.1285455711836724e-05,0.0064253759198849,0.006309270201367407,0.009091514864741704,-239.85010125184468,-0.006309270201367407,0.08359532299060898,-0.08208476622917667,0.001215962679515291,-7.625618420178856,0.05245289841515759,0.8775019853235007,0.0019401760000000018,0.005149430044006489,2.654104598761393,1.0,5.826088658231861e-06,"{'A': 'adn_2', 'I': 'idn_2', 'B': 'n2'}","{'AB': ['langmuir_hinshelwood_qss'], 'I': ['langmuir_hinshelwood_qss']}",surface_lh_qss,0.0,nan,nan,0.01778279410038923,"['adsorption_ratio_B', 'inhibition_ratio']",,
"cvd:langmuir_hinshelwood_qss:AIB:full:bulk_as_surface:A=adn_2,I=idn_2,B=n2",17,"{'A': 'adn_2', 'I': 'idn_2', 'B': 'n2'}",{},deposition_rate,nm/s,condition_cv,inner_selection,"{'AB': ['adn_2', 'n2'], 'I': ['idn_2']}","[{'effects': {'AB': ['adn_2', 'n2']}, 'condition': 4, 'weight': 1.0, 'mse_increase': -3.788553909337463e-16, 'mean_mse_increase': 2.8121988171976833e-16, 'centered_mse_increase': -6.600749881033839e-16}]",4,1.3852807126847885e-06,0.0011769794869430769,0.0010120162882527224,0.0023427576844471942,49.0,0.0002262346184686233,5.118210259364356e-08,1.3340986100911447e-06,0.0011550318654007536,-6.291865850143177,0.31056734123986357,nan,0.07443086153061225,1.8295709733400396e-07,0.01581305741649925,0.0031019972414936927,1.3852807126847885e-06,0.0011769794869430769,0.0010120162882527224,0.0023427576844471942,-6.571615055500357,0.0002262346184686233,0.01581305741649925,0.0030395270700390394,0.0011550318654007536,-6.291865850143177,0.05569557649844099,0.9788676307717898,0.0023843499999999934,0.0054897017656137664,2.302389232123548,1.0,5.922807936183622e-06,"{'A': 'adn_2', 'I': 'idn_2', 'B': 'n2'}","{'AB': ['langmuir_hinshelwood_qss'], 'I': ['langmuir_hinshelwood_qss']}",surface_lh_qss,0.0,nan,nan,0.25482967479793467,[],,
"cvd:langmuir_hinshelwood_qss:AIB:full:bulk_as_surface:A=adn_2,I=idn_2,B=n2",17,"{'A': 'adn_2', 'I': 'idn_2', 'B': 'n2'}",{},deposition_rate,nm/s,condition_cv,inner_selection,"{'AB': ['adn_2', 'n2'], 'I': ['idn_2']}","[{'effects': {'AB': ['adn_2', 'n2']}, 'condition': 5, 'weight': 1.0, 'mse_increase': -1.2450256178244333e-06, 'mean_mse_increase': -1.0035383412979395e-06, 'centered_mse_increase': -2.4148727652648957e-07}]",5,1.9336471685343107e-05,0.004397325515053793,0.003352127213809814,0.010031569104126892,49.0,-0.0025901416681241335,6.708833860952869e-06,1.2627637824390236e-05,0.0035535387748539113,-5.349863783759155,-0.18663832730282823,nan,0.20429415020408165,1.988647041010162e-06,0.021524480807017927,0.013798163113631348,1.9336471685343107e-05,0.004397325515053793,0.003352127213809814,0.010031569104126892,-8.72343069764701,-0.0025901416681241335,0.021524480807017927,-0.012678491604075233,0.0035535387748539113,-5.349863783759155,0.11746558267693286,0.9625649878471397,0.005754740000000008,0.013586591442755841,2.360939233180964,1.0,2.0702293752233063e-06,"{'A': 'adn_2', 'I': 'idn_2', 'B': 'n2'}","{'AB': ['langmuir_hinshelwood_qss'], 'I': ['langmuir_hinshelwood_qss']}",surface_lh_qss,0.0,nan,nan,0.26416483203860924,[],,
"cvd:parallel_a_ab_qss:AIB:full:bulk_as_surface:A=n2,I=idn_2,B=adn_2",18,"{'A': 'n2', 'I': 'idn_2', 'B': 'adn_2'}",{},deposition_rate,nm/s,condition_cv,inner_selection,"{'A': ['n2'], 'AB': ['n2', 'adn_2'], 'I': ['idn_2']}","[{'effects': {'A': ['n2'], 'B': ['adn_2'], 'I': ['idn_2']}, 'condition': 1, 'weight': 1.0, 'mse_increase': -3.415634958216614e-11, 'mean_mse_increase': -5.6329237051768523e-11, 'centered_mse_increase': 2.2172887470684334e-11}, {'effects': {'A': ['n2'], 'AB': ['n2', 'adn_2']}, 'condition': 1, 'weight': 1.0, 'mse_increase': -5.273368784556361e-16, 'mean_mse_increase': 5.354316943998597e-18, 'centered_mse_increase': -5.326905501987569e-16}, {'effects': {'A': ['n2'], 'AB': ['n2', 'adn_2'], 'I': ['idn_2']}, 'condition': 1, 'weight': 1.0, 'mse_increase': 3.170000090685663e-05, 'mean_mse_increase': 3.171944119228104e-05, 'centered_mse_increase': -1.944028542439622e-08}, {'effects': {'A': ['n2'], 'I': ['idn_2']}, 'condition': 1, 'weight': 1.0, 'mse_increase': 0.0003790883276479829, 'mean_mse_increase': 0.0003817643061501688, 'centered_mse_increase': -2.6759785021858903e-06}]",1,3.0834695253563676e-06,0.0017559810720381834,0.0014980004187603515,0.003647365585644338,49.0,0.00016149422519948193,2.6080384772780983e-08,3.0573891405835864e-06,0.0017485391447101166,-6.425945562352689,0.17485376279715845,nan,0.10921737265306122,4.1171714967634963e-07,0.01607785491797367,8.712355577955682e-05,3.0834695253563676e-06,0.0017559810720381834,0.0014980004187603515,0.003647365585644338,-6.489290955648264,0.00016149422519948193,0.01607785491797367,0.001478649607443706,0.0017485391447101166,-6.425945562352689,0.009333999988191387,0.8118726082858682,0.0033476649999999997,0.007875517500600573,2.352540502290574,1.0,5.355956864230027e-06,"{'A': 'n2', 'I': 'idn_2', 'B': 'adn_2'}","{'A': ['parallel_a_ab_qss'], 'AB': ['parallel_a_ab_qss'], 'I': ['parallel_a_ab_qss']}",surface_parallel_qss,0.0,nan,nan,1.4330125702369627,['inhibition_ratio'],,
"cvd:parallel_a_ab_qss:AIB:full:bulk_as_surface:A=n2,I=idn_2,B=adn_2",18,"{'A': 'n2', 'I': 'idn_2', 'B': 'adn_2'}",{},deposition_rate,nm/s,condition_cv,inner_selection,"{'A': ['n2'], 'AB': ['n2', 'adn_2'], 'I': ['idn_2']}","[{'effects': {'A': ['n2'], 'B': ['adn_2'], 'I': ['idn_2']}, 'condition': 2, 'weight': 1.0, 'mse_increase': -4.216713380135998e-06, 'mean_mse_increase': -4.237720930474186e-06, 'centered_mse_increase': 2.1007550338193105e-08}, {'effects': {'A': ['n2'], 'AB': ['n2', 'adn_2']}, 'condition': 2, 'weight': 1.0, 'mse_increase': 1.8141443957089517e-07, 'mean_mse_increase': 1.8251690693453873e-07, 'centered_mse_increase': -1.1024673636325467e-09}, {'effects': {'A': ['n2'], 'AB': ['n2', 'adn_2'], 'I': ['idn_2']}, 'condition': 2, 'weight': 1.0, 'mse_increase': 7.92817877795218e-05, 'mean_mse_increase': 7.86513387231408e-05, 'centered_mse_increase': 6.30449056380992e-07}, {'effects': {'A': ['n2'], 'I': ['idn_2']}, 'condition': 2, 'weight': 1.0, 'mse_increase': 0.0027120644888285602, 'mean_mse_increase': 0.002713368153480092, 'centered_mse_increase': -1.3036646515322358e-06}]",2,3.9242062984328664e-05,0.006264348568233465,0.0061454847465248616,0.008922135412526663,49.0,-0.0061454847465248616,3.776698276976974e-05,1.4750802145589207e-06,0.001214528803511436,-7.605287574172287,-0.014966932860709508,nan,0.07686286373469386,1.7141556302966477e-07,0.08150032751649745,0.0027513065521508413,3.9242062984328664e-05,0.006264348568233465,0.0061454847465248616,0.008922135412526663,-227.92940577126902,-0.0061454847465248616,0.08150032751649745,-0.0799538873250562,0.001214528803511436,-7.605287574172287,0.05245289841515759,0.8805719272431431,0.0019401760000000018,0.005142168703224245,2.650361979131914,1.0,5.845339433026014e-06,"{'A': 'n2', 'I': 'idn_2', 'B': 'adn_2'}","{'A': ['parallel_a_ab_qss'], 'AB': ['parallel_a_ab_qss'], 'I': ['parallel_a_ab_qss']}",surface_parallel_qss,0.0,nan,nan,98.21718891880379,['inhibition_ratio'],,
"cvd:parallel_a_ab_qss:AIB:full:bulk_as_surface:A=n2,I=idn_2,B=adn_2",18,"{'A': 'n2', 'I': 'idn_2', 'B': 'adn_2'}",{},deposition_rate,nm/s,condition_cv,inner_selection,"{'A': ['n2'], 'AB': ['n2', 'adn_2'], 'I': ['idn_2']}","[{'effects': {'A': ['n2'], 'B': ['adn_2'], 'I': ['idn_2']}, 'condition': 4, 'weight': 1.0, 'mse_increase': 1.7457051535822026e-08, 'mean_mse_increase': 1.6886575423412068e-08, 'centered_mse_increase': 5.70476112409839e-10}, {'effects': {'A': ['n2'], 'AB': ['n2', 'adn_2']}, 'condition': 4, 'weight': 1.0, 'mse_increase': -3.817542110167826e-12, 'mean_mse_increase': -4.106140926316213e-12, 'centered_mse_increase': 2.8859881628073554e-13}, {'effects': {'A': ['n2'], 'AB': ['n2', 'adn_2'], 'I': ['idn_2']}, 'condition': 4, 'weight': 1.0, 'mse_increase': 2.0232699506511656e-05, 'mean_mse_increase': 2.0318216884606894e-05, 'centered_mse_increase': -8.551737809523234e-08}, {'effects': {'A': ['n2'], 'I': ['idn_2']}, 'condition': 4, 'weight': 1.0, 'mse_increase': 0.004745154183523669, 'mean_mse_increase': 0.004746326979834816, 'centered_mse_increase': -1.1727963111478952e-06}]",4,1.3843367640788191e-06,0.0011765784139099354,0.0010116604735424689,0.002341852957458576,49.0,0.0002260373108142514,5.1092865880138495e-08,1.3332438981986807e-06,0.0011546618111805207,-6.2871941981279305,0.31061113336050145,nan,0.07443086153061225,1.8295709733400396e-07,0.015807668885117327,0.0031019972414936927,1.3843367640788191e-06,0.0011765784139099354,0.0010116604735424689,0.002341852957458576,-6.566455656823157,0.0002260373108142514,0.015807668885117327,0.003036876185038995,0.0011546618111805207,-6.2871941981279305,0.05569557649844099,0.9788748319367361,0.0023843499999999934,0.0054881005939337035,2.3017176982966925,1.0,5.925553461273752e-06,"{'A': 'n2', 'I': 'idn_2', 'B': 'adn_2'}","{'A': ['parallel_a_ab_qss'], 'AB': ['parallel_a_ab_qss'], 'I': ['parallel_a_ab_qss']}",surface_parallel_qss,0.0,nan,nan,1.4330125702369627,['inhibition_ratio'],,
"cvd:parallel_a_ab_qss:AIB:full:bulk_as_surface:A=n2,I=idn_2,B=adn_2",18,"{'A': 'n2', 'I': 'idn_2', 'B': 'adn_2'}",{},deposition_rate,nm/s,condition_cv,inner_selection,"{'A': ['n2'], 'AB': ['n2', 'adn_2'], 'I': ['idn_2']}","[{'effects': {'A': ['n2'], 'B': ['adn_2'], 'I': ['idn_2']}, 'condition': 5, 'weight': 1.0, 'mse_increase': -1.374252981303864e-05, 'mean_mse_increase': -1.1219045841352958e-05, 'centered_mse_increase': -2.5234839716856724e-06}, {'effects': {'A': ['n2'], 'AB': ['n2', 'adn_2']}, 'condition': 5, 'weight': 1.0, 'mse_increase': -1.3737328963581941e-05, 'mean_mse_increase': -1.1213649649979044e-05, 'centered_mse_increase': -2.523679313602885e-06}, {'effects': {'A': ['n2'], 'AB': ['n2', 'adn_2'], 'I': ['idn_2']}, 'condition': 5, 'weight': 1.0, 'mse_increase': 0.0011113874198408183, 'mean_mse_increase': 0.0011197680850111337, 'centered_mse_increase': -8.380665170315171e-06}, {'effects': {'A': ['n2'], 'I': ['idn_2']}, 'condition': 5, 'weight': 1.0, 'mse_increase': 0.012976650753879127, 'mean_mse_increase': 0.012989632481536933, 'centered_mse_increase': -1.2981727657808631e-05}]",5,3.210688785543622e-05,0.005666294014206836,0.004843233034691705,0.00983562101496957,49.0,0.004146130631584193,1.7190399214160742e-05,1.4916488641275469e-05,0.0038621870282620273,-6.500822586243571,-0.18946319535670836,nan,0.20429415020408165,1.988647041010162e-06,0.027735958217826776,0.013798163113631348,3.210688785543622e-05,0.005666294014206836,0.004843233034691705,0.00983562101496957,-15.14509120689766,0.004146130631584193,0.027735958217826776,0.020294906278238392,0.0038621870282620273,-6.500822586243571,0.11746558267693286,0.9517620916265243,0.005754740000000008,0.015048899159368273,2.615044147844777,1.0,2.0336673571992558e-06,"{'A': 'n2', 'I': 'idn_2', 'B': 'adn_2'}","{'A': ['parallel_a_ab_qss'], 'AB': ['parallel_a_ab_qss'], 'I': ['parallel_a_ab_qss']}",surface_parallel_qss,0.0,nan,nan,1.4074646633398433,['inhibition_ratio'],,
cvd:aib_qss:A:full:bulk_as_surface:A=adn_2,19,"{'A': 'adn_2', 'I': None, 'B': None}",{},deposition_rate,nm/s,condition_cv,inner_selection,{'A': ['adn_2']},"[{'effects': {}, 'condition': 1, 'weight': 1.0, 'mse_increase': 5.232677490417384e-05, 'mean_mse_increase': 5.49530555691874e-05, 'centered_mse_increase': -2.6262806650135388e-06}]",1,3.4796780875382975e-05,0.00589887962882639,0.0056354931515079565,0.009357023048669241,49.0,-0.0056354931515079565,3.175878306069308e-05,3.0379978146898883e-06,0.0017429853168314093,-6.378846902729349,0.16625346890928586,nan,0.10921737265306122,4.1171714967634963e-07,0.05401045168486803,8.712355577955682e-05,3.4796780875382975e-05,0.00589887962882639,0.0056354931515079565,0.009357023048669241,-83.5162289274,-0.0056354931515079565,0.05401045168486803,-0.05159887126574273,0.0017429853168314093,-6.378846902729349,0.009333999988191387,0.36802232308879684,0.0033476649999999997,0.007792556163188885,2.3277586506382466,1.0,2.7000390880081157e-05,"{'A': 'adn_2', 'I': None, 'B': None}",{'A': ['aib_qss']},surface_qss,0.0,nan,nan,10000000000.0,['half_saturation_ratio'],,
cvd:aib_qss:A:full:bulk_as_surface:A=adn_2,19,"{'A': 'adn_2', 'I': None, 'B': None}",{},deposition_rate,nm/s,condition_cv,inner_selection,{'A': ['adn_2']},"[{'effects': {}, 'condition': 2, 'weight': 1.0, 'mse_increase': 0.0026159448640228605, 'mean_mse_increase': 0.002617980253482398, 'centered_mse_increase': -2.0353894595362583e-06}]",2,0.0001353616881279773,0.011634504206367254,0.011539275675076465,0.01372384964009521,49.0,0.011539275675076465,0.0001331548831054114,2.206805022565923e-06,0.00148553189887189,-11.87400620784951,-0.028320895767009045,nan,0.07686286373469386,1.7141556302966477e-07,0.1513670404803789,0.0027513065521508413,0.0001353616881279773,0.011634504206367254,0.011539275675076465,0.01372384964009521,-788.6697693928289,0.011539275675076465,0.1513670404803789,0.1501280997661806,0.00148553189887189,-11.87400620784951,0.05245289841515759,0.7781913953680551,0.0019401760000000018,0.006375397086226392,3.285989047502075,1.0,5.796020138143554e-06,"{'A': 'adn_2', 'I': None, 'B': None}",{'A': ['aib_qss']},surface_qss,0.0,nan,nan,17.78279410038923,[],,
cvd:aib_qss:A:full:bulk_as_surface:A=adn_2,19,"{'A': 'adn_2', 'I': None, 'B': None}",{},deposition_rate,nm/s,condition_cv,inner_selection,{'A': ['adn_2']},"[{'effects': {}, 'condition': 4, 'weight': 1.0, 'mse_increase': 0.003078507146936398, 'mean_mse_increase': 0.0030795693682790382, 'centered_mse_increase': -1.062221342639663e-06}]",4,2.3490094557291004e-05,0.004846658081326865,0.004716451644755551,0.0071031000303578146,49.0,-0.004716451644755551,2.224491611731734e-05,1.2451784399736671e-06,0.0011158756382203471,-5.805849339096621,0.3028070309392278,nan,0.07443086153061225,1.8295709733400396e-07,0.06511624320421859,0.0031019972414936927,2.3490094557291004e-05,0.004846658081326865,0.004716451644755551,0.0071031000303578146,-127.39127259659028,-0.004716451644755551,0.06511624320421859,-0.06336688233570625,0.0011158756382203471,-5.805849339096621,0.05569557649844099,0.9129794790531968,0.0023843499999999934,0.00526505234179675,2.2081709236465974,1.0,2.9563057638092004e-05,"{'A': 'adn_2', 'I': None, 'B': None}",{'A': ['aib_qss']},surface_qss,0.0,nan,nan,10000000000.0,['half_saturation_ratio'],,
cvd:aib_qss:A:full:bulk_as_surface:A=adn_2,19,"{'A': 'adn_2', 'I': None, 'B': None}",{},deposition_rate,nm/s,condition_cv,inner_selection,{'A': ['adn_2']},"[{'effects': {}, 'condition': 5, 'weight': 1.0, 'mse_increase': 0.01377360514663234, 'mean_mse_increase': 0.013787296435500834, 'centered_mse_increase': -1.3691288868495288e-05}]",5,2.4557966999012167e-05,0.004955599559993943,0.004309383091379384,0.008807937340284733,49.0,0.0029796025052860184,8.878031089506717e-06,1.567993590950545e-05,0.003959789881989377,-6.884725437019029,-0.1975290413049927,nan,0.20429415020408165,1.988647041010162e-06,0.02425717797129041,0.013798163113631348,2.4557966999012167e-05,0.004955599559993943,0.004309383091379384,0.008807937340284733,-11.349082814885838,0.0029796025052860184,0.02425717797129041,0.014584864531409808,0.003959789881989377,-6.884725437019029,0.11746558267693286,0.9578123272616508,0.005754740000000008,0.015419400348050893,2.67942606408819,1.0,3.064996881098068e-05,"{'A': 'adn_2', 'I': None, 'B': None}",{'A': ['aib_qss']},surface_qss,0.0,nan,nan,10000000000.0,['half_saturation_ratio'],,
"cvd:aib_qss:AI:full:bulk_as_surface:A=adn_2,I=n2",20,"{'A': 'adn_2', 'I': 'n2', 'B': None}",{},deposition_rate,nm/s,condition_cv,inner_selection,"{'A': ['adn_2'], 'I': ['n2']}","[{'effects': {'A': ['adn_2']}, 'condition': 1, 'weight': 1.0, 'mse_increase': -4.773491443701289e-15, 'mean_mse_increase': -4.789225927729485e-15, 'centered_mse_increase': 1.571881391867168e-17}]",1,3.4796780880156466e-05,0.005898879629231001,0.005635493151932873,0.009357023049068519,49.0,-0.005635493151932873,3.1758783065482306e-05,3.0379978146741695e-06,0.0017429853168269,-6.37884690269117,0.16625346890798862,nan,0.10921737265306122,4.1171714967634963e-07,0.054010451688572665,8.712355577955682e-05,3.4796780880156466e-05,0.005898879629231001,0.005635493151932873,0.009357023049068519,-83.51622893899409,-0.005635493151932873,0.054010451688572665,-0.051598871269633285,0.0017429853168269,-6.37884690269117,0.009333999988191387,0.36802232304544885,0.0033476649999999997,0.007792556163159048,2.3277586506293337,1.0,2.7000390886881683e-05,"{'A': 'adn_2', 'I': 'n2', 'B': None}","{'A': ['aib_qss'], 'I': ['aib_qss']}",surface_qss,0.0,nan,nan,10000000000.0,"['half_saturation_ratio', 'inhibition_ratio']",,
"cvd:aib_qss:AI:full:bulk_as_surface:A=adn_2,I=n2",20,"{'A': 'adn_2', 'I': 'n2', 'B': None}",{},deposition_rate,nm/s,condition_cv,inner_selection,"{'A': ['adn_2'], 'I': ['n2']}","[{'effects': {'A': ['adn_2']}, 'condition': 2, 'weight': 1.0, 'mse_increase': -2.854457664160093e-14, 'mean_mse_increase': -2.84708237888176e-14, 'centered_mse_increase': -7.378800465063749e-17}]",2,0.00013536168815652189,0.011634504207593974,0.011539275676310114,0.013723849641360086,49.0,0.011539275676310114,0.00013315488313388223,2.206805022639711e-06,0.0014855318988967255,-11.874006208279972,-0.028320895768100894,nan,0.07686286373469386,1.7141556302966477e-07,0.15136704049633876,0.0027513065521508413,0.00013536168815652189,0.011634504207593974,0.011539275676310114,0.013723849641360086,-788.6697695593515,0.011539275676310114,0.15136704049633876,0.1501280997822306,0.0014855318988967255,-11.874006208279972,0.05245289841515759,0.7781913953446681,0.0019401760000000018,0.0063753970863379555,3.285989047559577,1.0,5.796020138163628e-06,"{'A': 'adn_2', 'I': 'n2', 'B': None}","{'A': ['aib_qss'], 'I': ['aib_qss']}",surface_qss,0.0,nan,nan,17.78279410038923,['inhibition_ratio'],,
"cvd:aib_qss:AI:full:bulk_as_surface:A=adn_2,I=n2",20,"{'A': 'adn_2', 'I': 'n2', 'B': None}",{},deposition_rate,nm/s,condition_cv,inner_selection,"{'A': ['adn_2'], 'I': ['n2']}","[{'effects': {'A': ['adn_2']}, 'condition': 4, 'weight': 1.0, 'mse_increase': -2.843215165257776e-15, 'mean_mse_increase': -2.851942992746284e-15, 'centered_mse_increase': 8.729733312639633e-18}]",4,2.349009456013422e-05,0.004846658081620181,0.004716451645057891,0.007103100030639839,49.0,-0.004716451645057891,2.2244916120169284e-05,1.2451784399649374e-06,0.0011158756382164355,-5.8058493390489065,0.3028070309379871,nan,0.07443086153061225,1.8295709733400396e-07,0.06511624320815938,0.0031019972414936927,2.349009456013422e-05,0.004846658081620181,0.004716451645057891,0.007103100030639839,-127.39127261213062,-0.004716451645057891,0.06511624320815938,-0.06336688233976827,0.0011158756382164355,-5.8058493390489065,0.05569557649844099,0.9129794790479304,0.0023843499999999934,0.005265052341772436,2.2081709236364,1.0,2.956305764534778e-05,"{'A': 'adn_2', 'I': 'n2', 'B': None}","{'A': ['aib_qss'], 'I': ['aib_qss']}",surface_qss,0.0,nan,nan,10000000000.0,"['half_saturation_ratio', 'inhibition_ratio']",,
"cvd:aib_qss:AI:full:bulk_as_surface:A=adn_2,I=n2",20,"{'A': 'adn_2', 'I': 'n2', 'B': None}",{},deposition_rate,nm/s,condition_cv,inner_selection,"{'A': ['adn_2'], 'I': ['n2']}","[{'effects': {'A': ['adn_2']}, 'condition': 5, 'weight': 1.0, 'mse_increase': 6.050905219587288e-15, 'mean_mse_increase': 6.000777809768779e-15, 'centered_mse_increase': 5.0127409818509494e-17}]",5,2.4557966992961262e-05,0.004955599559383432,0.004309383090901119,0.008807937339272903,49.0,0.002979602504279042,8.87803108350594e-06,1.5679935909455323e-05,0.003959789881983048,-6.884725436993823,-0.19752904130629356,nan,0.20429415020408165,1.988647041010162e-06,0.024257177968302013,0.013798163113631348,2.4557966992961262e-05,0.004955599559383432,0.004309383090901119,0.008807937339272903,-11.349082811843115,0.002979602504279042,0.024257177968302013,0.014584864526480758,0.003959789881983048,-6.884725436993823,0.11746558267693286,0.9578123272668482,0.005754740000000008,0.01541940034800443,2.679426064080116,1.0,3.0649968819666314e-05,"{'A': 'adn_2', 'I': 'n2', 'B': None}","{'A': ['aib_qss'], 'I': ['aib_qss']}",surface_qss,0.0,nan,nan,10000000000.0,"['half_saturation_ratio', 'inhibition_ratio']",,
"cvd:aib_qss:AI:full:bulk_as_surface:A=adn_2,I=idn_2",21,"{'A': 'adn_2', 'I': 'idn_2', 'B': None}",{},deposition_rate,nm/s,condition_cv,inner_selection,"{'A': ['adn_2'], 'I': ['idn_2']}","[{'effects': {'A': ['adn_2']}, 'condition': 1, 'weight': 1.0, 'mse_increase': -5.525121376040443e-15, 'mean_mse_increase': -4.6968180213158295e-15, 'centered_mse_increase': -8.2830335472461325e-16}]",1,3.4796780880908096e-05,0.00589887962929471,0.005635493151924674,0.009357023049928553,49.0,-0.005635493151924674,3.17587830653899e-05,3.0379978155181917e-06,0.0017429853170690198,-6.3788469047411755,0.16625346891238288,nan,0.10921737265306122,4.1171714967634963e-07,0.054010451689156,8.712355577955682e-05,3.4796780880908096e-05,0.00589887962929471,0.005635493151924674,0.009357023049928553,-83.5162289408197,-0.005635493151924674,0.054010451689156,-0.05159887126955822,0.0017429853170690198,-6.3788469047411755,0.009333999988191387,0.3680223230386233,0.0033476649999999997,0.007792556164320591,2.327758650976305,1.0,2.7000390888438543e-05,"{'A': 'adn_2', 'I': 'idn_2', 'B': None}","{'A': ['aib_qss'], 'I': ['aib_qss']}",surface_qss,0.0,nan,nan,10000000000.0,"['half_saturation_ratio', 'inhibition_ratio']",,
"cvd:aib_qss:AI:full:bulk_as_surface:A=adn_2,I=idn_2",21,"{'A': 'adn_2', 'I': 'idn_2', 'B': None}",{},deposition_rate,nm/s,condition_cv,inner_selection,"{'A': ['adn_2'], 'I': ['idn_2']}","[{'effects': {'A': ['adn_2']}, 'condition': 2, 'weight': 1.0, 'mse_increase': -2.938900750364126e-14, 'mean_mse_increase': -2.883286599926482e-14, 'centered_mse_increase': -5.561021173443922e-16}]",2,0.00013536168815736632,0.011634504207630264,0.0115392756763258,0.013723849641577746,49.0,0.0115392756763258,0.00013315488313424427,2.206805023122025e-06,0.0014855318990590627,-11.874006211093684,-0.0283208957653734,nan,0.07686286373469386,1.7141556302966477e-07,0.1513670404968109,0.0027513065521508413,0.00013536168815736632,0.011634504207630264,0.0115392756763258,0.013723849641577746,-788.6697695642778,0.0115392756763258,0.1513670404968109,0.1501280997824347,0.0014855318990590627,-11.874006211093684,0.05245289841515759,0.7781913953439763,0.0019401760000000018,0.006375397087090784,3.2859890479475977,1.0,5.796020139592058e-06,"{'A': 'adn_2', 'I': 'idn_2', 'B': None}","{'A': ['aib_qss'], 'I': ['aib_qss']}",surface_qss,0.0,nan,nan,17.78279410038923,['inhibition_ratio'],,
"cvd:aib_qss:AI:full:bulk_as_surface:A=adn_2,I=idn_2",21,"{'A': 'adn_2', 'I': 'idn_2', 'B': None}",{},deposition_rate,nm/s,condition_cv,inner_selection,"{'A': ['adn_2'], 'I': ['idn_2']}","[{'effects': {'A': ['adn_2']}, 'condition': 4, 'weight': 1.0, 'mse_increase': -3.105968173627849e-15, 'mean_mse_increase': -2.7500246004008577e-15, 'centered_mse_increase': -3.559406086116757e-16}]",4,2.349009456039697e-05,0.004846658081647288,0.004716451645047086,0.007103100031212298,49.0,-0.004716451645047086,2.2244916120067366e-05,1.2451784403296077e-06,0.0011158756383798365,-5.805849341042109,0.30280703094106365,nan,0.07443086153061225,1.8295709733400396e-07,0.06511624320852356,0.0031019972414936927,2.349009456039697e-05,0.004846658081647288,0.004716451645047086,0.007103100031212298,-127.39127261356677,-0.004716451645047086,0.06511624320852356,-0.0633668823396231,0.0011158756383798365,-5.805849341042109,0.05569557649844099,0.9129794790474437,0.0023843499999999934,0.005265052342557031,2.20817092396546,1.0,2.9563057647108412e-05,"{'A': 'adn_2', 'I': 'idn_2', 'B': None}","{'A': ['aib_qss'], 'I': ['aib_qss']}",surface_qss,0.0,nan,nan,10000000000.0,"['half_saturation_ratio', 'inhibition_ratio']",,
"cvd:aib_qss:AI:full:bulk_as_surface:A=adn_2,I=idn_2",21,"{'A': 'adn_2', 'I': 'idn_2', 'B': None}",{},deposition_rate,nm/s,condition_cv,inner_selection,"{'A': ['adn_2'], 'I': ['idn_2']}","[{'effects': {'A': ['adn_2']}, 'condition': 5, 'weight': 1.0, 'mse_increase': 2.704217058613345e-15, 'mean_mse_increase': 6.501403080716277e-15, 'centered_mse_increase': -3.797187716168826e-15}]",5,2.455796699630795e-05,0.004955599559721099,0.004309383091262583,0.008807937339782967,49.0,0.0029796025041950334,8.878031083005314e-06,1.5679935913302638e-05,0.003959789882468846,-6.884725438928462,-0.19752904129904367,nan,0.20429415020408165,1.988647041010162e-06,0.024257177969954864,0.013798163113631348,2.455796699630795e-05,0.004955599559721099,0.004309383091262583,0.008807937339782967,-11.349082813526012,0.0029796025041950334,0.024257177969954864,0.014584864526069543,0.003959789882468846,-6.884725438928462,0.11746558267693286,0.9578123272639736,0.005754740000000008,0.015419400350349471,2.679426064487614,1.0,3.0649968820341854e-05,"{'A': 'adn_2', 'I': 'idn_2', 'B': None}","{'A': ['aib_qss'], 'I': ['aib_qss']}",surface_qss,0.0,nan,nan,10000000000.0,"['half_saturation_ratio', 'inhibition_ratio']",,
"cvd:parallel_a_ab_qss:AB:no_desorption:bulk_as_surface:A=n2,B=adn_2",22,"{'A': 'n2', 'I': None, 'B': 'adn_2'}",{},deposition_rate,nm/s,condition_cv,inner_selection,"{'A': ['n2'], 'AB': ['n2', 'adn_2']}","[{'effects': {'A': ['n2']}, 'condition': 1, 'weight': 1.0, 'mse_increase': 0.0003473883267723886, 'mean_mse_increase': 0.00035004486498905373, 'centered_mse_increase': -2.656538216665143e-06}]",1,3.478347043221453e-05,0.005897751303014949,0.005634316425002712,0.009355799447297392,49.0,-0.005634316425002712,3.1745521577055344e-05,3.0379488551591855e-06,0.0017429712720407027,-6.37872798727795,0.16625376858379295,nan,0.10921737265306122,4.1171714967634963e-07,0.054000120674479915,8.712355577955682e-05,3.478347043221453e-05,0.005897751303014949,0.005634316425002712,0.009355799447297392,-83.48389983161442,-0.005634316425002712,0.054000120674479915,-0.0515880970960602,0.0017429712720407027,-6.37872798727795,0.009333999988191387,0.3681432065056459,0.0033476649999999997,0.0077924909408271514,2.327739167696634,1.0,2.7000651696160018e-05,"{'A': 'n2', 'I': None, 'B': 'adn_2'}","{'A': ['parallel_a_ab_qss'], 'AB': ['parallel_a_ab_qss']}",surface_parallel_qss,0.0,nan,nan,9.646616199111991e-06,['single_conversion_ratio'],,
"cvd:parallel_a_ab_qss:AB:no_desorption:bulk_as_surface:A=n2,B=adn_2",22,"{'A': 'n2', 'I': None, 'B': 'adn_2'}",{},deposition_rate,nm/s,condition_cv,inner_selection,"{'A': ['n2'], 'AB': ['n2', 'adn_2']}","[{'effects': {'A': ['n2']}, 'condition': 2, 'weight': 1.0, 'mse_increase': 0.0026355518782468766, 'mean_mse_increase': 0.0026375075569387346, 'centered_mse_increase': -1.9556786918576726e-06}]",2,0.00011575467356601098,0.010758934592514771,0.010659623788442377,0.012810286343033273,49.0,0.010659623788442377,0.00011362757931112662,2.1270942548843588e-06,0.0014584561203150265,-11.408991443304648,-0.027485502958613194,nan,0.07686286373469386,1.7141556302966477e-07,0.1399757186988399,0.0027513065521508413,0.00011575467356601098,0.010758934592514771,0.010659623788442377,0.012810286343033273,-674.2868381383711,0.010659623788442377,0.1399757186988399,0.13868366686461234,0.0014584561203150265,-11.408991443304648,0.05245289841515759,0.7948838878767145,0.0019401760000000018,0.0062523188286110615,3.2225524017465714,1.0,5.78690024455874e-06,"{'A': 'n2', 'I': None, 'B': 'adn_2'}","{'A': ['parallel_a_ab_qss'], 'AB': ['parallel_a_ab_qss']}",surface_parallel_qss,0.0,nan,nan,0.05523158417307099,[],,
"cvd:parallel_a_ab_qss:AB:no_desorption:bulk_as_surface:A=n2,B=adn_2",22,"{'A': 'n2', 'I': None, 'B': 'adn_2'}",{},deposition_rate,nm/s,condition_cv,inner_selection,"{'A': ['n2'], 'AB': ['n2', 'adn_2']}","[{'effects': {'A': ['n2']}, 'condition': 4, 'weight': 1.0, 'mse_increase': 0.004724921484164228, 'mean_mse_increase': 0.004726008763097172, 'centered_mse_increase': -1.0872789329443636e-06}]",4,2.161703627076795e-05,0.00464941246511513,0.004513237169777965,0.006904330374230508,49.0,-0.004513237169777965,2.0369309750665415e-05,1.2477265201025458e-06,0.0011170167949062118,-5.81977653933104,0.3028525960191679,nan,0.07443086153061225,1.8295709733400396e-07,0.06246619170467212,0.0031019972414936927,2.161703627076795e-05,0.00464941246511513,0.004513237169777965,0.006904330374230508,-117.15358128088461,-0.004513237169777965,0.06246619170467212,-0.06063663750448114,0.0011170167949062118,-5.81977653933104,0.05569557649844099,0.9165209742420877,0.0023843499999999934,0.005270859699226471,2.210606538145191,1.0,2.9529485822574388e-05,"{'A': 'n2', 'I': None, 'B': 'adn_2'}","{'A': ['parallel_a_ab_qss'], 'AB': ['parallel_a_ab_qss']}",surface_parallel_qss,0.0,nan,nan,0.0028902639100224503,['single_conversion_ratio'],,
"cvd:parallel_a_ab_qss:AB:no_desorption:bulk_as_surface:A=n2,B=adn_2",22,"{'A': 'n2', 'I': None, 'B': 'adn_2'}",{},deposition_rate,nm/s,condition_cv,inner_selection,"{'A': ['n2'], 'AB': ['n2', 'adn_2']}","[{'effects': {'A': ['n2']}, 'condition': 5, 'weight': 1.0, 'mse_increase': 0.01186526333231623, 'mean_mse_increase': 0.01186986439480619, 'centered_mse_increase': -4.601062489955461e-06}]",5,0.0011434943075170193,0.03381559266842767,0.033718814985794904,0.0385571585499829,49.0,-0.033718814985794904,0.001136958484046267,6.535823470752005e-06,0.0025565256640120017,-2.2865678705015644,-0.18665605977313215,nan,0.20429415020408165,1.988647041010162e-06,0.16552403793572776,0.013798163113631348,0.0011434943075170193,0.03381559266842767,0.033718814985794904,0.0385571585499829,-574.0111930049511,-0.033718814985794904,0.16552403793572776,-0.16505032058975336,0.0025565256640120017,-2.2865678705015644,0.11746558267693286,0.7121233990603771,0.005754740000000008,0.008533156875562775,1.4828049356813275,1.0,2.4273284926732533e-05,"{'A': 'n2', 'I': None, 'B': 'adn_2'}","{'A': ['parallel_a_ab_qss'], 'AB': ['parallel_a_ab_qss']}",surface_parallel_qss,0.0,nan,nan,0.19809567785503387,['single_conversion_ratio'],,
"cvd:parallel_a_ab_qss:AB:no_desorption:bulk_as_surface:A=adn_2,B=n2",23,"{'A': 'adn_2', 'I': None, 'B': 'n2'}",{},deposition_rate,nm/s,condition_cv,inner_selection,"{'A': ['adn_2'], 'AB': ['adn_2', 'n2']}","[{'effects': {'A': ['adn_2']}, 'condition': 1, 'weight': 1.0, 'mse_increase': 5.9058254163815715e-15, 'mean_mse_increase': 5.937226621802183e-15, 'centered_mse_increase': -3.139824080529603e-17}, {'effects': {'AB': ['adn_2', 'n2']}, 'condition': 1, 'weight': 1.0, 'mse_increase': 1.8973538018496328e-19, 'mean_mse_increase': 2.1006417091906648e-19, 'centered_mse_increase': -4.658681209898652e-21}]",1,3.479678086947715e-05,0.005898879628325802,0.005635493150981186,0.009357023048185545,49.0,-0.005635493150981186,3.1758783054755854e-05,3.0379978147212865e-06,0.0017429853168404164,-6.378846902805611,0.16625346891082063,nan,0.10921737265306122,4.1171714967634963e-07,0.05401045168028462,8.712355577955682e-05,3.479678086947715e-05,0.005898879628325802,0.005635493150981186,0.009357023048185545,-83.51622891305561,-0.005635493150981186,0.05401045168028462,-0.05159887126091959,0.0017429853168404164,-6.378846902805611,0.009333999988191387,0.3680223231424275,0.0033476649999999997,0.00779255616324151,2.3277586506539665,1.0,2.700039087193716e-05,"{'A': 'adn_2', 'I': None, 'B': 'n2'}","{'A': ['parallel_a_ab_qss'], 'AB': ['parallel_a_ab_qss']}",surface_parallel_qss,0.0,nan,nan,10000000000.0,['conversion_ratio'],,
"cvd:parallel_a_ab_qss:AB:no_desorption:bulk_as_surface:A=adn_2,B=n2",23,"{'A': 'adn_2', 'I': None, 'B': 'n2'}",{},deposition_rate,nm/s,condition_cv,inner_selection,"{'A': ['adn_2'], 'AB': ['adn_2', 'n2']}","[{'effects': {'A': ['adn_2']}, 'condition': 2, 'weight': 1.0, 'mse_increase': 1.960762537212132e-05, 'mean_mse_increase': 1.9527917474545275e-05, 'centered_mse_increase': 7.970789757604044e-08}, {'effects': {'AB': ['adn_2', 'n2']}, 'condition': 2, 'weight': 1.0, 'mse_increase': 5.514738330434418e-10, 'mean_mse_increase': 5.541629733086173e-10, 'centered_mse_increase': -2.689140282963198e-12}]",2,0.00011575406275585599,0.010758906206295136,0.010659595003135257,0.012810258814089759,49.0,0.010659595003135257,0.00011362696563086613,2.1270971249898826e-06,0.0014584571042680285,-11.409008186857411,-0.027485541830117362,nan,0.07686286373469386,1.7141556302966477e-07,0.13997534938889936,0.0027513065521508413,0.00011575406275585599,0.010758906206295136,0.010659595003135257,0.012810258814089759,-674.2832748087399,0.010659595003135257,0.13997534938889936,0.1386832923624702,0.0014584571042680285,-11.409008186857411,0.05245289841515759,0.7948844290521403,0.0019401760000000018,0.00625232323631883,3.2225546735547828,1.0,5.786897613151677e-06,"{'A': 'adn_2', 'I': None, 'B': 'n2'}","{'A': ['parallel_a_ab_qss'], 'AB': ['parallel_a_ab_qss']}",surface_parallel_qss,0.0,nan,nan,18.10558243027122,[],,
"cvd:parallel_a_ab_qss:AB:no_desorption:bulk_as_surface:A=adn_2,B=n2",23,"{'A': 'adn_2', 'I': None, 'B': 'n2'}",{},deposition_rate,nm/s,condition_cv,inner_selection,"{'A': ['adn_2'], 'AB': ['adn_2', 'n2']}","[{'effects': {'A': ['adn_2']}, 'condition': 4, 'weight': 1.0, 'mse_increase': 1.8730405641842414e-06, 'mean_mse_increase': 1.8755887027341524e-06, 'centered_mse_increase': -2.5481385499040613e-09}, {'effects': {'AB': ['adn_2', 'n2']}, 'condition': 4, 'weight': 1.0, 'mse_increase': -5.522654816098038e-19, 'mean_mse_increase': -5.488773498207866e-19, 'centered_mse_increase': 5.293955920339377e-21}]",4,2.1617053993106762e-05,0.004649414370983378,0.004513239126678664,0.006904332424746196,49.0,-0.004513239126678664,2.036932741458319e-05,1.2477265785235712e-06,0.00111701682105668,-5.819776858646477,0.30285259601679326,nan,0.07443086153061225,1.8295709733400396e-07,0.06246621731055936,0.0031019972414936927,2.1617053993106762e-05,0.004649414370983378,0.004513239126678664,0.006904332424746196,-117.15367814697544,-0.004513239126678664,0.06246621731055936,-0.06063666379600401,0.00111701682105668,-5.819776858646477,0.05569557649844099,0.9165209400227049,0.0023843499999999934,0.005270859825803664,2.210606591231857,1.0,2.9529482593440366e-05,"{'A': 'adn_2', 'I': None, 'B': 'n2'}","{'A': ['parallel_a_ab_qss'], 'AB': ['parallel_a_ab_qss']}",surface_parallel_qss,0.0,nan,nan,345.98916608699324,[],,
"cvd:parallel_a_ab_qss:AB:no_desorption:bulk_as_surface:A=adn_2,B=n2",23,"{'A': 'adn_2', 'I': None, 'B': 'n2'}",{},deposition_rate,nm/s,condition_cv,inner_selection,"{'A': ['adn_2'], 'AB': ['adn_2', 'n2']}","[{'effects': {'A': ['adn_2']}, 'condition': 5, 'weight': 1.0, 'mse_increase': -0.0011189363375020374, 'mean_mse_increase': -0.0011280804499363183, 'centered_mse_increase': 9.144112434280693e-06}, {'effects': {'AB': ['adn_2', 'n2']}, 'condition': 5, 'weight': 1.0, 'mse_increase': 3.0841648679391653e-14, 'mean_mse_increase': 3.092209648059008e-14, 'centered_mse_increase': -8.035039240949018e-17}]",5,0.0011434943045010497,0.03381559262383331,0.03371881494100623,0.03855715850759836,49.0,-0.03371881494100623,0.001136958481025825,6.5358234752247575e-06,0.0025565256648867733,-2.2865678727507075,-0.18665605977590263,nan,0.20429415020408165,1.988647041010162e-06,0.16552403771744267,0.013798163113631348,0.0011434943045010497,0.03381559262383331,0.03371881494100623,0.03855715850759836,-574.0111914883573,-0.03371881494100623,0.16552403771744267,-0.16505032037051717,0.0025565256648867733,-2.2865678727507075,0.11746558267693286,0.7121233994400149,0.005754740000000008,0.008533156880249582,1.482804936495753,1.0,2.427328489807891e-05,"{'A': 'adn_2', 'I': None, 'B': 'n2'}","{'A': ['parallel_a_ab_qss'], 'AB': ['parallel_a_ab_qss']}",surface_parallel_qss,0.0,nan,nan,5.0480657166674705,['single_conversion_ratio'],,
"cvd:parallel_a_ab_qss:AIB:no_desorption:bulk_as_surface:A=adn_2,I=idn_2,B=n2",24,"{'A': 'adn_2', 'I': 'idn_2', 'B': 'n2'}",{},deposition_rate,nm/s,condition_cv,inner_selection,"{'A': ['adn_2'], 'AB': ['adn_2', 'n2'], 'I': ['idn_2']}","[{'effects': {'A': ['adn_2'], 'I': ['idn_2']}, 'condition': 1, 'weight': 1.0, 'mse_increase': 5.906069361870381e-15, 'mean_mse_increase': 5.93747734355457e-15, 'centered_mse_increase': -3.140628761829495e-17}, {'effects': {'A': ['adn_2'], 'AB': ['adn_2', 'n2']}, 'condition': 1, 'weight': 1.0, 'mse_increase': -5.5248774305516335e-15, 'mean_mse_increase': -4.696567299563442e-15, 'centered_mse_increase': -8.283114015376122e-16}, {'effects': {'A': ['adn_2'], 'B': ['n2'], 'I': ['idn_2']}, 'condition': 1, 'weight': 1.0, 'mse_increase': 6.776263578034403e-21, 'mean_mse_increase': 1.3552527156068805e-20, 'centered_mse_increase': -2.964615315390051e-21}]",1,3.4796780875002027e-05,0.0058988796287941,0.005635493151397881,0.00935702304944483,49.0,-0.005635493151397881,3.175878305945242e-05,3.037997815549598e-06,0.0017429853170780293,-6.378846904817457,0.16625346891391501,nan,0.10921737265306122,4.1171714967634963e-07,0.054010451684572386,8.712355577955682e-05,3.4796780875002027e-05,0.0058988796287941,0.005635493151397881,0.00935702304944483,-83.51622892647474,-0.005635493151397881,0.054010451684572386,-0.05159887126473488,0.0017429853170780293,-6.378846904817457,0.009333999988191387,0.3680223230922563,0.0033476649999999997,0.0077925561643732155,2.3277586509920245,1.0,2.700039088029453e-05,"{'A': 'adn_2', 'I': 'idn_2', 'B': 'n2'}","{'A': ['parallel_a_ab_qss'], 'AB': ['parallel_a_ab_qss'], 'I': ['parallel_a_ab_qss']}",surface_parallel_qss,0.0,nan,nan,10000000000.0,"['conversion_ratio', 'inhibition_ratio']",,
"cvd:parallel_a_ab_qss:AIB:no_desorption:bulk_as_surface:A=adn_2,I=idn_2,B=n2",24,"{'A': 'adn_2', 'I': 'idn_2', 'B': 'n2'}",{},deposition_rate,nm/s,condition_cv,inner_selection,"{'A': ['adn_2'], 'AB': ['adn_2', 'n2'], 'I': ['idn_2']}","[{'effects': {'A': ['adn_2'], 'I': ['idn_2']}, 'condition': 2, 'weight': 1.0, 'mse_increase': 1.9607124301565504e-05, 'mean_mse_increase': 1.9527413960651976e-05, 'centered_mse_increase': 7.971034091349378e-08}, {'effects': {'A': ['adn_2'], 'AB': ['adn_2', 'n2']}, 'condition': 2, 'weight': 1.0, 'mse_increase': -5.010999448230077e-10, 'mean_mse_increase': -5.03542726165338e-10, 'centered_mse_increase': 2.442781351224161e-12}, {'effects': {'A': ['adn_2'], 'B': ['n2'], 'I': ['idn_2']}, 'condition': 2, 'weight': 1.0, 'mse_increase': 5.0402251897943215e-11, 'mean_mse_increase': 5.06480700342973e-11, 'centered_mse_increase': -2.4581814228331325e-13}]",2,0.00011575456385580081,0.010758929493950633,0.010659618622333179,0.01281028136054635,49.0,0.010659618622333179,0.0001136274691735923,2.1270946822085314e-06,0.0014584562668138292,-11.408993936218156,-0.027485506605277172,nan,0.07686286373469386,1.7141556302966477e-07,0.13997565236558232,0.0027513065521508413,0.00011575456385580081,0.010758929493950633,0.010659618622333179,0.01281028136054635,-674.2861981135785,0.010659618622333179,0.13997565236558232,0.13868359965258112,0.0014584562668138292,-11.408993936218156,0.05245289841515759,0.7948839850794295,0.0019401760000000018,0.006252319496953235,3.222552746221595,1.0,5.786899704700638e-06,"{'A': 'adn_2', 'I': 'idn_2', 'B': 'n2'}","{'A': ['parallel_a_ab_qss'], 'AB': ['parallel_a_ab_qss'], 'I': ['parallel_a_ab_qss']}",surface_parallel_qss,0.0,nan,nan,18.10558243027122,[],,
"cvd:parallel_a_ab_qss:AIB:no_desorption:bulk_as_surface:A=adn_2,I=idn_2,B=n2",24,"{'A': 'adn_2', 'I': 'idn_2', 'B': 'n2'}",{},deposition_rate,nm/s,condition_cv,inner_selection,"{'A': ['adn_2'], 'AB': ['adn_2', 'n2'], 'I': ['idn_2']}","[{'effects': {'A': ['adn_2'], 'I': ['idn_2']}, 'condition': 4, 'weight': 1.0, 'mse_increase': 1.873040564108825e-06, 'mean_mse_increase': 1.8755887026593018e-06, 'centered_mse_increase': -2.548138550478773e-09}, {'effects': {'A': ['adn_2'], 'AB': ['adn_2', 'n2']}, 'condition': 4, 'weight': 1.0, 'mse_increase': -3.1813845991195827e-15, 'mean_mse_increase': -2.8248752078838257e-15, 'centered_mse_increase': -3.5651532046638776e-16}, {'effects': {'A': ['adn_2'], 'B': ['n2'], 'I': ['idn_2']}, 'condition': 4, 'weight': 1.0, 'mse_increase': -6.2680438096818225e-19, 'mean_mse_increase': -6.335806445462167e-19, 'centered_mse_increase': 5.082197683525802e-21}]",4,2.1617053996288147e-05,0.004649414371325505,0.004513239126991618,0.006904332425622342,49.0,-0.004513239126991618,2.0369327417408064e-05,1.2477265788800865e-06,0.0011170168212162638,-5.819776860595105,0.3028525960186234,nan,0.07443086153061225,1.8295709733400396e-07,0.06246621731515594,0.0031019972414936927,2.1617053996288147e-05,0.004649414371325505,0.004513239126991618,0.006904332425622342,-117.15367816436414,-0.004513239126991618,0.06246621731515594,-0.06063666380020865,0.0011170168212162638,-5.819776860595105,0.05569557649844099,0.9165209400165623,0.0023843499999999934,0.005270859826564264,2.210606591550854,1.0,2.9529482602585476e-05,"{'A': 'adn_2', 'I': 'idn_2', 'B': 'n2'}","{'A': ['parallel_a_ab_qss'], 'AB': ['parallel_a_ab_qss'], 'I': ['parallel_a_ab_qss']}",surface_parallel_qss,0.0,nan,nan,345.98916608699324,['inhibition_ratio'],,
"cvd:parallel_a_ab_qss:AIB:no_desorption:bulk_as_surface:A=adn_2,I=idn_2,B=n2",24,"{'A': 'adn_2', 'I': 'idn_2', 'B': 'n2'}",{},deposition_rate,nm/s,condition_cv,inner_selection,"{'A': ['adn_2'], 'AB': ['adn_2', 'n2'], 'I': ['idn_2']}","[{'effects': {'A': ['adn_2'], 'I': ['idn_2']}, 'condition': 5, 'weight': 1.0, 'mse_increase': -0.0011189363373842963, 'mean_mse_increase': -0.0011280804498207458, 'centered_mse_increase': 9.144112436449187e-06}, {'effects': {'A': ['adn_2'], 'AB': ['adn_2', 'n2']}, 'condition': 5, 'weight': 1.0, 'mse_increase': 1.2044532038402167e-13, 'mean_mse_increase': 1.220740088875294e-13, 'centered_mse_increase': -1.6286935857054083e-15}, {'effects': {'A': ['adn_2'], 'B': ['n2'], 'I': ['idn_2']}, 'condition': 5, 'weight': 1.0, 'mse_increase': 3.084316656243313e-14, 'mean_mse_increase': 3.092339752319706e-14, 'centered_mse_increase': -8.035632164012096e-17}]",5,0.0011434943043806044,0.033815592622052394,0.033718814939196054,0.03855715850670341,49.0,-0.033718814939196054,0.001136958480903751,6.535823476853451e-06,0.0025565256652053097,-2.2865678735697035,-0.18665605977126964,nan,0.20429415020408165,1.988647041010162e-06,0.16552403770872526,0.013798163113631348,0.0011434943043806044,0.033815592622052394,0.033718814939196054,0.03855715850670341,-574.011191427791,-0.033718814939196054,0.16552403770872526,-0.16505032036165654,0.0025565256652053097,-2.2865678735697035,0.11746558267693286,0.7121233994551761,0.005754740000000008,0.008533156881968068,1.482804936794374,1.0,2.427328490419549e-05,"{'A': 'adn_2', 'I': 'idn_2', 'B': 'n2'}","{'A': ['parallel_a_ab_qss'], 'AB': ['parallel_a_ab_qss'], 'I': ['parallel_a_ab_qss']}",surface_parallel_qss,0.0,nan,nan,5.0480657166674705,"['single_conversion_ratio', 'inhibition_ratio']",,
"cvd:aib_qss:AIB:no_desorption:bulk_as_surface:A=adn_2,I=idn_2,B=n2",25,"{'A': 'adn_2', 'I': 'idn_2', 'B': 'n2'}",{},deposition_rate,nm/s,condition_cv,inner_selection,"{'A': ['adn_2'], 'B': ['n2'], 'I': ['idn_2']}","[{'effects': {'AB': ['adn_2', 'n2']}, 'condition': 1, 'weight': 1.0, 'mse_increase': -5.5246944714350266e-15, 'mean_mse_increase': -4.696370787919679e-15, 'centered_mse_increase': -8.283130956035067e-16}]",1,3.479678087500203e-05,0.005898879628794101,0.005635493151397882,0.00935702304944483,49.0,-0.005635493151397882,3.1758783059452435e-05,3.037997815549595e-06,0.0017429853170780284,-6.37884690481745,0.16625346891391657,nan,0.10921737265306122,4.1171714967634963e-07,0.05401045168457239,8.712355577955682e-05,3.479678087500203e-05,0.005898879628794101,0.005635493151397882,0.00935702304944483,-83.51622892647475,-0.005635493151397882,0.05401045168457239,-0.051598871264734884,0.0017429853170780284,-6.37884690481745,0.009333999988191387,0.3680223230922562,0.0033476649999999997,0.007792556164373229,2.327758650992029,1.0,2.7000390880294565e-05,"{'A': 'adn_2', 'I': 'idn_2', 'B': 'n2'}","{'A': ['aib_qss'], 'B': ['aib_qss'], 'I': ['aib_qss']}",surface_qss,0.0,nan,nan,10000000000.0,"['conversion_ratio', 'inhibition_ratio']",,
"cvd:aib_qss:AIB:no_desorption:bulk_as_surface:A=adn_2,I=idn_2,B=n2",25,"{'A': 'adn_2', 'I': 'idn_2', 'B': 'n2'}",{},deposition_rate,nm/s,condition_cv,inner_selection,"{'A': ['adn_2'], 'B': ['n2'], 'I': ['idn_2']}","[{'effects': {'AB': ['adn_2', 'n2']}, 'condition': 2, 'weight': 1.0, 'mse_increase': -2.836367750912172e-14, 'mean_mse_increase': -2.7822891018013107e-14, 'centered_mse_increase': -5.407894557239289e-16}]",2,0.00011575461425805271,0.010758931836295492,0.01065962099803095,0.0128102836282947,49.0,0.01065962099803095,0.00011362751982166233,2.127094436390389e-06,0.001458456182540425,-11.408992502170175,-0.02748550306208936,nan,0.07686286373469386,1.7141556302966477e-07,0.13997568283991993,0.0027513065521508413,0.00011575461425805271,0.010758931836295492,0.01065962099803095,0.0128102836282947,-674.2864921490267,0.01065962099803095,0.13997568283991993,0.13868363056084623,0.001458456182540425,-11.408992502170175,0.05245289841515759,0.7948839404232727,0.0019401760000000018,0.006252319120654257,3.222552552270645,1.0,5.786899915129006e-06,"{'A': 'adn_2', 'I': 'idn_2', 'B': 'n2'}","{'A': ['aib_qss'], 'B': ['aib_qss'], 'I': ['aib_qss']}",surface_qss,0.0,nan,nan,18.10558243027122,['inhibition_ratio'],,
"cvd:aib_qss:AIB:no_desorption:bulk_as_surface:A=adn_2,I=idn_2,B=n2",25,"{'A': 'adn_2', 'I': 'idn_2', 'B': 'n2'}",{},deposition_rate,nm/s,condition_cv,inner_selection,"{'A': ['adn_2'], 'B': ['n2'], 'I': ['idn_2']}","[{'effects': {'AB': ['adn_2', 'n2']}, 'condition': 4, 'weight': 1.0, 'mse_increase': -3.1813100602202243e-15, 'mean_mse_increase': -2.8247905045891003e-15, 'centered_mse_increase': -3.5651510870815094e-16}]",4,2.161705399628752e-05,0.004649414371325438,0.004513239126991548,0.0069043324256222866,49.0,-0.004513239126991548,2.036932741740743e-05,1.2477265788800916e-06,0.001117016821216266,-5.819776860595132,0.3028525960186229,nan,0.07443086153061225,1.8295709733400396e-07,0.062466217315155045,0.0031019972414936927,2.161705399628752e-05,0.004649414371325438,0.004513239126991548,0.0069043324256222866,-117.1536781643607,-0.004513239126991548,0.062466217315155045,-0.060636663800207706,0.001117016821216266,-5.819776860595132,0.05569557649844099,0.9165209400165634,0.0023843499999999934,0.005270859826564278,2.2106065915508597,1.0,2.9529482602585425e-05,"{'A': 'adn_2', 'I': 'idn_2', 'B': 'n2'}","{'A': ['aib_qss'], 'B': ['aib_qss'], 'I': ['aib_qss']}",surface_qss,0.0,nan,nan,345.98916608699324,['inhibition_ratio'],,
"cvd:aib_qss:AIB:no_desorption:bulk_as_surface:A=adn_2,I=idn_2,B=n2",25,"{'A': 'adn_2', 'I': 'idn_2', 'B': 'n2'}",{},deposition_rate,nm/s,condition_cv,inner_selection,"{'A': ['adn_2'], 'B': ['n2'], 'I': ['idn_2']}","[{'effects': {'AB': ['adn_2', 'n2']}, 'condition': 5, 'weight': 1.0, 'mse_increase': 1.204438025009802e-13, 'mean_mse_increase': 1.220727078449224e-13, 'centered_mse_increase': -1.6286876564747775e-15}]",5,0.0011434943044114475,0.033815592622508446,0.033718814939654604,0.038557158507120076,49.0,-0.033718814939654604,0.0011369584809346744,6.535823476773095e-06,0.0025565256651895935,-2.286567873529296,-0.18665605977094288,nan,0.20429415020408165,1.988647041010162e-06,0.16552403771095758,0.013798163113631348,0.0011434943044114475,0.033815592622508446,0.033718814939654604,0.038557158507120076,-574.0111914433006,-0.033718814939654604,0.16552403771095758,-0.16505032036390108,0.0025565256651895935,-2.286567873529296,0.11746558267693286,0.7121233994512937,0.005754740000000008,0.008533156881886744,1.4828049367802425,1.0,2.4273284903850586e-05,"{'A': 'adn_2', 'I': 'idn_2', 'B': 'n2'}","{'A': ['aib_qss'], 'B': ['aib_qss'], 'I': ['aib_qss']}",surface_qss,0.0,nan,nan,5.0480657166674705,['inhibition_ratio'],,
"cvd:aib_qss:AB:no_desorption:bulk_as_surface:A=adn_2,B=n2",26,"{'A': 'adn_2', 'I': None, 'B': 'n2'}",{},deposition_rate,nm/s,condition_cv,inner_selection,"{'AB': ['adn_2', 'n2']}","[{'effects': {}, 'condition': 1, 'weight': 1.0, 'mse_increase': 5.232677491007948e-05, 'mean_mse_increase': 5.495305557512442e-05, 'centered_mse_increase': -2.6262806650449324e-06}]",1,3.479678086947734e-05,0.005898879628325818,0.005635493150981204,0.009357023048185559,49.0,-0.005635493150981204,3.1758783054756064e-05,3.037997814721282e-06,0.001742985316840415,-6.378846902805599,0.16625346891082113,nan,0.10921737265306122,4.1171714967634963e-07,0.05401045168028476,8.712355577955682e-05,3.479678086947734e-05,0.005898879628325818,0.005635493150981204,0.009357023048185559,-83.5162289130561,-0.005635493150981204,0.05401045168028476,-0.051598871260919756,0.001742985316840415,-6.378846902805599,0.009333999988191387,0.36802232314242583,0.0033476649999999997,0.007792556163241496,2.3277586506539625,1.0,2.700039087193717e-05,"{'A': 'adn_2', 'I': None, 'B': 'n2'}",{'AB': ['aib_qss']},surface_qss,0.0,nan,nan,10000000000.0,['conversion_ratio'],,
"cvd:aib_qss:AB:no_desorption:bulk_as_surface:A=adn_2,B=n2",26,"{'A': 'adn_2', 'I': None, 'B': 'n2'}",{},deposition_rate,nm/s,condition_cv,inner_selection,"{'AB': ['adn_2', 'n2']}","[{'effects': {}, 'condition': 2, 'weight': 1.0, 'mse_increase': 0.002635551937921149, 'mean_mse_increase': 0.00263750761679397, 'centered_mse_increase': -1.955678872819935e-06}]",2,0.00011575461422968903,0.010758931834977347,0.01065962099672589,0.012810283626758442,49.0,0.01065962099672589,0.00011362751979383944,2.1270944358495996e-06,0.001458456182355027,-11.40899249901533,-0.027485503063585784,nan,0.07686286373469386,1.7141556302966477e-07,0.13997568282277062,0.0027513065521508413,0.00011575461422968903,0.010758931834977347,0.01065962099672589,0.012810283626758442,-674.2864919835594,0.01065962099672589,0.13997568282277062,0.13868363054386715,0.001458456182355027,-11.40899249901533,0.05245289841515759,0.7948839404484026,0.0019401760000000018,0.006252319119796748,3.22255255182867,1.0,5.786899913726012e-06,"{'A': 'adn_2', 'I': None, 'B': 'n2'}",{'AB': ['aib_qss']},surface_qss,0.0,nan,nan,18.10558243027122,[],,
"cvd:aib_qss:AB:no_desorption:bulk_as_surface:A=adn_2,B=n2",26,"{'A': 'adn_2', 'I': None, 'B': 'n2'}",{},deposition_rate,nm/s,condition_cv,inner_selection,"{'AB': ['adn_2', 'n2']}","[{'effects': {}, 'condition': 4, 'weight': 1.0, 'mse_increase': 0.0030803801875005825, 'mean_mse_increase': 0.003081444956981773, 'centered_mse_increase': -1.0647694811895724e-06}]",4,2.161705399310621e-05,0.004649414370983319,0.004513239126678603,0.006904332424746154,49.0,-0.004513239126678603,2.036932741458264e-05,1.2477265785235765e-06,0.0011170168210566825,-5.819776858646505,0.30285259601679426,nan,0.07443086153061225,1.8295709733400396e-07,0.06246621731055857,0.0031019972414936927,2.161705399310621e-05,0.004649414370983319,0.004513239126678603,0.006904332424746154,-117.15367814697241,-0.004513239126678603,0.06246621731055857,-0.0606366637960032,0.0011170168210566825,-5.819776858646505,0.05569557649844099,0.9165209400227061,0.0023843499999999934,0.005270859825803692,2.210606591231869,1.0,2.9529482593440305e-05,"{'A': 'adn_2', 'I': None, 'B': 'n2'}",{'AB': ['aib_qss']},surface_qss,0.0,nan,nan,345.98916608699324,[],,
"cvd:aib_qss:AB:no_desorption:bulk_as_surface:A=adn_2,B=n2",26,"{'A': 'adn_2', 'I': None, 'B': 'n2'}",{},deposition_rate,nm/s,condition_cv,inner_selection,"{'AB': ['adn_2', 'n2']}","[{'effects': {}, 'condition': 5, 'weight': 1.0, 'mse_increase': 0.01265466880909946, 'mean_mse_increase': 0.012659215985533594, 'centered_mse_increase': -4.5471764341342455e-06}]",5,0.0011434943045318913,0.033815592624289334,0.03371881494146476,0.03855715850801497,49.0,-0.03371881494146476,0.0011369584810567472,6.535823475144407e-06,0.0025565256648710584,-2.286567872710303,-0.1866560597755761,nan,0.20429415020408165,1.988647041010162e-06,0.16552403771967486,0.013798163113631348,0.0011434943045318913,0.033815592624289334,0.03371881494146476,0.03855715850801497,-574.0111915038663,-0.03371881494146476,0.16552403771967486,-0.16505032037276163,0.0025565256648710584,-2.286567872710303,0.11746558267693286,0.7121233994361327,0.005754740000000008,0.008533156880168286,1.4828049364816263,1.0,2.427328489773401e-05,"{'A': 'adn_2', 'I': None, 'B': 'n2'}",{'AB': ['aib_qss']},surface_qss,0.0,nan,nan,5.0480657166674705,[],,
"cvd:aib_qss:AIB:no_desorption:bulk_as_surface:A=n2,I=idn_2,B=adn_2",27,"{'A': 'n2', 'I': 'idn_2', 'B': 'adn_2'}",{},deposition_rate,nm/s,condition_cv,inner_selection,"{'A': ['n2'], 'B': ['adn_2'], 'I': ['idn_2']}","[{'effects': {'AB': ['adn_2', 'n2']}, 'condition': 1, 'weight': 1.0, 'mse_increase': 9.486769009248164e-20, 'mean_mse_increase': 1.0164395367051604e-19, 'centered_mse_increase': -2.964615315390051e-21}]",1,3.4796780869477244e-05,0.00589887962832581,0.0056354931509811955,0.009357023048185559,49.0,-0.0056354931509811955,3.175878305475596e-05,3.037997814721285e-06,0.001742985316840416,-6.3788469028056065,0.16625346891082055,nan,0.10921737265306122,4.1171714967634963e-07,0.05401045168028469,8.712355577955682e-05,3.4796780869477244e-05,0.00589887962832581,0.0056354931509811955,0.009357023048185559,-83.51622891305585,-0.0056354931509811955,0.05401045168028469,-0.05159887126091968,0.001742985316840416,-6.3788469028056065,0.009333999988191387,0.36802232314242667,0.0033476649999999997,0.0077925561632415236,2.3277586506539705,1.0,2.700039087193716e-05,"{'A': 'n2', 'I': 'idn_2', 'B': 'adn_2'}","{'A': ['aib_qss'], 'B': ['aib_qss'], 'I': ['aib_qss']}",surface_qss,0.0,nan,nan,1.7782794100389227e-07,['conversion_ratio'],,
"cvd:aib_qss:AIB:no_desorption:bulk_as_surface:A=n2,I=idn_2,B=adn_2",27,"{'A': 'n2', 'I': 'idn_2', 'B': 'adn_2'}",{},deposition_rate,nm/s,condition_cv,inner_selection,"{'A': ['n2'], 'B': ['adn_2'], 'I': ['idn_2']}","[{'effects': {'AB': ['adn_2', 'n2']}, 'condition': 2, 'weight': 1.0, 'mse_increase': -7.969302031707402e-11, 'mean_mse_increase': -7.943558380247694e-11, 'centered_mse_increase': -2.574365031621283e-13}]",2,0.00011575469392270935,0.010758935538551635,0.010659624722729372,0.012810287463861827,49.0,0.010659624722729372,0.00011362759922942324,2.127094693286103e-06,0.0014584562706115335,-11.408994000842227,-0.027485501863664226,nan,0.07686286373469386,1.7141556302966477e-07,0.13997573100695357,0.0027513065521508413,0.00011575469392270935,0.010758935538551635,0.010659624722729372,0.012810287463861827,-674.2869568947897,0.010659624722729372,0.13997573100695357,0.13868367901985806,0.0014584562706115335,-11.408994000842227,0.05245289841515759,0.7948838698407834,0.0019401760000000018,0.006252319527028344,3.222552761722822,1.0,5.786901422270119e-06,"{'A': 'n2', 'I': 'idn_2', 'B': 'adn_2'}","{'A': ['aib_qss'], 'B': ['aib_qss'], 'I': ['aib_qss']}",surface_qss,0.0,nan,nan,0.05523158417307099,[],,
"cvd:aib_qss:AIB:no_desorption:bulk_as_surface:A=n2,I=idn_2,B=adn_2",27,"{'A': 'n2', 'I': 'idn_2', 'B': 'adn_2'}",{},deposition_rate,nm/s,condition_cv,inner_selection,"{'A': ['n2'], 'B': ['adn_2'], 'I': ['idn_2']}","[{'effects': {'AB': ['adn_2', 'n2']}, 'condition': 4, 'weight': 1.0, 'mse_increase': 1.776058683802817e-16, 'mean_mse_increase': 1.7850711143616027e-16, 'centered_mse_increase': -8.948903087741683e-19}]",4,2.1617053992928604e-05,0.004649414370964219,0.004513239126658827,0.006904332424727794,49.0,-0.004513239126658827,2.0369327414404133e-05,1.2477265785244714e-06,0.001117016821057083,-5.819776858651397,0.30285259601679754,nan,0.07443086153061225,1.8295709733400396e-07,0.062466217310301955,0.0031019972414936927,2.1617053992928604e-05,0.004649414370964219,0.004513239126658827,0.006904332424727794,-117.15367814600167,-0.004513239126658827,0.062466217310301955,-0.060636663795737504,0.001117016821057083,-5.819776858651397,0.05569557649844099,0.916520940023049,0.0023843499999999934,0.005270859825805607,2.210606591232672,1.0,2.952948259346955e-05,"{'A': 'n2', 'I': 'idn_2', 'B': 'adn_2'}","{'A': ['aib_qss'], 'B': ['aib_qss'], 'I': ['aib_qss']}",surface_qss,0.0,nan,nan,0.0028902639100224503,['inhibition_ratio'],,
"cvd:aib_qss:AIB:no_desorption:bulk_as_surface:A=n2,I=idn_2,B=adn_2",27,"{'A': 'n2', 'I': 'idn_2', 'B': 'adn_2'}",{},deposition_rate,nm/s,condition_cv,inner_selection,"{'A': ['n2'], 'B': ['adn_2'], 'I': ['idn_2']}","[{'effects': {'AB': ['adn_2', 'n2']}, 'condition': 5, 'weight': 1.0, 'mse_increase': -1.7923661686791714e-13, 'mean_mse_increase': -1.7902779952949643e-13, 'centered_mse_increase': -2.0827608436741266e-16}]",5,0.001143494304711128,0.03381559262693954,0.03371881494411948,0.038557158510800243,49.0,-0.03371881494411948,0.001136958481235775,6.535823475352683e-06,0.0025565256649117928,-2.2865678728150356,-0.1866560597728626,nan,0.20429415020408165,1.988647041010162e-06,0.16552403773264737,0.013798163113631348,0.001143494304711128,0.03381559262693954,0.03371881494411948,0.038557158510800243,-574.0111915939962,-0.03371881494411948,0.16552403773264737,-0.1650503203857562,0.0025565256649117928,-2.2865678728150356,0.11746558267693286,0.7121233994135712,0.005754740000000008,0.008533156880390275,1.4828049365202012,1.0,2.427328489923677e-05,"{'A': 'n2', 'I': 'idn_2', 'B': 'adn_2'}","{'A': ['aib_qss'], 'B': ['aib_qss'], 'I': ['aib_qss']}",surface_qss,0.0,nan,nan,0.19809567785503387,['inhibition_ratio'],,
"cvd:parallel_a_ab_qss:AIB:no_desorption:bulk_as_surface:A=n2,I=idn_2,B=adn_2",28,"{'A': 'n2', 'I': 'idn_2', 'B': 'adn_2'}",{},deposition_rate,nm/s,condition_cv,inner_selection,"{'A': ['n2'], 'AB': ['n2', 'adn_2'], 'I': ['idn_2']}","[{'effects': {'A': ['n2'], 'AB': ['n2', 'adn_2']}, 'condition': 1, 'weight': 1.0, 'mse_increase': 1.5246593050577406e-18, 'mean_mse_increase': 1.5246593050577406e-18, 'centered_mse_increase': -4.658681209898652e-21}, {'effects': {'A': ['n2'], 'B': ['adn_2'], 'I': ['idn_2']}, 'condition': 1, 'weight': 1.0, 'mse_increase': 1.3310437264241247e-08, 'mean_mse_increase': 1.3261477702142309e-08, 'centered_mse_increase': 4.895956209470287e-11}, {'effects': {'A': ['n2'], 'I': ['idn_2']}, 'condition': 1, 'weight': 1.0, 'mse_increase': 0.00034738832674112625, 'mean_mse_increase': 0.00035004486495788774, 'centered_mse_increase': -2.656538216761494e-06}]",1,3.4783470432213e-05,0.0058977513030148195,0.005634316425002577,0.009355799447297239,49.0,-0.005634316425002577,3.174552157705382e-05,3.03794885515919e-06,0.001742971272040704,-6.37872798727796,0.16625376858379082,nan,0.10921737265306122,4.1171714967634963e-07,0.054000120674478735,8.712355577955682e-05,3.4783470432213e-05,0.0058977513030148195,0.005634316425002577,0.009355799447297239,-83.48389983161073,-0.005634316425002577,0.054000120674478735,-0.05158809709605896,0.001742971272040704,-6.37872798727796,0.009333999988191387,0.36814320650565974,0.0033476649999999997,0.007792490940827124,2.3277391676966257,1.0,2.7000651696160133e-05,"{'A': 'n2', 'I': 'idn_2', 'B': 'adn_2'}","{'A': ['parallel_a_ab_qss'], 'AB': ['parallel_a_ab_qss'], 'I': ['parallel_a_ab_qss']}",surface_parallel_qss,0.0,nan,nan,9.646616199111991e-06,"['single_conversion_ratio', 'inhibition_ratio']",,
"cvd:parallel_a_ab_qss:AIB:no_desorption:bulk_as_surface:A=n2,I=idn_2,B=adn_2",28,"{'A': 'n2', 'I': 'idn_2', 'B': 'adn_2'}",{},deposition_rate,nm/s,condition_cv,inner_selection,"{'A': ['n2'], 'AB': ['n2', 'adn_2'], 'I': ['idn_2']}","[{'effects': {'A': ['n2'], 'AB': ['n2', 'adn_2']}, 'condition': 2, 'weight': 1.0, 'mse_increase': -2.7691771978394773e-06, 'mean_mse_increase': -2.790742181783918e-06, 'centered_mse_increase': 2.1564983944446037e-08}, {'effects': {'A': ['n2'], 'B': ['adn_2'], 'I': ['idn_2']}, 'condition': 2, 'weight': 1.0, 'mse_increase': -2.769156841141108e-06, 'mean_mse_increase': -2.7907222634872915e-06, 'centered_mse_increase': 2.156542234619006e-08}, {'effects': {'A': ['n2'], 'I': ['idn_2']}, 'condition': 2, 'weight': 1.0, 'mse_increase': 0.0026327827010490384, 'mean_mse_increase': 0.0026347168147569516, 'centered_mse_increase': -1.934113707913228e-06}]",2,0.00011852385076385046,0.01088686597528648,0.010789732225264468,0.012931720096323804,49.0,0.010789732225264468,0.00011641832149291054,2.1055292709399127e-06,0.0014510442002020176,-11.283186157230864,-0.027647764901505587,nan,0.07686286373469386,1.7141556302966477e-07,0.14164012952814867,0.0027513065521508413,0.00011852385076385046,0.01088686597528648,0.010789732225264468,0.012931720096323804,-690.4415976531781,0.010789732225264468,0.14164012952814867,0.1403764015676958,0.0014510442002020176,-11.283186157230864,0.05245289841515759,0.7924449114495369,0.0019401760000000018,0.006216405812695641,3.2040422171471223,1.0,5.836911128834702e-06,"{'A': 'n2', 'I': 'idn_2', 'B': 'adn_2'}","{'A': ['parallel_a_ab_qss'], 'AB': ['parallel_a_ab_qss'], 'I': ['parallel_a_ab_qss']}",surface_parallel_qss,0.0,nan,nan,0.04782858141653791,[],,
"cvd:parallel_a_ab_qss:AIB:no_desorption:bulk_as_surface:A=n2,I=idn_2,B=adn_2",28,"{'A': 'n2', 'I': 'idn_2', 'B': 'adn_2'}",{},deposition_rate,nm/s,condition_cv,inner_selection,"{'A': ['n2'], 'AB': ['n2', 'adn_2'], 'I': ['idn_2']}","[{'effects': {'A': ['n2'], 'AB': ['n2', 'adn_2']}, 'condition': 4, 'weight': 1.0, 'mse_increase': 1.7747711937229904e-16, 'mean_mse_increase': 1.7838175055996663e-16, 'centered_mse_increase': -9.02513605299457e-19}, {'effects': {'A': ['n2'], 'B': ['adn_2'], 'I': ['idn_2']}, 'condition': 4, 'weight': 1.0, 'mse_increase': 1.7722338130170528e-11, 'mean_mse_increase': 1.766391709889293e-11, 'centered_mse_increase': 5.842102301902507e-14}, {'effects': {'A': ['n2'], 'I': ['idn_2']}, 'condition': 4, 'weight': 1.0, 'mse_increase': 0.004724921484017157, 'mean_mse_increase': 0.004726008762950209, 'centered_mse_increase': -1.0872789330526629e-06}]",4,2.1617036270590474e-05,0.0046494124650960445,0.004513237169758203,0.006904330374212175,49.0,-0.004513237169758203,2.0369309750487034e-05,1.2477265201034483e-06,0.0011170167949066158,-5.819776539335973,0.3028525960191706,nan,0.07443086153061225,1.8295709733400396e-07,0.0624661917044157,0.0031019972414936927,2.1617036270590474e-05,0.0046494124650960445,0.004513237169758203,0.006904330374212175,-117.15358127991456,-0.004513237169758203,0.0624661917044157,-0.06063663750421563,0.0011170167949066158,-5.819776539335973,0.05569557649844099,0.9165209742424304,0.0023843499999999934,0.0052708596992284,2.2106065381459996,1.0,2.9529485822603644e-05,"{'A': 'n2', 'I': 'idn_2', 'B': 'adn_2'}","{'A': ['parallel_a_ab_qss'], 'AB': ['parallel_a_ab_qss'], 'I': ['parallel_a_ab_qss']}",surface_parallel_qss,0.0,nan,nan,0.0028902639100224503,"['single_conversion_ratio', 'inhibition_ratio']",,
"cvd:parallel_a_ab_qss:AIB:no_desorption:bulk_as_surface:A=n2,I=idn_2,B=adn_2",28,"{'A': 'n2', 'I': 'idn_2', 'B': 'adn_2'}",{},deposition_rate,nm/s,condition_cv,inner_selection,"{'A': ['n2'], 'AB': ['n2', 'adn_2'], 'I': ['idn_2']}","[{'effects': {'A': ['n2'], 'AB': ['n2', 'adn_2']}, 'condition': 5, 'weight': 1.0, 'mse_increase': -1.7923509898487566e-13, 'mean_mse_increase': -1.7902736584862744e-13, 'centered_mse_increase': -2.082921779934105e-16}, {'effects': {'A': ['n2'], 'B': ['adn_2'], 'I': ['idn_2']}, 'condition': 5, 'weight': 1.0, 'mse_increase': -2.9851264689295665e-12, 'mean_mse_increase': -2.9895194392920432e-12, 'centered_mse_increase': 4.3923859097431614e-15}, {'effects': {'A': ['n2'], 'I': ['idn_2']}, 'condition': 5, 'weight': 1.0, 'mse_increase': 0.011865263334038308, 'mean_mse_increase': 0.011869864396525799, 'centered_mse_increase': -4.601062487493461e-06}]",5,0.0011434943076962544,0.03381559267107786,0.033718814988449614,0.038557158552768145,49.0,-0.033718814988449614,0.0011369584842252944,6.535823470960297e-06,0.002556525664052739,-2.286567870606305,-0.18665605977042116,nan,0.20429415020408165,1.988647041010162e-06,0.16552403794870016,0.013798163113631348,0.0011434943076962544,0.03381559267107786,0.033718814988449614,0.038557158552768145,-574.0111930950803,-0.033718814988449614,0.16552403794870016,-0.1650503206027479,0.002556525664052739,-2.286567870606305,0.11746558267693286,0.7121233990378157,0.005754740000000008,0.008533156875784792,1.4828049357199073,1.0,2.427328492823528e-05,"{'A': 'n2', 'I': 'idn_2', 'B': 'adn_2'}","{'A': ['parallel_a_ab_qss'], 'AB': ['parallel_a_ab_qss'], 'I': ['parallel_a_ab_qss']}",surface_parallel_qss,0.0,nan,nan,0.19809567785503387,"['single_conversion_ratio', 'inhibition_ratio']",,
"cvd:parallel_a_ab_qss:AIB:no_desorption:bulk_as_surface:A=adn_2,I=n2,B=idn_2",29,"{'A': 'adn_2', 'I': 'n2', 'B': 'idn_2'}",{},deposition_rate,nm/s,condition_cv,inner_selection,"{'A': ['adn_2'], 'AB': ['adn_2', 'idn_2'], 'I': ['n2']}","[{'effects': {'A': ['adn_2'], 'I': ['n2']}, 'condition': 1, 'weight': 1.0, 'mse_increase': 1.650349134308662e-06, 'mean_mse_increase': 1.6326772473301165e-06, 'centered_mse_increase': 1.767188697856672e-08}, {'effects': {'A': ['adn_2'], 'AB': ['adn_2', 'idn_2']}, 'condition': 1, 'weight': 1.0, 'mse_increase': -4.819983388110183e-15, 'mean_mse_increase': -4.83374936756896e-15, 'centered_mse_increase': 1.3777414403564822e-17}, {'effects': {'A': ['adn_2'], 'B': ['idn_2'], 'I': ['n2']}, 'condition': 1, 'weight': 1.0, 'mse_increase': -6.030874584450618e-19, 'mean_mse_increase': -5.89534931288993e-19, 'centered_mse_increase': -9.317362419797304e-21}]",1,3.3146431745847804e-05,0.005757293786654265,0.005488725336373846,0.009193816115416642,49.0,-0.005488725336373846,3.012610581815219e-05,3.0203259276956028e-06,0.0017379084923250714,-6.33592450562207,0.1663023998523736,nan,0.10921737265306122,4.1171714967634963e-07,0.05271408427799142,8.712355577955682e-05,3.3146431745847804e-05,0.005757293786654265,0.005488725336373846,0.009193816115416642,-79.50777523332262,-0.005488725336373846,0.05271408427799142,-0.050255057442274084,0.0017379084923250714,-6.33592450562207,0.009333999988191387,0.38319115128155967,0.0033476649999999997,0.007769521152313774,2.320877731885889,1.0,2.6985647112510776e-05,"{'A': 'adn_2', 'I': 'n2', 'B': 'idn_2'}","{'A': ['parallel_a_ab_qss'], 'AB': ['parallel_a_ab_qss'], 'I': ['parallel_a_ab_qss']}",surface_parallel_qss,0.0,nan,nan,637.8043838892178,['inhibition_ratio'],,
"cvd:parallel_a_ab_qss:AIB:no_desorption:bulk_as_surface:A=adn_2,I=n2,B=idn_2",29,"{'A': 'adn_2', 'I': 'n2', 'B': 'idn_2'}",{},deposition_rate,nm/s,condition_cv,inner_selection,"{'A': ['adn_2'], 'AB': ['adn_2', 'idn_2'], 'I': ['n2']}","[{'effects': {'A': ['adn_2'], 'I': ['n2']}, 'condition': 2, 'weight': 1.0, 'mse_increase': 1.8417133578505485e-05, 'mean_mse_increase': 1.8039081770841056e-05, 'centered_mse_increase': 3.7805180766451854e-07}, {'effects': {'A': ['adn_2'], 'AB': ['adn_2', 'idn_2']}, 'condition': 2, 'weight': 1.0, 'mse_increase': -4.027855794123264e-14, 'mean_mse_increase': -4.014938880490815e-14, 'centered_mse_increase': -1.2915431324791483e-16}, {'effects': {'A': ['adn_2'], 'B': ['idn_2'], 'I': ['n2']}, 'condition': 2, 'weight': 1.0, 'mse_increase': 3.5518963369994354e-08, 'mean_mse_increase': 3.5405261589459584e-08, 'centered_mse_increase': 1.137017805550992e-10}]",2,0.0001169445545780164,0.010814090557139625,0.010729203202616734,0.012738961998062029,49.0,0.010729203202616734,0.00011511580136304118,1.8287532149751925e-06,0.001352314022324398,-9.668536640740799,-0.0269471891850287,nan,0.07686286373469386,1.7141556302966477e-07,0.1406933079473388,0.0027513065521508413,0.0001169445545780164,0.010814090557139625,0.010729203202616734,0.012738961998062029,-681.2283374455227,0.010729203202616734,0.1406933079473388,0.1395889078456734,0.001352314022324398,-9.668536640740799,0.05245289841515759,0.7938323546670851,0.0019401760000000018,0.005777652241685832,2.9779010985012837,1.0,4.597746119150729e-06,"{'A': 'adn_2', 'I': 'n2', 'B': 'idn_2'}","{'A': ['parallel_a_ab_qss'], 'AB': ['parallel_a_ab_qss'], 'I': ['parallel_a_ab_qss']}",surface_parallel_qss,0.0,nan,nan,17.46576047662118,[],,
"cvd:parallel_a_ab_qss:AIB:no_desorption:bulk_as_surface:A=adn_2,I=n2,B=idn_2",29,"{'A': 'adn_2', 'I': 'n2', 'B': 'idn_2'}",{},deposition_rate,nm/s,condition_cv,inner_selection,"{'A': ['adn_2'], 'AB': ['adn_2', 'idn_2'], 'I': ['n2']}","[{'effects': {'A': ['adn_2'], 'I': ['n2']}, 'condition': 4, 'weight': 1.0, 'mse_increase': 3.98381008653555e-06, 'mean_mse_increase': 3.975314515640415e-06, 'centered_mse_increase': 8.49557089513174e-09}, {'effects': {'A': ['adn_2'], 'AB': ['adn_2', 'idn_2']}, 'condition': 4, 'weight': 1.0, 'mse_increase': -2.9700431025160567e-15, 'mean_mse_increase': -2.977781595522172e-15, 'centered_mse_increase': 7.734257841379016e-18}, {'effects': {'A': ['adn_2'], 'B': ['idn_2'], 'I': ['n2']}, 'condition': 4, 'weight': 1.0, 'mse_increase': -2.4936649967166602e-18, 'mean_mse_increase': -2.4835006013496086e-18, 'centered_mse_increase': -1.3552527156068805e-20}]",4,1.9506284473598668e-05,0.004416591952354062,0.004274295451244435,0.006649898499449289,49.0,-0.004274295451244435,1.826960160452887e-05,1.2366828690698056e-06,0.001112062439375508,-5.759414568171326,0.3029511807610897,nan,0.07443086153061225,1.8295709733400396e-07,0.05933818125345206,0.0031019972414936927,1.9506284473598668e-05,0.004416591952354062,0.004274295451244435,0.006649898499449289,-105.6167137423932,-0.004274295451244435,0.05933818125345206,-0.05742638689579704,0.001112062439375508,-5.759414568171326,0.05569557649844099,0.9207012077076231,0.0023843499999999934,0.005248773045007843,2.201343361925832,1.0,2.9405301752054408e-05,"{'A': 'adn_2', 'I': 'n2', 'B': 'idn_2'}","{'A': ['parallel_a_ab_qss'], 'AB': ['parallel_a_ab_qss'], 'I': ['parallel_a_ab_qss']}",surface_parallel_qss,0.0,nan,nan,156.78788438269703,"['single_conversion_ratio', 'inhibition_ratio']",,
"cvd:parallel_a_ab_qss:AIB:no_desorption:bulk_as_surface:A=adn_2,I=n2,B=idn_2",29,"{'A': 'adn_2', 'I': 'n2', 'B': 'idn_2'}",{},deposition_rate,nm/s,condition_cv,inner_selection,"{'A': ['adn_2'], 'AB': ['adn_2', 'idn_2'], 'I': ['n2']}","[{'effects': {'A': ['adn_2'], 'I': ['n2']}, 'condition': 5, 'weight': 1.0, 'mse_increase': -0.0011406914685036988, 'mean_mse_increase': -0.0011538175052760228, 'centered_mse_increase': 1.3126036772323794e-05}, {'effects': {'A': ['adn_2'], 'AB': ['adn_2', 'idn_2']}, 'condition': 5, 'weight': 1.0, 'mse_increase': 1.250653226814169e-13, 'mean_mse_increase': 1.2530970185109513e-13, 'centered_mse_increase': -2.444397325339614e-16}, {'effects': {'A': ['adn_2'], 'B': ['idn_2'], 'I': ['n2']}, 'condition': 5, 'weight': 1.0, 'mse_increase': 3.1749559578631015e-14, 'mean_mse_increase': 3.1838464156774826e-14, 'centered_mse_increase': -8.939246912142984e-17}]",5,0.0011652494354966601,0.03413575010889112,0.03409832160619535,0.03711621363629952,49.0,-0.03409832160619535,0.0011626955363595287,2.5538991371315285e-06,0.0015980923431177338,-0.28423952791252405,-0.23517684236437925,nan,0.20429415020408165,1.988647041010162e-06,0.16709117747517918,0.013798163113631348,0.0011652494354966601,0.03413575010889112,0.03409832160619535,0.03711621363629952,-584.9508557661167,-0.03409832160619535,0.16709117747517918,-0.16690796859397344,0.0015980923431177338,-0.28423952791252405,0.11746558267693286,0.7093978565383265,0.005754740000000008,0.002456843727529634,0.42692523511568387,1.0,2.3573309842309832e-05,"{'A': 'adn_2', 'I': 'n2', 'B': 'idn_2'}","{'A': ['parallel_a_ab_qss'], 'AB': ['parallel_a_ab_qss'], 'I': ['parallel_a_ab_qss']}",surface_parallel_qss,0.0,nan,nan,4.869675251658631,"['single_conversion_ratio', 'inhibition_ratio']",,
"cvd:parallel_a_ab_qss:AB:no_desorption:bulk_as_surface:A=adn_2,B=idn_2",30,"{'A': 'adn_2', 'I': None, 'B': 'idn_2'}",{},deposition_rate,nm/s,condition_cv,inner_selection,"{'A': ['adn_2'], 'AB': ['adn_2', 'idn_2']}","[{'effects': {'A': ['adn_2']}, 'condition': 1, 'weight': 1.0, 'mse_increase': 1.650349134355154e-06, 'mean_mse_increase': 1.63267724737464e-06, 'centered_mse_increase': 1.767188698050812e-08}, {'effects': {'AB': ['adn_2', 'idn_2']}, 'condition': 1, 'weight': 1.0, 'mse_increase': -2.0328790734103208e-19, 'mean_mse_increase': -1.9989977555201488e-19, 'centered_mse_increase': -6.3527471044072525e-21}]",1,3.314643174102782e-05,0.005757293786235667,0.005488725335933512,0.009193816115000197,49.0,-0.005488725335933512,3.012610581331844e-05,3.02032592770938e-06,0.0017379084923290352,-6.335924505655533,0.1663023998536819,nan,0.10921737265306122,4.1171714967634963e-07,0.05271408427415872,8.712355577955682e-05,3.314643174102782e-05,0.005757293786235667,0.005488725335933512,0.009193816115000197,-79.50777522161559,-0.005488725335933512,0.05271408427415872,-0.05025505743824236,0.0017379084923290352,-6.335924505655533,0.009333999988191387,0.3831911513264063,0.0033476649999999997,0.007769521152341169,2.3208777318940723,1.0,2.698564710560806e-05,"{'A': 'adn_2', 'I': None, 'B': 'idn_2'}","{'A': ['parallel_a_ab_qss'], 'AB': ['parallel_a_ab_qss']}",surface_parallel_qss,0.0,nan,nan,637.8043838892178,[],,
"cvd:parallel_a_ab_qss:AB:no_desorption:bulk_as_surface:A=adn_2,B=idn_2",30,"{'A': 'adn_2', 'I': None, 'B': 'idn_2'}",{},deposition_rate,nm/s,condition_cv,inner_selection,"{'A': ['adn_2'], 'AB': ['adn_2', 'idn_2']}","[{'effects': {'A': ['adn_2']}, 'condition': 2, 'weight': 1.0, 'mse_increase': 1.8417133590239467e-05, 'mean_mse_increase': 1.803908178251962e-05, 'centered_mse_increase': 3.7805180771988485e-07}, {'effects': {'AB': ['adn_2', 'idn_2']}, 'condition': 2, 'weight': 1.0, 'mse_increase': 2.11148373091552e-16, 'mean_mse_increase': 2.1616280813929745e-16, 'centered_mse_increase': -4.9509075767013855e-18}]",2,0.00011694455453773784,0.010814090555277307,0.010729203200745701,0.012738961996130005,49.0,0.010729203200745701,0.00011511580132289179,1.8287532148460382e-06,0.001352314022276645,-9.668536639987343,-0.026947189183144357,nan,0.07686286373469386,1.7141556302966477e-07,0.14069330792310972,0.0027513065521508413,0.00011694455453773784,0.010814090555277307,0.010729203200745701,0.012738961996130005,-681.2283372105466,0.010729203200745701,0.14069330792310972,0.1395889078213309,0.001352314022276645,-9.668536639987343,0.05245289841515759,0.7938323547025896,0.0019401760000000018,0.005777652241469852,2.977901098389964,1.0,4.597746119172284e-06,"{'A': 'adn_2', 'I': None, 'B': 'idn_2'}","{'A': ['parallel_a_ab_qss'], 'AB': ['parallel_a_ab_qss']}",surface_parallel_qss,0.0,nan,nan,17.46576047662118,[],,
"cvd:parallel_a_ab_qss:AB:no_desorption:bulk_as_surface:A=adn_2,B=idn_2",30,"{'A': 'adn_2', 'I': None, 'B': 'idn_2'}",{},deposition_rate,nm/s,condition_cv,inner_selection,"{'A': ['adn_2'], 'AB': ['adn_2', 'idn_2']}","[{'effects': {'A': ['adn_2']}, 'condition': 4, 'weight': 1.0, 'mse_increase': 3.983810086662378e-06, 'mean_mse_increase': 3.975314515766253e-06, 'centered_mse_increase': 8.495570896127216e-09}, {'effects': {'AB': ['adn_2', 'idn_2']}, 'condition': 4, 'weight': 1.0, 'mse_increase': -2.4868887331386258e-18, 'mean_mse_increase': -2.476724337771574e-18, 'centered_mse_increase': -8.046812998915853e-21}]",4,1.9506284470628625e-05,0.004416591952017826,0.004274295450896099,0.006649898499120038,49.0,-0.004274295450896099,1.8269601601551088e-05,1.23668286907754e-06,0.0011120624393789855,-5.759414568213599,0.30295118076235455,nan,0.07443086153061225,1.8295709733400396e-07,0.059338181248934634,0.0031019972414936927,1.9506284470628625e-05,0.004416591952017826,0.004274295450896099,0.006649898499120038,-105.61671372615965,-0.004274295450896099,0.059338181248934634,-0.057426386891117044,0.0011120624393789855,-5.759414568213599,0.05569557649844099,0.9207012077136602,0.0023843499999999934,0.005248773045030353,2.2013433619352725,1.0,2.940530174450031e-05,"{'A': 'adn_2', 'I': None, 'B': 'idn_2'}","{'A': ['parallel_a_ab_qss'], 'AB': ['parallel_a_ab_qss']}",surface_parallel_qss,0.0,nan,nan,156.78788438269703,['single_conversion_ratio'],,
"cvd:parallel_a_ab_qss:AB:no_desorption:bulk_as_surface:A=adn_2,B=idn_2",30,"{'A': 'adn_2', 'I': None, 'B': 'idn_2'}",{},deposition_rate,nm/s,condition_cv,inner_selection,"{'A': ['adn_2'], 'AB': ['adn_2', 'idn_2']}","[{'effects': {'A': ['adn_2']}, 'condition': 5, 'weight': 1.0, 'mse_increase': -0.0011406914686227132, 'mean_mse_increase': -0.0011538175053953316, 'centered_mse_increase': 1.3126036772618361e-05}, {'effects': {'AB': ['adn_2', 'idn_2']}, 'condition': 5, 'weight': 1.0, 'mse_increase': 3.1748041695589535e-14, 'mean_mse_increase': 3.183759679503684e-14, 'centered_mse_increase': -8.938950450611445e-17}]",5,0.0011652494356217255,0.034135750110723,0.034098321608032826,0.03711621363804721,49.0,-0.034098321608032826,0.0011626955364848384,2.5538991368870888e-06,0.001598092343041255,-0.2842395277896066,-0.2351768423730752,nan,0.20429415020408165,1.988647041010162e-06,0.16709117748414606,0.013798163113631348,0.0011652494356217255,0.034135750110723,0.034098321608032826,0.03711621363804721,-584.9508558290063,-0.034098321608032826,0.16709117748414606,-0.1669079686029677,0.001598092343041255,-0.2842395277896066,0.11746558267693286,0.7093978565227314,0.005754740000000008,0.0024568437268396026,0.4269252349957772,1.0,2.3573309836690426e-05,"{'A': 'adn_2', 'I': None, 'B': 'idn_2'}","{'A': ['parallel_a_ab_qss'], 'AB': ['parallel_a_ab_qss']}",surface_parallel_qss,0.0,nan,nan,4.869675251658631,['single_conversion_ratio'],,
"cvd:aib_qss:AB:no_desorption:bulk_as_surface:A=adn_2,B=idn_2",31,"{'A': 'adn_2', 'I': None, 'B': 'idn_2'}",{},deposition_rate,nm/s,condition_cv,inner_selection,"{'AB': ['adn_2', 'idn_2']}","[{'effects': {}, 'condition': 1, 'weight': 1.0, 'mse_increase': 5.39771240385292e-05, 'mean_mse_increase': 5.658573281656224e-05, 'centered_mse_increase': -2.6086087780330243e-06}]",1,3.314643174102762e-05,0.00575729378623565,0.0054887253359334936,0.00919381611500017,49.0,-0.0054887253359334936,3.012610581331824e-05,3.020325927709374e-06,0.0017379084923290335,-6.335924505655518,0.16630239985368206,nan,0.10921737265306122,4.1171714967634963e-07,0.05271408427415856,8.712355577955682e-05,3.314643174102762e-05,0.00575729378623565,0.0054887253359334936,0.00919381611500017,-79.5077752216151,-0.0054887253359334936,0.05271408427415856,-0.05025505743824219,0.0017379084923290335,-6.335924505655518,0.009333999988191387,0.38319115132640813,0.0033476649999999997,0.007769521152341141,2.320877731894064,1.0,2.698564710560802e-05,"{'A': 'adn_2', 'I': None, 'B': 'idn_2'}",{'AB': ['aib_qss']},surface_qss,0.0,nan,nan,637.8043838892178,[],,
"cvd:aib_qss:AB:no_desorption:bulk_as_surface:A=adn_2,B=idn_2",31,"{'A': 'adn_2', 'I': None, 'B': 'idn_2'}",{},deposition_rate,nm/s,condition_cv,inner_selection,"{'AB': ['adn_2', 'idn_2']}","[{'effects': {}, 'condition': 2, 'weight': 1.0, 'mse_increase': 0.002634361997612889, 'mean_mse_increase': 0.0026360193352647013, 'centered_mse_increase': -1.6573376518114225e-06}]",2,0.00011694455453794899,0.01081409055528707,0.010729203200755775,0.012738961996137638,49.0,0.010729203200755775,0.00011511580132310795,1.8287532148410873e-06,0.0013523140222748144,-9.66853663995846,-0.026947189183110565,nan,0.07686286373469386,1.7141556302966477e-07,0.14069330792323673,0.0027513065521508413,0.00011694455453794899,0.01081409055528707,0.010729203200755775,0.012738961996137638,-681.2283372117784,0.010729203200755775,0.14069330792323673,0.13958890782146197,0.0013523140222748144,-9.66853663995846,0.05245289841515759,0.7938323547024034,0.0019401760000000018,0.005777652241461706,2.9779010983857654,1.0,4.597746119165035e-06,"{'A': 'adn_2', 'I': None, 'B': 'idn_2'}",{'AB': ['aib_qss']},surface_qss,0.0,nan,nan,17.46576047662118,[],,
"cvd:aib_qss:AB:no_desorption:bulk_as_surface:A=adn_2,B=idn_2",31,"{'A': 'adn_2', 'I': None, 'B': 'idn_2'}",{},deposition_rate,nm/s,condition_cv,inner_selection,"{'AB': ['adn_2', 'idn_2']}","[{'effects': {}, 'condition': 4, 'weight': 1.0, 'mse_increase': 0.0030824909570230626, 'mean_mse_increase': 0.003083544682794807, 'centered_mse_increase': -1.0537257717435278e-06}]",4,1.9506284470626138e-05,0.004416591952017544,0.004274295450895809,0.006649898499119733,49.0,-0.004274295450895809,1.826960160154861e-05,1.2366828690775318e-06,0.001112062439378982,-5.759414568213556,0.30295118076235433,nan,0.07443086153061225,1.8295709733400396e-07,0.059338181248930845,0.0031019972414936927,1.9506284470626138e-05,0.004416591952017544,0.004274295450895809,0.006649898499119733,-105.61671372614605,-0.004274295450895809,0.059338181248930845,-0.05742638689111315,0.001112062439378982,-5.759414568213556,0.05569557649844099,0.9207012077136651,0.0023843499999999934,0.005248773045030325,2.201343361935261,1.0,2.940530174449985e-05,"{'A': 'adn_2', 'I': None, 'B': 'idn_2'}",{'AB': ['aib_qss']},surface_qss,0.0,nan,nan,156.78788438269703,[],,
"cvd:aib_qss:AB:no_desorption:bulk_as_surface:A=adn_2,B=idn_2",31,"{'A': 'adn_2', 'I': None, 'B': 'idn_2'}",{},deposition_rate,nm/s,condition_cv,inner_selection,"{'AB': ['adn_2', 'idn_2']}","[{'effects': {}, 'condition': 5, 'weight': 1.0, 'mse_increase': 0.012632913677977878, 'mean_mse_increase': 0.012633478930073664, 'centered_mse_increase': -5.652520957875372e-07}]",5,0.0011652494356534735,0.03413575011118803,0.034098321608499675,0.037116213638479584,49.0,-0.034098321608499675,0.001162695536516676,2.5538991367976993e-06,0.0015980923430132877,-0.28423952774465655,-0.2351768423774748,nan,0.20429415020408165,1.988647041010162e-06,0.16709117748642233,0.013798163113631348,0.0011652494356534735,0.03413575011118803,0.034098321608499675,0.037116213638479584,-584.950855844971,-0.034098321608499675,0.16709117748642233,-0.16690796860525287,0.0015980923430132877,-0.28423952774465655,0.11746558267693286,0.7093978565187726,0.005754740000000008,0.002456843726584751,0.4269252349514917,1.0,2.357330983631886e-05,"{'A': 'adn_2', 'I': None, 'B': 'idn_2'}",{'AB': ['aib_qss']},surface_qss,0.0,nan,nan,4.869675251658631,[],,
"cvd:parallel_a_ab_qss:AB:no_desorption:bulk_as_surface:A=idn_2,B=adn_2",32,"{'A': 'idn_2', 'I': None, 'B': 'adn_2'}",{},deposition_rate,nm/s,condition_cv,inner_selection,"{'A': ['idn_2'], 'AB': ['idn_2', 'adn_2']}","[{'effects': {'A': ['idn_2']}, 'condition': 1, 'weight': 1.0, 'mse_increase': 0.0003578629538327686, 'mean_mse_increase': 0.00034879378407268126, 'centered_mse_increase': 9.069169760087424e-06}]",1,3.314641372418221e-05,0.005757292221538022,0.005488723713035564,0.009193814284637142,49.0,-0.005488723713035564,3.0126087998038905e-05,3.0203257261433024e-06,0.0017379084343380415,-6.335924016081372,0.16630239985284673,nan,0.10921737265306122,4.1171714967634963e-07,0.0527140699477049,8.712355577955682e-05,3.314641372418221e-05,0.005757292221538022,0.005488723713035564,0.009193814284637142,-79.50773146136508,-0.005488723713035564,0.0527140699477049,-0.050255042578903515,0.0017379084343380415,-6.335924016081372,0.009333999988191387,0.3831913189606089,0.0033476649999999997,0.007769520872045008,2.320877648165216,1.0,2.698564848002819e-05,"{'A': 'idn_2', 'I': None, 'B': 'adn_2'}","{'A': ['parallel_a_ab_qss'], 'AB': ['parallel_a_ab_qss']}",surface_parallel_qss,0.0,nan,nan,0.0015678788438269703,['single_conversion_ratio'],,
"cvd:parallel_a_ab_qss:AB:no_desorption:bulk_as_surface:A=idn_2,B=adn_2",32,"{'A': 'idn_2', 'I': None, 'B': 'adn_2'}",{},deposition_rate,nm/s,condition_cv,inner_selection,"{'A': ['idn_2'], 'AB': ['idn_2', 'adn_2']}","[{'effects': {'A': ['idn_2']}, 'condition': 2, 'weight': 1.0, 'mse_increase': 0.0026343619397446, 'mean_mse_increase': 0.0026360192772063896, 'centered_mse_increase': -1.6573374617887815e-06}]",2,0.00011694461207188868,0.01081409321542443,0.010729205890795318,0.012738964599496555,49.0,0.010729205890795318,0.00011511585904707696,1.8287530248117066e-06,0.0013523139520139938,-9.668535531369617,-0.02694718914479727,nan,0.07686286373469386,1.7141556302966477e-07,0.14069334253211327,0.0027513065521508413,0.00011694461207188868,0.01081409321542443,0.010729205890795318,0.012738964599496555,-681.2286728518957,0.010729205890795318,0.14069334253211327,0.1395889428193714,0.0013523139520139938,-9.668535531369617,0.05245289841515759,0.7938323039876205,0.0019401760000000018,0.005777651910611067,2.9779009278596695,1.0,4.597746865664442e-06,"{'A': 'idn_2', 'I': None, 'B': 'adn_2'}","{'A': ['parallel_a_ab_qss'], 'AB': ['parallel_a_ab_qss']}",surface_parallel_qss,0.0,nan,nan,0.05725487884358379,[],,
"cvd:parallel_a_ab_qss:AB:no_desorption:bulk_as_surface:A=idn_2,B=adn_2",32,"{'A': 'idn_2', 'I': None, 'B': 'adn_2'}",{},deposition_rate,nm/s,condition_cv,inner_selection,"{'A': ['idn_2'], 'AB': ['idn_2', 'adn_2']}","[{'effects': {'A': ['idn_2']}, 'condition': 4, 'weight': 1.0, 'mse_increase': 0.004696708338223757, 'mean_mse_increase': 0.004683697798908992, 'centered_mse_increase': 1.30105393147665e-05}]",4,1.9506276847373167e-05,0.00441659108899309,0.004274294562305251,0.006649897566986307,49.0,-0.004274294562305251,1.8269594005352234e-05,1.236682842020938e-06,0.0011120624272139303,-5.759414420328645,0.30295118076362065,nan,0.07443086153061225,1.8295709733400396e-07,0.05933816965394946,0.0031019972414936927,1.9506276847373167e-05,0.00441659108899309,0.004274294562305251,0.006649897566986307,-105.61667205925757,-0.004274294562305251,0.05933816965394946,-0.057426374952643806,0.0011120624272139303,-5.759414420328645,0.05569557649844099,0.9207012232090511,0.0023843499999999934,0.005248772986143055,2.2013433372378506,1.0,2.9405303460929525e-05,"{'A': 'idn_2', 'I': None, 'B': 'adn_2'}","{'A': ['parallel_a_ab_qss'], 'AB': ['parallel_a_ab_qss']}",surface_parallel_qss,0.0,nan,nan,0.006378043838892178,['single_conversion_ratio'],,
"cvd:parallel_a_ab_qss:AB:no_desorption:bulk_as_surface:A=idn_2,B=adn_2",32,"{'A': 'idn_2', 'I': None, 'B': 'adn_2'}",{},deposition_rate,nm/s,condition_cv,inner_selection,"{'A': ['idn_2'], 'AB': ['idn_2', 'adn_2']}","[{'effects': {'A': ['idn_2']}, 'condition': 5, 'weight': 1.0, 'mse_increase': 0.011844025190522627, 'mean_mse_increase': 0.011842615012812578, 'centered_mse_increase': 1.4101777100481923e-06}]",5,0.0011652494385559235,0.03413575015370138,0.034098321651077436,0.03711621368067783,49.0,-0.034098321651077436,0.0011626955394203361,2.5538991355873497e-06,0.0015980923426346019,-0.28423952713602696,-0.2351768424421683,nan,0.20429415020408165,1.988647041010162e-06,0.16709117769452103,0.013798163113631348,0.0011652494385559235,0.03413575015370138,0.034098321651077436,0.03711621368067783,-584.9508573044808,-0.034098321651077436,0.16709117769452103,-0.16690796881366687,0.0015980923426346019,-0.28423952713602696,0.11746558267693286,0.7093978561568508,0.005754740000000008,0.0024568437229298967,0.42692523431638846,1.0,2.3573309864976925e-05,"{'A': 'idn_2', 'I': None, 'B': 'adn_2'}","{'A': ['parallel_a_ab_qss'], 'AB': ['parallel_a_ab_qss']}",surface_parallel_qss,0.0,nan,nan,0.2053525026457146,['single_conversion_ratio'],,
"cvd:aib_qss:AIB:no_desorption:bulk_as_surface:A=adn_2,I=n2,B=idn_2",33,"{'A': 'adn_2', 'I': 'n2', 'B': 'idn_2'}",{},deposition_rate,nm/s,condition_cv,inner_selection,"{'A': ['adn_2'], 'B': ['idn_2'], 'I': ['n2']}","[{'effects': {'AB': ['adn_2', 'idn_2']}, 'condition': 1, 'weight': 1.0, 'mse_increase': -4.819583588559079e-15, 'mean_mse_increase': -4.833359732413223e-15, 'centered_mse_increase': 1.3780379018880212e-17}]",1,3.31464317458472e-05,0.005757293786654212,0.005488725336373792,0.009193816115416573,49.0,-0.005488725336373792,3.01261058181516e-05,3.0203259276955935e-06,0.0017379084923250688,-6.335924505622047,0.16630239985237502,nan,0.10921737265306122,4.1171714967634963e-07,0.052714084277990944,8.712355577955682e-05,3.31464317458472e-05,0.005757293786654212,0.005488725336373792,0.009193816115416573,-79.50777523332115,-0.005488725336373792,0.052714084277990944,-0.05025505744227359,0.0017379084923250688,-6.335924505622047,0.009333999988191387,0.38319115128156533,0.0033476649999999997,0.00776952115231376,2.320877731885885,1.0,2.698564711251075e-05,"{'A': 'adn_2', 'I': 'n2', 'B': 'idn_2'}","{'A': ['aib_qss'], 'B': ['aib_qss'], 'I': ['aib_qss']}",surface_qss,0.0,nan,nan,637.8043838892178,['inhibition_ratio'],,
"cvd:aib_qss:AIB:no_desorption:bulk_as_surface:A=adn_2,I=n2,B=idn_2",33,"{'A': 'adn_2', 'I': 'n2', 'B': 'idn_2'}",{},deposition_rate,nm/s,condition_cv,inner_selection,"{'A': ['adn_2'], 'B': ['idn_2'], 'I': ['n2']}","[{'effects': {'AB': ['adn_2', 'idn_2']}, 'condition': 2, 'weight': 1.0, 'mse_increase': -3.551900343740392e-08, 'mean_mse_increase': -3.540530152268558e-08, 'centered_mse_increase': -1.1370191466032002e-10}]",2,0.0001169800735413864,0.010815732686294832,0.010730853024090426,0.01274066550269716,49.0,0.010730853024090426,0.00011515120662463064,1.8288669167557476e-06,0.0013523560613816715,-9.669199951460932,-0.026948849187031363,nan,0.07686286373469386,1.7141556302966477e-07,0.14071467234980078,0.0027513065521508413,0.0001169800735413864,0.010815732686294832,0.010730853024090426,0.01274066550269716,-681.4355471220667,0.010730853024090426,0.14071467234980078,0.13961037232661425,0.0013523560613816715,-9.669199951460932,0.05245289841515759,0.7938010479289481,0.0019401760000000018,0.005777842392898858,2.9779991056990975,1.0,4.5977272391620165e-06,"{'A': 'adn_2', 'I': 'n2', 'B': 'idn_2'}","{'A': ['aib_qss'], 'B': ['aib_qss'], 'I': ['aib_qss']}",surface_qss,0.0,nan,nan,17.46576047662118,[],,
"cvd:aib_qss:AIB:no_desorption:bulk_as_surface:A=adn_2,I=n2,B=idn_2",33,"{'A': 'adn_2', 'I': 'n2', 'B': 'idn_2'}",{},deposition_rate,nm/s,condition_cv,inner_selection,"{'A': ['adn_2'], 'B': ['idn_2'], 'I': ['n2']}","[{'effects': {'AB': ['adn_2', 'idn_2']}, 'condition': 4, 'weight': 1.0, 'mse_increase': -2.9700363262524787e-15, 'mean_mse_increase': -2.977774819258594e-15, 'centered_mse_increase': 7.73976355553617e-18}]",4,1.9506284473596175e-05,0.00441659195235378,0.0042742954512441445,0.0066498984994489835,49.0,-0.0042742954512441445,1.8269601604526386e-05,1.236682869069792e-06,0.001112062439375502,-5.759414568171252,0.30295118076109023,nan,0.07443086153061225,1.8295709733400396e-07,0.05933818125344827,0.0031019972414936927,1.9506284473596175e-05,0.00441659195235378,0.0042742954512441445,0.0066498984994489835,-105.61671374237957,-0.0042742954512441445,0.05933818125344827,-0.05742638689579313,0.001112062439375502,-5.759414568171252,0.05569557649844099,0.9207012077076282,0.0023843499999999934,0.005248773045007829,2.2013433619258262,1.0,2.9405301752053944e-05,"{'A': 'adn_2', 'I': 'n2', 'B': 'idn_2'}","{'A': ['aib_qss'], 'B': ['aib_qss'], 'I': ['aib_qss']}",surface_qss,0.0,nan,nan,156.78788438269703,['inhibition_ratio'],,
"cvd:aib_qss:AIB:no_desorption:bulk_as_surface:A=adn_2,I=n2,B=idn_2",33,"{'A': 'adn_2', 'I': 'n2', 'B': 'idn_2'}",{},deposition_rate,nm/s,condition_cv,inner_selection,"{'A': ['adn_2'], 'B': ['idn_2'], 'I': ['n2']}","[{'effects': {'AB': ['adn_2', 'idn_2']}, 'condition': 5, 'weight': 1.0, 'mse_increase': 1.2506380479837542e-13, 'mean_mse_increase': 1.2530883448935715e-13, 'centered_mse_increase': -2.44436767918646e-16}]",5,0.0011652494355284097,0.03413575010935617,0.034098321606662214,0.037116213636731926,49.0,-0.034098321606662214,0.0011626955363913671,2.553899137042136e-06,0.0015980923430897653,-0.28423952786757267,-0.23517684236877612,nan,0.20429415020408165,1.988647041010162e-06,0.16709117747745555,0.013798163113631348,0.0011652494355284097,0.03413575010935617,0.034098321606662214,0.037116213636731926,-584.950855782082,-0.034098321606662214,0.16709117747745555,-0.16690796859625867,0.0015980923430897653,-0.28423952786757267,0.11746558267693286,0.7093978565343674,0.005754740000000008,0.00245684372727481,0.4269252350714031,1.0,2.357330984193828e-05,"{'A': 'adn_2', 'I': 'n2', 'B': 'idn_2'}","{'A': ['aib_qss'], 'B': ['aib_qss'], 'I': ['aib_qss']}",surface_qss,0.0,nan,nan,4.869675251658631,['inhibition_ratio'],,
"cvd:parallel_a_ab_qss:AIB:no_desorption:bulk_as_surface:A=idn_2,I=n2,B=adn_2",34,"{'A': 'idn_2', 'I': 'n2', 'B': 'adn_2'}",{},deposition_rate,nm/s,condition_cv,inner_selection,"{'A': ['idn_2'], 'AB': ['idn_2', 'adn_2'], 'I': ['n2']}","[{'effects': {'A': ['idn_2'], 'AB': ['idn_2', 'adn_2']}, 'condition': 1, 'weight': 1.0, 'mse_increase': 1.5319099070862374e-16, 'mean_mse_increase': 1.5133429448824232e-16, 'centered_mse_increase': 1.849919956803392e-18}, {'effects': {'A': ['idn_2'], 'B': ['adn_2'], 'I': ['n2']}, 'condition': 1, 'weight': 1.0, 'mse_increase': 1.8016844960389022e-11, 'mean_mse_increase': 1.7815278850801192e-11, 'centered_mse_increase': 2.0156609518827027e-13}, {'effects': {'A': ['idn_2'], 'I': ['n2']}, 'condition': 1, 'weight': 1.0, 'mse_increase': 0.0003578629538019786, 'mean_mse_increase': 0.00034879378404203536, 'centered_mse_increase': 9.069169759943257e-06}]",1,3.314641372402902e-05,0.005757292221524718,0.005488723713021778,0.009193814284621613,49.0,-0.005488723713021778,3.012608799788757e-05,3.0203257261414524e-06,0.0017379084343375091,-6.33592401607688,0.1663023998528523,nan,0.10921737265306122,4.1171714967634963e-07,0.05271406994758309,8.712355577955682e-05,3.314641372402902e-05,0.005757292221524718,0.005488723713021778,0.009193814284621613,-79.507731460993,-0.005488723713021778,0.05271406994758309,-0.05025504257877729,0.0017379084343375091,-6.33592401607688,0.009333999988191387,0.38319131896203423,0.0033476649999999997,0.007769520872042565,2.3208776481644864,1.0,2.6985648480041126e-05,"{'A': 'idn_2', 'I': 'n2', 'B': 'adn_2'}","{'A': ['parallel_a_ab_qss'], 'AB': ['parallel_a_ab_qss'], 'I': ['parallel_a_ab_qss']}",surface_parallel_qss,0.0,nan,nan,0.0015678788438269703,"['single_conversion_ratio', 'inhibition_ratio']",,
"cvd:parallel_a_ab_qss:AIB:no_desorption:bulk_as_surface:A=idn_2,I=n2,B=adn_2",34,"{'A': 'idn_2', 'I': 'n2', 'B': 'adn_2'}",{},deposition_rate,nm/s,condition_cv,inner_selection,"{'A': ['idn_2'], 'AB': ['idn_2', 'adn_2'], 'I': ['n2']}","[{'effects': {'A': ['idn_2'], 'AB': ['idn_2', 'adn_2']}, 'condition': 2, 'weight': 1.0, 'mse_increase': -1.0041194695524426e-05, 'mean_mse_increase': -9.989933511045986e-06, 'centered_mse_increase': -5.126118447845869e-08}, {'effects': {'A': ['idn_2'], 'B': ['adn_2'], 'I': ['n2']}, 'condition': 2, 'weight': 1.0, 'mse_increase': 1.1866456860087031e-05, 'mean_mse_increase': 1.1797599455936925e-05, 'centered_mse_increase': 6.885740415012108e-08}, {'effects': {'A': ['idn_2'], 'I': ['n2']}, 'condition': 2, 'weight': 1.0, 'mse_increase': 0.002631215964031099, 'mean_mse_increase': 0.0026240680196953563, 'centered_mse_increase': 7.147944335743778e-06}]",2,0.0001269858067674131,0.011268797929123279,0.011185070073903111,0.013218975463622176,49.0,0.011185070073903111,0.00012510579255812295,1.8800142092901653e-06,0.001371136101665391,-9.967581799820676,-0.027382731367878128,nan,0.07686286373469386,1.7141556302966477e-07,0.14660913452326707,0.0027513065521508413,0.0001269858067674131,0.011268797929123279,0.011185070073903111,0.013218975463622176,-739.8067536168653,0.011185070073903111,0.14660913452326707,0.14551981972087863,0.001371136101665391,-9.967581799820676,0.05245289841515759,0.7851634843906572,0.0019401760000000018,0.0058633487124202105,3.022070529900486,1.0,4.592757238050356e-06,"{'A': 'idn_2', 'I': 'n2', 'B': 'adn_2'}","{'A': ['parallel_a_ab_qss'], 'AB': ['parallel_a_ab_qss'], 'I': ['parallel_a_ab_qss']}",surface_parallel_qss,0.0,nan,nan,0.8505258154439962,[],,
"cvd:parallel_a_ab_qss:AIB:no_desorption:bulk_as_surface:A=idn_2,I=n2,B=adn_2",34,"{'A': 'idn_2', 'I': 'n2', 'B': 'adn_2'}",{},deposition_rate,nm/s,condition_cv,inner_selection,"{'A': ['idn_2'], 'AB': ['idn_2', 'adn_2'], 'I': ['n2']}","[{'effects': {'A': ['idn_2'], 'AB': ['idn_2', 'adn_2']}, 'condition': 4, 'weight': 1.0, 'mse_increase': 3.631298007514966e-16, 'mean_mse_increase': 3.621641831916267e-16, 'centered_mse_increase': 9.700644828429875e-19}, {'effects': {'A': ['idn_2'], 'B': ['adn_2'], 'I': ['n2']}, 'condition': 4, 'weight': 1.0, 'mse_increase': 7.62325296069016e-12, 'mean_mse_increase': 7.596196370215132e-12, 'centered_mse_increase': 2.7056595980741666e-14}, {'effects': {'A': ['idn_2'], 'I': ['n2']}, 'condition': 4, 'weight': 1.0, 'mse_increase': 0.004696708338076181, 'mean_mse_increase': 0.004683697798761621, 'centered_mse_increase': 1.3010539314562568e-05}]",4,1.9506276847010038e-05,0.00441659108895198,0.004274294562262885,0.00664989756694262,49.0,-0.004274294562262885,1.826959400499007e-05,1.236682842019968e-06,0.0011120624272134942,-5.759414420323344,0.3029511807636289,nan,0.07443086153061225,1.8295709733400396e-07,0.05933816965339714,0.0031019972414936927,1.9506276847010038e-05,0.00441659108895198,0.004274294562262885,0.00664989756694262,-105.6166720572728,-0.004274294562262885,0.05933816965339714,-0.057426374952074616,0.0011120624272134942,-5.759414420323344,0.05569557649844099,0.9207012232097892,0.0023843499999999934,0.00524877298614114,2.2013433372370477,1.0,2.9405303460976837e-05,"{'A': 'idn_2', 'I': 'n2', 'B': 'adn_2'}","{'A': ['parallel_a_ab_qss'], 'AB': ['parallel_a_ab_qss'], 'I': ['parallel_a_ab_qss']}",surface_parallel_qss,0.0,nan,nan,0.006378043838892178,"['single_conversion_ratio', 'inhibition_ratio']",,
"cvd:parallel_a_ab_qss:AIB:no_desorption:bulk_as_surface:A=idn_2,I=n2,B=adn_2",34,"{'A': 'idn_2', 'I': 'n2', 'B': 'adn_2'}",{},deposition_rate,nm/s,condition_cv,inner_selection,"{'A': ['idn_2'], 'AB': ['idn_2', 'adn_2'], 'I': ['n2']}","[{'effects': {'A': ['idn_2'], 'AB': ['idn_2', 'adn_2']}, 'condition': 5, 'weight': 1.0, 'mse_increase': -1.778852672801312e-13, 'mean_mse_increase': -1.7811316657678766e-13, 'centered_mse_increase': 2.276803386395878e-16}, {'effects': {'A': ['idn_2'], 'B': ['adn_2'], 'I': ['n2']}, 'condition': 5, 'weight': 1.0, 'mse_increase': -2.902451716468857e-12, 'mean_mse_increase': -2.903662770295523e-12, 'centered_mse_increase': 1.210361377231928e-15}, {'effects': {'A': ['idn_2'], 'I': ['n2']}, 'condition': 5, 'weight': 1.0, 'mse_increase': 0.011844025190381413, 'mean_mse_increase': 0.011842615012670995, 'centered_mse_increase': 1.4101777104153137e-06}]",5,0.0011652494387338088,0.03413575015630693,0.034098321653689194,0.037116213683208055,49.0,-0.034098321653689194,0.0011626955395984493,2.5538991353596694e-06,0.0015980923425633667,-0.284239527021537,-0.23517684245781922,nan,0.20429415020408165,1.988647041010162e-06,0.16709117770727497,0.013798163113631348,0.0011652494387338088,0.03413575015630693,0.034098321653689194,0.037116213683208055,-584.9508573939312,-0.034098321653689194,0.16709117770727497,-0.16690796882645118,0.0015980923425633667,-0.284239527021537,0.11746558267693286,0.7093978561346693,0.005754740000000008,0.0024568437222461104,0.426925234197567,1.0,2.3573309866388736e-05,"{'A': 'idn_2', 'I': 'n2', 'B': 'adn_2'}","{'A': ['parallel_a_ab_qss'], 'AB': ['parallel_a_ab_qss'], 'I': ['parallel_a_ab_qss']}",surface_parallel_qss,0.0,nan,nan,0.2053525026457146,"['single_conversion_ratio', 'inhibition_ratio']",,
"cvd:aib_qss:AIB:no_desorption:bulk_as_surface:A=idn_2,I=n2,B=adn_2",35,"{'A': 'idn_2', 'I': 'n2', 'B': 'adn_2'}",{},deposition_rate,nm/s,condition_cv,inner_selection,"{'A': ['idn_2'], 'B': ['adn_2'], 'I': ['n2']}","[{'effects': {'AB': ['adn_2', 'idn_2']}, 'condition': 1, 'weight': 1.0, 'mse_increase': 1.5363822410477401e-16, 'mean_mse_increase': 1.5181879733407178e-16, 'centered_mse_increase': 1.8262030342802715e-18}]",1,3.314643174087398e-05,0.005757293786222306,0.0054887253359196635,0.009193816114984626,49.0,-0.0054887253359196635,3.0126105813166422e-05,3.0203259277075476e-06,0.001737908492328508,-6.335924505651082,0.16630239985368317,nan,0.10921737265306122,4.1171714967634963e-07,0.052714084274036385,8.712355577955682e-05,3.314643174087398e-05,0.005757293786222306,0.0054887253359196635,0.009193816114984626,-79.50777522124194,-0.0054887253359196635,0.052714084274036385,-0.050255057438115563,0.001737908492328508,-6.335924505651082,0.009333999988191387,0.3831911513278377,0.0033476649999999997,0.00776952115233874,2.3208777318933467,1.0,2.6985647105620997e-05,"{'A': 'idn_2', 'I': 'n2', 'B': 'adn_2'}","{'A': ['aib_qss'], 'B': ['aib_qss'], 'I': ['aib_qss']}",surface_qss,0.0,nan,nan,0.0015678788438269703,['inhibition_ratio'],,
"cvd:aib_qss:AIB:no_desorption:bulk_as_surface:A=idn_2,I=n2,B=adn_2",35,"{'A': 'idn_2', 'I': 'n2', 'B': 'adn_2'}",{},deposition_rate,nm/s,condition_cv,inner_selection,"{'A': ['idn_2'], 'B': ['adn_2'], 'I': ['n2']}","[{'effects': {'AB': ['adn_2', 'idn_2']}, 'condition': 2, 'weight': 1.0, 'mse_increase': -2.1907709089551147e-05, 'mean_mse_increase': -2.178759069095192e-05, 'centered_mse_increase': -1.201183985991991e-07}]",2,0.00013885226362750014,0.011783559039080686,0.011700572294296543,0.013766433904473616,49.0,0.011700572294296543,0.00013690339201405987,1.9488716134402864e-06,0.0013960199187118664,-10.369280472526402,-0.027925487007796436,nan,0.07686286373469386,1.7141556302966477e-07,0.15330627128015656,0.0027513065521508413,0.00013885226362750014,0.011783559039080686,0.011700572294296543,0.013766433904473616,-809.0330050164155,0.011700572294296543,0.15330627128015656,0.15222659846090555,0.0013960199187118664,-10.369280472526402,0.05245289841515759,0.7753497062104098,0.0019401760000000018,0.005976361495347152,3.080319257297867,1.0,4.585767222692434e-06,"{'A': 'idn_2', 'I': 'n2', 'B': 'adn_2'}","{'A': ['aib_qss'], 'B': ['aib_qss'], 'I': ['aib_qss']}",surface_qss,0.0,nan,nan,10000.0,[],,
"cvd:aib_qss:AIB:no_desorption:bulk_as_surface:A=idn_2,I=n2,B=adn_2",35,"{'A': 'idn_2', 'I': 'n2', 'B': 'adn_2'}",{},deposition_rate,nm/s,condition_cv,inner_selection,"{'A': ['idn_2'], 'B': ['adn_2'], 'I': ['n2']}","[{'effects': {'AB': ['adn_2', 'idn_2']}, 'condition': 4, 'weight': 1.0, 'mse_increase': 3.6313996514686364e-16, 'mean_mse_increase': 3.621709594552047e-16, 'centered_mse_increase': 9.679469004748517e-19}]",4,1.9506284470263e-05,0.004416591951976433,0.004274295450853443,0.006649898499076046,49.0,-0.004274295450853443,1.826960160118644e-05,1.236682869076564e-06,0.0011120624393785468,-5.759414568208265,0.30295118076236294,nan,0.07443086153061225,1.8295709733400396e-07,0.0593381812483785,0.0031019972414936927,1.9506284470263e-05,0.004416591951976433,0.004274295450853443,0.006649898499076046,-105.61671372416122,-0.004274295450853443,0.0593381812483785,-0.05742638689054395,0.0011120624393785468,-5.759414568208265,0.05569557649844099,0.9207012077144033,0.0023843499999999934,0.00524877304502841,2.2013433619344576,1.0,2.9405301744547162e-05,"{'A': 'idn_2', 'I': 'n2', 'B': 'adn_2'}","{'A': ['aib_qss'], 'B': ['aib_qss'], 'I': ['aib_qss']}",surface_qss,0.0,nan,nan,0.006378043838892178,['inhibition_ratio'],,
"cvd:aib_qss:AIB:no_desorption:bulk_as_surface:A=idn_2,I=n2,B=adn_2",35,"{'A': 'idn_2', 'I': 'n2', 'B': 'adn_2'}",{},deposition_rate,nm/s,condition_cv,inner_selection,"{'A': ['idn_2'], 'B': ['adn_2'], 'I': ['n2']}","[{'effects': {'AB': ['adn_2', 'idn_2']}, 'condition': 5, 'weight': 1.0, 'mse_increase': -1.7788353255665523e-13, 'mean_mse_increase': -1.781105644915737e-13, 'centered_mse_increase': 2.2766848017832624e-16}]",5,0.001165249435831357,0.03413575011379356,0.0340983216111114,0.03711621364100981,49.0,-0.0340983216111114,0.0011626955366947865,2.5538991365700308e-06,0.0015980923429420562,-0.2842395276301726,-0.23517684239312753,nan,0.20429415020408165,1.988647041010162e-06,0.16709117749917612,0.013798163113631348,0.001165249435831357,0.03413575011379356,0.0340983216111114,0.03711621364100981,-584.9508559344204,-0.0340983216111114,0.16709117749917612,-0.166907968618037,0.0015980923429420562,-0.2842395276301726,0.11746558267693286,0.7093978564965914,0.005754740000000008,0.0024568437259009923,0.42692523483267514,1.0,2.3573309837730657e-05,"{'A': 'idn_2', 'I': 'n2', 'B': 'adn_2'}","{'A': ['aib_qss'], 'B': ['aib_qss'], 'I': ['aib_qss']}",surface_qss,0.0,nan,nan,0.2053525026457146,['inhibition_ratio'],,
"cvd:aib_qss:AB:no_desorption:bulk_as_surface:A=idn_2,B=n2",36,"{'A': 'idn_2', 'I': None, 'B': 'n2'}",{},deposition_rate,nm/s,condition_cv,inner_selection,"{'AB': ['idn_2', 'n2']}","[{'effects': {}, 'condition': 1, 'weight': 1.0, 'mse_increase': -0.0003038858118086231, 'mean_mse_increase': -0.00029220803347188105, 'centered_mse_increase': -1.1677778336741984e-05}]",1,0.0003910093675881799,0.019773956801514964,0.019465864278314527,0.03258898763991433,49.0,0.019465864278314527,0.00037891987210176154,1.2089495486418333e-05,0.00347699518067229,-28.363594632678943,-0.1980311403876979,nan,0.10921737265306122,4.1171714967634963e-07,0.1810513869833576,8.712355577955682e-05,0.0003910093675881799,0.019773956801514964,0.019465864278314527,0.03258898763991433,-948.7038631875109,0.019465864278314527,0.1810513869833576,0.17823047566021927,0.00347699518067229,-28.363594632678943,0.009333999988191387,-1.1184869109204367,0.0033476649999999997,0.014899366929428545,4.450674404227588,1.0,0.0032433574026581487,"{'A': 'idn_2', 'I': None, 'B': 'n2'}",{'AB': ['aib_qss']},surface_qss,0.0,nan,nan,10000000000.0,['conversion_ratio'],,
"cvd:aib_qss:AB:no_desorption:bulk_as_surface:A=idn_2,B=n2",36,"{'A': 'idn_2', 'I': None, 'B': 'n2'}",{},deposition_rate,nm/s,condition_cv,inner_selection,"{'AB': ['idn_2', 'n2']}","[{'effects': {}, 'condition': 2, 'weight': 1.0, 'mse_increase': 0.002036406498141245, 'mean_mse_increase': 0.002042311857375195, 'centered_mse_increase': -5.905359233949025e-06}]",2,0.0007149000540095928,0.026737614964869115,0.026623735260338923,0.035828088314082074,49.0,0.026623735260338923,0.0007088232792126141,6.0767747969786894e-06,0.0024651115181627565,-34.450543052074316,0.005582688525310966,nan,0.07686286373469386,1.7141556302966477e-07,0.3478612904296521,0.0027513065521508413,0.0007149000540095928,0.026737614964869115,0.026623735260338923,0.035828088314082074,-4169.566787368506,0.026623735260338923,0.3478612904296521,0.3463796945197824,0.0024651115181627565,-34.450543052074316,0.05245289841515759,0.4902547662238888,0.0019401760000000018,0.010985574753479915,5.66215371877598,1.0,0.003141930509254183,"{'A': 'idn_2', 'I': None, 'B': 'n2'}",{'AB': ['aib_qss']},surface_qss,0.0,nan,nan,11.75743265920711,[],,
"cvd:aib_qss:AB:no_desorption:bulk_as_surface:A=idn_2,B=n2",36,"{'A': 'idn_2', 'I': None, 'B': 'n2'}",{},deposition_rate,nm/s,condition_cv,inner_selection,"{'AB': ['idn_2', 'n2']}","[{'effects': {}, 'condition': 4, 'weight': 1.0, 'mse_increase': -0.0016265720321107925, 'mean_mse_increase': -0.0016214764259089138, 'centered_mse_increase': -5.095606201877658e-06}]",4,0.004728569273604481,0.06876459316831941,0.0687262010466552,0.07722084527733217,49.0,0.0687262010466552,0.004723290710305269,5.278563299211662e-06,0.0022975124154640952,-27.851372131113283,-0.313431302401927,nan,0.07443086153061225,1.8295709733400396e-07,0.9238720572922243,0.0031019972414936927,0.004728569273604481,0.06876459316831941,0.0687262010466552,0.07722084527733217,-25844.23553613266,0.0687262010466552,0.9238720572922243,0.9233562481120708,0.0022975124154640952,-27.851372131113283,0.05569557649844099,-0.23465089135479622,0.0023843499999999934,0.009558782288801304,4.008967764296907,1.0,0.0022021054641201423,"{'A': 'idn_2', 'I': None, 'B': 'n2'}",{'AB': ['aib_qss']},surface_qss,0.0,nan,nan,1.485508017172775,[],,
"cvd:aib_qss:AB:no_desorption:bulk_as_surface:A=idn_2,B=n2",36,"{'A': 'idn_2', 'I': None, 'B': 'n2'}",{},deposition_rate,nm/s,condition_cv,inner_selection,"{'AB': ['idn_2', 'n2']}","[{'effects': {}, 'condition': 5, 'weight': 1.0, 'mse_increase': 0.0009721342175192348, 'mean_mse_increase': 0.0009720277595190643, 'centered_mse_increase': 1.0645800016739093e-07}]",5,0.012826028896112117,0.11325205912526322,0.11324374908608102,0.11598682156835434,49.0,-0.11324374908608102,0.012824146707071276,1.8821890408427711e-06,0.0013719289489047058,0.05353287837006715,0.24740340468075142,nan,0.20429415020408165,1.988647041010162e-06,0.5543578169621057,0.013798163113631348,0.012826028896112117,0.11325205912526322,0.11324374908608102,0.11598682156835434,-6448.625615612989,-0.11324374908608102,0.5543578169621057,-0.5543171401283643,0.0013719289489047058,0.05353287837006715,0.11746558267693286,0.0358702817935884,0.005754740000000008,0.0009542016668668968,0.16581142968524998,1.0,0.00021130872791686175,"{'A': 'idn_2', 'I': None, 'B': 'n2'}",{'AB': ['aib_qss']},surface_qss,0.0,nan,nan,0.08976871324473142,[],,
"cvd:aib_qss:AIB:no_desorption:bulk_as_surface:A=idn_2,I=adn_2,B=n2",37,"{'A': 'idn_2', 'I': 'adn_2', 'B': 'n2'}",{},deposition_rate,nm/s,condition_cv,inner_selection,"{'A': ['idn_2'], 'B': ['n2'], 'I': ['adn_2']}","[{'effects': {'AB': ['idn_2', 'n2']}, 'condition': 1, 'weight': 1.0, 'mse_increase': 6.289809168294469e-14, 'mean_mse_increase': 6.448791153856881e-14, 'centered_mse_increase': -1.5897266819999215e-15}]",1,0.0003910093675252818,0.019773956799924535,0.01946586427665809,0.032588987639074474,49.0,0.01946586427665809,0.00037891987203727363,1.208949548800806e-05,0.0034769951809008968,-28.363594636540153,-0.19803114038663175,nan,0.10921737265306122,4.1171714967634963e-07,0.18105138696879555,8.712355577955682e-05,0.0003910093675252818,0.019773956799924535,0.01946586427665809,0.032588987639074474,-948.7038630347407,0.01946586427665809,0.18105138696879555,0.17823047564505287,0.0034769951809008968,-28.363594636540153,0.009333999988191387,-1.1184869107500457,0.0033476649999999997,0.014899366930504879,4.450674404549106,1.0,0.003243357403681676,"{'A': 'idn_2', 'I': 'adn_2', 'B': 'n2'}","{'A': ['aib_qss'], 'B': ['aib_qss'], 'I': ['aib_qss']}",surface_qss,0.0,nan,nan,10000000000.0,"['conversion_ratio', 'inhibition_ratio']",,
"cvd:aib_qss:AIB:no_desorption:bulk_as_surface:A=idn_2,I=adn_2,B=n2",37,"{'A': 'idn_2', 'I': 'adn_2', 'B': 'n2'}",{},deposition_rate,nm/s,condition_cv,inner_selection,"{'A': ['idn_2'], 'B': ['n2'], 'I': ['adn_2']}","[{'effects': {'AB': ['idn_2', 'n2']}, 'condition': 2, 'weight': 1.0, 'mse_increase': -8.329361506076438e-14, 'mean_mse_increase': -8.240879766779896e-14, 'centered_mse_increase': -8.845353309939845e-16}]",2,0.0007149000540928864,0.026737614966426727,0.02662373526188658,0.03582808831625642,49.0,0.02662373526188658,0.0007088232792950229,6.076774797863225e-06,0.0024651115183421672,-34.4505430572345,0.0055826885255855,nan,0.07686286373469386,1.7141556302966477e-07,0.34786129044991687,0.0027513065521508413,0.0007149000540928864,0.026737614966426727,0.02662373526188658,0.03582808831625642,-4169.566787854423,0.02662373526188658,0.34786129044991687,0.34637969453991774,0.0024651115183421672,-34.4505430572345,0.05245289841515759,0.4902547661941934,0.0019401760000000018,0.01098557475431336,5.662153719205551,1.0,0.0031419305099765296,"{'A': 'idn_2', 'I': 'adn_2', 'B': 'n2'}","{'A': ['aib_qss'], 'B': ['aib_qss'], 'I': ['aib_qss']}",surface_qss,0.0,nan,nan,11.75743265920711,['inhibition_ratio'],,
"cvd:aib_qss:AIB:no_desorption:bulk_as_surface:A=idn_2,I=adn_2,B=n2",37,"{'A': 'idn_2', 'I': 'adn_2', 'B': 'n2'}",{},deposition_rate,nm/s,condition_cv,inner_selection,"{'A': ['idn_2'], 'B': ['n2'], 'I': ['adn_2']}","[{'effects': {'AB': ['idn_2', 'n2']}, 'condition': 4, 'weight': 1.0, 'mse_increase': -5.337640052172077e-13, 'mean_mse_increase': -5.328073052202065e-13, 'centered_mse_increase': -9.570938673216824e-16}]",4,0.004728569274138245,0.06876459317220052,0.0687262010505315,0.07722084528191786,49.0,0.0687262010505315,0.0047232907108380765,5.278563300168756e-06,0.002297512415672385,-27.85137213634453,-0.3134313024022649,nan,0.07443086153061225,1.8295709733400396e-07,0.9238720573443681,0.0031019972414936927,0.004728569274138245,0.06876459317220052,0.0687262010505315,0.07722084528191786,-25844.23553905009,0.0687262010505315,0.9238720573443681,0.9233562481641501,0.002297512415672385,-27.85137213634453,0.05569557649844099,-0.23465089142448045,0.0023843499999999934,0.009558782289759399,4.008967764698734,1.0,0.0022021054644956635,"{'A': 'idn_2', 'I': 'adn_2', 'B': 'n2'}","{'A': ['aib_qss'], 'B': ['aib_qss'], 'I': ['aib_qss']}",surface_qss,0.0,nan,nan,1.485508017172775,['inhibition_ratio'],,
"cvd:aib_qss:AIB:no_desorption:bulk_as_surface:A=idn_2,I=adn_2,B=n2",37,"{'A': 'idn_2', 'I': 'adn_2', 'B': 'n2'}",{},deposition_rate,nm/s,condition_cv,inner_selection,"{'A': ['idn_2'], 'B': ['n2'], 'I': ['adn_2']}","[{'effects': {'AB': ['idn_2', 'n2']}, 'condition': 5, 'weight': 1.0, 'mse_increase': -2.409236005140869e-13, 'mean_mse_increase': -2.4091839634365897e-13, 'centered_mse_increase': 3.0241193799346658e-18}]",5,0.01282602889635304,0.11325205912632688,0.11324374908714474,0.11598682156938238,49.0,-0.11324374908714474,0.012824146707312195,1.882189040839747e-06,0.0013719289489036038,0.05353287837158782,0.24740340465902544,nan,0.20429415020408165,1.988647041010162e-06,0.5543578169673122,0.013798163113631348,0.01282602889635304,0.11325205912632688,0.11324374908714474,0.11598682156938238,-6448.625615734139,-0.11324374908714474,0.5543578169673122,-0.554317140133571,0.0013719289489036038,0.05353287837158782,0.11746558267693286,0.035870281784533296,0.005754740000000008,0.0009542016671693493,0.16581142973780708,1.0,0.0002113087279204612,"{'A': 'idn_2', 'I': 'adn_2', 'B': 'n2'}","{'A': ['aib_qss'], 'B': ['aib_qss'], 'I': ['aib_qss']}",surface_qss,0.0,nan,nan,0.08976871324473142,['inhibition_ratio'],,
"cvd:aib_qss:AIB:no_desorption:bulk_as_surface:A=n2,I=adn_2,B=idn_2",38,"{'A': 'n2', 'I': 'adn_2', 'B': 'idn_2'}",{},deposition_rate,nm/s,condition_cv,inner_selection,"{'A': ['n2'], 'B': ['idn_2'], 'I': ['adn_2']}","[{'effects': {'AB': ['idn_2', 'n2']}, 'condition': 1, 'weight': 1.0, 'mse_increase': 1.5178830414797062e-18, 'mean_mse_increase': 1.463672932855431e-18, 'centered_mse_increase': -2.202285662861181e-20}]",1,0.00039100936758817837,0.019773956801514926,0.01946586427831449,0.03258898763991433,49.0,0.01946586427831449,0.0003789198721017601,1.2089495486418355e-05,0.0034769951806722936,-28.363594632678996,-0.1980311403876988,nan,0.10921737265306122,4.1171714967634963e-07,0.18105138698335724,8.712355577955682e-05,0.00039100936758817837,0.019773956801514926,0.01946586427831449,0.03258898763991433,-948.7038631875072,0.01946586427831449,0.18105138698335724,0.17823047566021893,0.0034769951806722936,-28.363594632678996,0.009333999988191387,-1.1184869109204325,0.0033476649999999997,0.014899366929428573,4.450674404227596,1.0,0.0032433574026581487,"{'A': 'n2', 'I': 'adn_2', 'B': 'idn_2'}","{'A': ['aib_qss'], 'B': ['aib_qss'], 'I': ['aib_qss']}",surface_qss,0.0,nan,nan,1e-10,"['conversion_ratio', 'inhibition_ratio']",,
"cvd:aib_qss:AIB:no_desorption:bulk_as_surface:A=n2,I=adn_2,B=idn_2",38,"{'A': 'n2', 'I': 'adn_2', 'B': 'idn_2'}",{},deposition_rate,nm/s,condition_cv,inner_selection,"{'A': ['n2'], 'B': ['idn_2'], 'I': ['adn_2']}","[{'effects': {'AB': ['idn_2', 'n2']}, 'condition': 2, 'weight': 1.0, 'mse_increase': -7.137628162123821e-15, 'mean_mse_increase': -7.142940752769e-15, 'centered_mse_increase': 5.092362078892854e-18}]",2,0.0007149000540167304,0.026737614965002588,0.02662373526047307,0.03582808831421333,49.0,0.02662373526047307,0.000708823279219757,6.076774796973597e-06,0.0024651115181617235,-34.45054305204461,0.005582688525423207,nan,0.07686286373469386,1.7141556302966477e-07,0.3478612904313886,0.0027513065521508413,0.0007149000540167304,0.026737614965002588,0.02662373526047307,0.03582808831421333,-4169.566787410146,0.02662373526047307,0.3478612904313886,0.34637969452152767,0.0024651115181617235,-34.45054305204461,0.05245289841515759,0.49025476622134423,0.0019401760000000018,0.010985574753475752,5.662153718773834,1.0,0.0031419305093162834,"{'A': 'n2', 'I': 'adn_2', 'B': 'idn_2'}","{'A': ['aib_qss'], 'B': ['aib_qss'], 'I': ['aib_qss']}",surface_qss,0.0,nan,nan,0.08505258154439962,['inhibition_ratio'],,
"cvd:aib_qss:AIB:no_desorption:bulk_as_surface:A=n2,I=adn_2,B=idn_2",38,"{'A': 'n2', 'I': 'adn_2', 'B': 'idn_2'}",{},deposition_rate,nm/s,condition_cv,inner_selection,"{'A': ['n2'], 'B': ['idn_2'], 'I': ['adn_2']}","[{'effects': {'AB': ['idn_2', 'n2']}, 'condition': 4, 'weight': 1.0, 'mse_increase': -3.643075424664133e-13, 'mean_mse_increase': -3.6409156939365417e-13, 'centered_mse_increase': -2.1712503756737833e-16}]",4,0.004728569273968789,0.06876459317096836,0.06872620104930405,0.0772208452801467,49.0,0.06872620104930405,0.004723290710669361,5.278563299428787e-06,0.002297512415511348,-27.851372132300035,-0.31343130240162215,nan,0.07443086153061225,1.8295709733400396e-07,0.9238720573278137,0.0031019972414936927,0.004728569273968789,0.06876459317096836,0.06872620104930405,0.0772208452801467,-25844.23553812388,0.06872620104930405,0.9238720573278137,0.9233562481476589,0.002297512415511348,-27.851372132300035,0.05569557649844099,-0.23465089140235745,0.0023843499999999934,0.009558782289021378,4.008967764389206,1.0,0.0022021054643756575,"{'A': 'n2', 'I': 'adn_2', 'B': 'idn_2'}","{'A': ['aib_qss'], 'B': ['aib_qss'], 'I': ['aib_qss']}",surface_qss,0.0,nan,nan,0.6731703824144982,['inhibition_ratio'],,
"cvd:aib_qss:AIB:no_desorption:bulk_as_surface:A=n2,I=adn_2,B=idn_2",38,"{'A': 'n2', 'I': 'adn_2', 'B': 'idn_2'}",{},deposition_rate,nm/s,condition_cv,inner_selection,"{'A': ['n2'], 'B': ['idn_2'], 'I': ['adn_2']}","[{'effects': {'AB': ['idn_2', 'n2']}, 'condition': 5, 'weight': 1.0, 'mse_increase': -2.7339450148211597e-12, 'mean_mse_increase': -2.7339710356732994e-12, 'centered_mse_increase': 2.744852617224923e-17}]",5,0.012826028898846062,0.1132520591373334,0.1132437490981522,0.11598682158029873,49.0,-0.1132437490981522,0.012824146709805247,1.8821890408153226e-06,0.0013719289488947023,0.053532878383869775,0.2474034046205466,nan,0.20429415020408165,1.988647041010162e-06,0.554357817021188,0.013798163113631348,0.012826028898846062,0.1132520591373334,0.1132437490981522,0.11598682158029873,-6448.625616987766,-0.1132437490981522,0.554357817021188,-0.5543171401874515,0.0013719289488947023,0.053532878383869775,0.11746558267693286,0.03587028169083338,0.005754740000000008,0.0009542016680868931,0.16581142989724848,1.0,0.0002113087279575201,"{'A': 'n2', 'I': 'adn_2', 'B': 'idn_2'}","{'A': ['aib_qss'], 'B': ['aib_qss'], 'I': ['aib_qss']}",surface_qss,0.0,nan,nan,11.139738599948023,['inhibition_ratio'],,
cvd:aib_qss:baseline:full:not_applicable:none,39,"{'A': None, 'I': None, 'B': None}",{},deposition_rate,nm/s,condition_cv,inner_selection,{},[],1,8.712355577955682e-05,0.009333999988191387,0.009311919170068031,0.011358217823129249,49.0,0.009311919170068031,8.671183862988048e-05,4.117171496763495e-07,0.000641651891352585,2.220446049250313e-16,4.413922302108884e-16,nan,0.10921737265306122,4.1171714967634963e-07,0.08546259410434341,8.712355577955682e-05,8.712355577955682e-05,0.009333999988191387,0.009311919170068031,0.011358217823129249,-210.61021795678062,0.009311919170068031,0.08546259410434341,0.0852604209739432,0.000641651891352585,2.220446049250313e-16,0.009333999988191387,0.0,0.0033476649999999997,0.0,0.0,1.0,0.003679572245572977,"{'A': None, 'I': None, 'B': None}",{},surface_qss,0.0,nan,nan,0.0,[],,
cvd:aib_qss:baseline:full:not_applicable:none,39,"{'A': None, 'I': None, 'B': None}",{},deposition_rate,nm/s,condition_cv,inner_selection,{},[],2,0.002751306552150838,0.05245289841515755,0.05245126439455782,0.053506020129251694,49.0,0.05245126439455782,0.0027511351365878092,1.7141556302966477e-07,0.0004140236261732714,0.0,nan,nan,0.07686286373469386,1.7141556302966477e-07,0.6824218597450162,0.0027513065521508413,0.002751306552150838,0.05245289841515755,0.05245126439455782,0.053506020129251694,-16049.506170636929,0.05245126439455782,0.6824218597450162,0.682400600836353,0.0004140236261732714,0.0,0.05245289841515759,6.614404650231931e-16,0.0019401760000000018,0.0,0.0,1.0,0.0030135465216123767,"{'A': None, 'I': None, 'B': None}",{},surface_qss,0.0,nan,nan,0.0,[],,
cvd:aib_qss:baseline:full:not_applicable:none,39,"{'A': None, 'I': None, 'B': None}",{},deposition_rate,nm/s,condition_cv,inner_selection,{},[],4,0.0031019972414936888,0.05569557649844096,0.055693933999999994,0.057201291530612236,49.0,0.055693933999999994,0.0031018142843963555,1.8295709733400396e-07,0.00042773484465729927,0.0,-1.2580651529176424e-14,nan,0.07443086153061225,1.8295709733400396e-07,0.7482860651227883,0.0031019972414936927,0.0031019972414936888,0.05569557649844096,0.055693933999999994,0.057201291530612236,-16953.779490356286,0.055693933999999994,0.7482860651227883,0.7482639976845351,0.00042773484465729927,0.0,0.05569557649844099,6.229304318361314e-16,0.0023843499999999934,0.0,0.0,1.0,0.002925872887482139,"{'A': None, 'I': None, 'B': None}",{},surface_qss,0.0,nan,nan,0.0,[],,
cvd:aib_qss:baseline:full:not_applicable:none,39,"{'A': None, 'I': None, 'B': None}",{},deposition_rate,nm/s,condition_cv,inner_selection,{},[],5,0.013798163113631351,0.11746558267693287,0.11745711756462586,0.12034680736054423,49.0,-0.11745711756462586,0.01379617446659034,1.988647041010162e-06,0.0014101939728314548,0.0,-1.0041886605659263e-14,nan,0.20429415020408165,1.988647041010162e-06,0.5749826050309785,0.013798163113631348,0.013798163113631351,0.11746558267693287,0.11745711756462586,0.12034680736054423,-6937.467626020943,-0.11745711756462586,0.5749826050309785,-0.5749411691293702,0.0014101939728314548,0.0,0.11746558267693286,-1.1814343820166217e-16,0.005754740000000008,0.0,0.0,1.0,0.0002516809452857508,"{'A': None, 'I': None, 'B': None}",{},surface_qss,0.0,nan,nan,0.0,[],,
"cvd:aib_qss:AB:full:bulk_as_surface:A=idn_2,B=n2",40,"{'A': 'idn_2', 'I': None, 'B': 'n2'}",{},deposition_rate,nm/s,condition_cv,inner_selection,"{'AB': ['idn_2', 'n2']}","[{'effects': {'AB': ['idn_2', 'n2']}, 'condition': 1, 'weight': 1.0, 'mse_increase': -0.0003061793893612232, 'mean_mse_increase': -0.0003049034614310073, 'centered_mse_increase': -1.275927930215914e-06}, {'effects': {}, 'condition': 1, 'weight': 1.0, 'mse_increase': -0.0006100652011698462, 'mean_mse_increase': -0.0005971114949028884, 'centered_mse_increase': -1.2953706266957898e-05}]",1,0.0006971887569494031,0.026404332162533538,0.026150015937524185,0.03982127957495987,49.0,0.026150015937524185,0.0006838233335327689,1.3365423416634247e-05,0.0036558751916106556,-31.46263466834158,-0.19046087942434398,nan,0.10921737265306122,4.1171714967634963e-07,0.24175945200961083,8.712355577955682e-05,0.0006971887569494031,0.026404332162533538,0.026150015937524185,0.03982127957495987,-1692.3682687191008,0.026150015937524185,0.24175945200961083,0.23943091929698818,0.0036558751916106556,-31.46263466834158,0.009333999988191387,-1.8288335328838803,0.0033476649999999997,0.01568960485604995,4.686730857493194,1.0,0.0031215806963525937,"{'A': 'idn_2', 'I': None, 'B': 'n2'}",{'AB': ['aib_qss']},surface_qss,0.0,nan,nan,94746.35256553754,[],,
"cvd:aib_qss:AB:full:bulk_as_surface:A=idn_2,B=n2",40,"{'A': 'idn_2', 'I': None, 'B': 'n2'}",{},deposition_rate,nm/s,condition_cv,inner_selection,"{'AB': ['idn_2', 'n2']}","[{'effects': {'AB': ['idn_2', 'n2']}, 'condition': 2, 'weight': 1.0, 'mse_increase': 1.0776861174288666e-14, 'mean_mse_increase': 1.0764392849305082e-14, 'centered_mse_increase': 1.2398868281908448e-17}, {'effects': {}, 'condition': 2, 'weight': 1.0, 'mse_increase': 0.002036406498152022, 'mean_mse_increase': 0.0020423118573859598, 'centered_mse_increase': -5.905359233936626e-06}]",2,0.0007149000539988159,0.026737614964667585,0.026623735260136765,0.035828088313871145,49.0,0.026623735260136765,0.0007088232792018497,6.0767747969662906e-06,0.0024651115181602416,-34.45054305200198,0.0055826885253808245,nan,0.07686286373469386,1.7141556302966477e-07,0.3478612904270301,0.0027513065521508413,0.0007149000539988159,0.026737614964667585,0.026623735260136765,0.035828088313871145,-4169.566787305637,0.026623735260136765,0.3478612904270301,0.3463796945171523,0.0024651115181602416,-34.45054305200198,0.05245289841515759,0.49025476622773095,0.0019401760000000018,0.010985574753468313,5.66215371877,1.0,0.003141930509255276,"{'A': 'idn_2', 'I': None, 'B': 'n2'}",{'AB': ['aib_qss']},surface_qss,0.0,nan,nan,11.75743265920711,['desorption_ratio'],,
"cvd:aib_qss:AB:full:bulk_as_surface:A=idn_2,B=n2",40,"{'A': 'idn_2', 'I': None, 'B': 'n2'}",{},deposition_rate,nm/s,condition_cv,inner_selection,"{'AB': ['idn_2', 'n2']}","[{'effects': {'AB': ['idn_2', 'n2']}, 'condition': 4, 'weight': 1.0, 'mse_increase': -0.0014874395858660277, 'mean_mse_increase': -0.0014764664653490493, 'centered_mse_increase': -1.097312051697993e-05}, {'effects': {}, 'condition': 4, 'weight': 1.0, 'mse_increase': -0.00311401161797682, 'mean_mse_increase': -0.003097942891257963, 'centered_mse_increase': -1.606872671885759e-05}]",4,0.006216008859470509,0.07884166956293169,0.07873853678888323,0.09316072416724569,49.0,0.07873853678888323,0.0061997571756543185,1.6251683816191592e-05,0.004031337720433702,-87.82784025876155,-0.317743514262148,nan,0.07443086153061225,1.8295709733400396e-07,1.059260472626739,0.0031019972414936927,0.006216008859470509,0.07884166956293169,0.07873853678888323,0.09316072416724569,-33974.22670641549,0.07873853678888323,1.059260472626739,1.057874854189338,0.004031337720433702,-87.82784025876155,0.05569557649844099,-0.4155822512248992,0.0023843499999999934,0.017528186581516003,7.351347990654078,1.0,0.0018485412747440376,"{'A': 'idn_2', 'I': None, 'B': 'n2'}",{'AB': ['aib_qss']},surface_qss,0.0,nan,nan,10000000000.0,"['desorption_ratio', 'conversion_ratio']",,
"cvd:aib_qss:AB:full:bulk_as_surface:A=idn_2,B=n2",40,"{'A': 'idn_2', 'I': None, 'B': 'n2'}",{},deposition_rate,nm/s,condition_cv,inner_selection,"{'AB': ['idn_2', 'n2']}","[{'effects': {'AB': ['idn_2', 'n2']}, 'condition': 5, 'weight': 1.0, 'mse_increase': 7.584037564623003e-14, 'mean_mse_increase': 7.584384509318198e-14, 'centered_mse_increase': 2.027373359253168e-18}, {'effects': {}, 'condition': 5, 'weight': 1.0, 'mse_increase': 0.0009721342175950751, 'mean_mse_increase': 0.0009720277595949081, 'centered_mse_increase': 1.064580001694183e-07}]",5,0.012826028896036276,0.11325205912492839,0.11324374908574615,0.11598682156791229,49.0,-0.11324374908574615,0.012824146706995432,1.8821890408407437e-06,0.001371928948903967,0.05353287837108667,0.2474034046065519,nan,0.20429415020408165,1.988647041010162e-06,0.5543578169604667,0.013798163113631348,0.012826028896036276,0.11325205912492839,0.11324374908574615,0.11598682156791229,-6448.625615574852,-0.11324374908574615,0.5543578169604667,-0.5543171401267251,0.001371928948903967,0.05353287837108667,0.11746558267693286,0.03587028179643884,0.005754740000000008,0.0009542016677445281,0.1658114298377558,1.0,0.00021130872792048897,"{'A': 'idn_2', 'I': None, 'B': 'n2'}",{'AB': ['aib_qss']},surface_qss,0.0,nan,nan,0.08976871324473142,['desorption_ratio'],,
"cvd:aib_qss:AIB:full:bulk_as_surface:A=idn_2,I=adn_2,B=n2",41,"{'A': 'idn_2', 'I': 'adn_2', 'B': 'n2'}",{},deposition_rate,nm/s,condition_cv,inner_selection,"{'A': ['idn_2'], 'B': ['n2'], 'I': ['adn_2']}","[{'effects': {'A': ['idn_2'], 'B': ['n2'], 'I': ['adn_2']}, 'condition': 1, 'weight': 1.0, 'mse_increase': -0.0003061793893584363, 'mean_mse_increase': -0.00030490346142796385, 'centered_mse_increase': -1.2759279304724735e-06}, {'effects': {'AB': ['idn_2', 'n2']}, 'condition': 1, 'weight': 1.0, 'mse_increase': 6.568497915721005e-14, 'mean_mse_increase': 6.753137545695287e-14, 'centered_mse_increase': -1.846286185459671e-15}]",1,0.0006971887568837181,0.02640433216128971,0.026150015936232954,0.03982127957456652,49.0,0.026150015936232954,0.0006838233334652375,1.3365423418480533e-05,0.003655875191863165,-31.462634672825935,-0.19046087942391507,nan,0.10921737265306122,4.1171714967634963e-07,0.2417594519982223,8.712355577955682e-05,0.0006971887568837181,0.02640433216128971,0.026150015936232954,0.03982127957456652,-1692.3682685595618,0.026150015936232954,0.2417594519982223,0.2394309192851656,0.003655875191863165,-31.462634672825935,0.009333999988191387,-1.8288335327506222,0.0033476649999999997,0.015689604857234002,4.6867308578468885,1.0,0.003121580697367774,"{'A': 'idn_2', 'I': 'adn_2', 'B': 'n2'}","{'A': ['aib_qss'], 'B': ['aib_qss'], 'I': ['aib_qss']}",surface_qss,0.0,nan,nan,94746.35256553754,['inhibition_ratio'],,
"cvd:aib_qss:AIB:full:bulk_as_surface:A=idn_2,I=adn_2,B=n2",41,"{'A': 'idn_2', 'I': 'adn_2', 'B': 'n2'}",{},deposition_rate,nm/s,condition_cv,inner_selection,"{'A': ['idn_2'], 'B': ['n2'], 'I': ['adn_2']}","[{'effects': {'A': ['idn_2'], 'B': ['n2'], 'I': ['adn_2']}, 'condition': 2, 'weight': 1.0, 'mse_increase': 1.0775668551898931e-14, 'mean_mse_increase': 1.07630918066981e-14, 'centered_mse_increase': 1.241496190790628e-17}, {'effects': {'AB': ['idn_2', 'n2']}, 'condition': 2, 'weight': 1.0, 'mse_increase': -8.329480768315412e-14, 'mean_mse_increase': -8.241009871040594e-14, 'centered_mse_increase': -8.845192373679867e-16}]",2,0.0007149000540821107,0.026737614966225218,0.026623735261684447,0.0358280883160455,49.0,0.026623735261684447,0.0007088232792842598,6.07677479785081e-06,0.002465111518339649,-34.45054305716207,0.005582688525655841,nan,0.07686286373469386,1.7141556302966477e-07,0.34786129044729525,0.0027513065521508413,0.0007149000540821107,0.026737614966225218,0.026623735261684447,0.0358280883160455,-4169.56678779156,0.026623735261684447,0.34786129044729525,0.34637969453728795,0.002465111518339649,-34.45054305716207,0.05245289841515759,0.4902547661980351,0.0019401760000000018,0.010985574754301716,5.66215371919955,1.0,0.0031419305099776224,"{'A': 'idn_2', 'I': 'adn_2', 'B': 'n2'}","{'A': ['aib_qss'], 'B': ['aib_qss'], 'I': ['aib_qss']}",surface_qss,0.0,nan,nan,11.75743265920711,"['desorption_ratio', 'inhibition_ratio']",,
"cvd:aib_qss:AIB:full:bulk_as_surface:A=idn_2,I=adn_2,B=n2",41,"{'A': 'idn_2', 'I': 'adn_2', 'B': 'n2'}",{},deposition_rate,nm/s,condition_cv,inner_selection,"{'A': ['idn_2'], 'B': ['n2'], 'I': ['adn_2']}","[{'effects': {'A': ['idn_2'], 'B': ['n2'], 'I': ['adn_2']}, 'condition': 4, 'weight': 1.0, 'mse_increase': -0.0014874395865845432, 'mean_mse_increase': -0.001476466466065497, 'centered_mse_increase': -1.0973120519048678e-05}, {'effects': {'AB': ['idn_2', 'n2']}, 'condition': 4, 'weight': 1.0, 'mse_increase': -1.2522795300728973e-12, 'mean_mse_increase': -1.2492550396925317e-12, 'centered_mse_increase': -3.025842244949381e-15}]",4,0.0062160088607227885,0.07884166957087342,0.07873853679681617,0.09316072417646121,49.0,0.07873853679681617,0.006199757176903574,1.6251683819217435e-05,0.004031337720808992,-87.82784027530009,-0.31774351426229486,nan,0.07443086153061225,1.8295709733400396e-07,1.0592604727334383,0.0031019972414936927,0.0062160088607227885,0.07884166957087342,0.07873853679681617,0.09316072417646121,-33974.22671326015,0.07873853679681617,1.0592604727334383,1.057874854295919,0.004031337720808992,-87.82784027530009,0.05569557649844099,-0.415582251367491,0.0023843499999999934,0.017528186583235683,7.351347991375315,1.0,0.0018485412753102882,"{'A': 'idn_2', 'I': 'adn_2', 'B': 'n2'}","{'A': ['aib_qss'], 'B': ['aib_qss'], 'I': ['aib_qss']}",surface_qss,0.0,nan,nan,10000000000.0,"['desorption_ratio', 'inhibition_ratio']",,
"cvd:aib_qss:AIB:full:bulk_as_surface:A=idn_2,I=adn_2,B=n2",41,"{'A': 'idn_2', 'I': 'adn_2', 'B': 'n2'}",{},deposition_rate,nm/s,condition_cv,inner_selection,"{'A': ['idn_2'], 'B': ['n2'], 'I': ['adn_2']}","[{'effects': {'A': ['idn_2'], 'B': ['n2'], 'I': ['adn_2']}, 'condition': 5, 'weight': 1.0, 'mse_increase': 7.5842110369706e-14, 'mean_mse_increase': 7.583170202885015e-14, 'centered_mse_increase': 2.030337974568558e-18}, {'effects': {'AB': ['idn_2', 'n2']}, 'condition': 5, 'weight': 1.0, 'mse_increase': -2.409218657906109e-13, 'mean_mse_increase': -2.409305394079908e-13, 'centered_mse_increase': 3.027083995250056e-18}]",5,0.012826028896277198,0.11325205912599204,0.11324374908680993,0.11598682156894036,49.0,-0.11324374908680993,0.012824146707236363,1.8821890408377166e-06,0.0013719289489028637,0.05353287837260878,0.2474034045848296,nan,0.20429415020408165,1.988647041010162e-06,0.5543578169656732,0.013798163113631348,0.012826028896277198,0.11325205912599204,0.11324374908680993,0.11598682156894036,-6448.625615696002,-0.11324374908680993,0.5543578169656732,-0.5543171401319321,0.0013719289489028637,0.05353287837260878,0.11746558267693286,0.035870281787383856,0.005754740000000008,0.0009542016680469806,0.1658114298903129,1.0,0.0002113087279240884,"{'A': 'idn_2', 'I': 'adn_2', 'B': 'n2'}","{'A': ['aib_qss'], 'B': ['aib_qss'], 'I': ['aib_qss']}",surface_qss,0.0,nan,nan,0.08976871324473142,"['desorption_ratio', 'inhibition_ratio']",,
"cvd:aib_qss:AIB:full:bulk_as_surface:A=n2,I=adn_2,B=idn_2",42,"{'A': 'n2', 'I': 'adn_2', 'B': 'idn_2'}",{},deposition_rate,nm/s,condition_cv,inner_selection,"{'A': ['n2'], 'B': ['idn_2'], 'I': ['adn_2']}","[{'effects': {'A': ['n2'], 'B': ['idn_2'], 'I': ['adn_2']}, 'condition': 1, 'weight': 1.0, 'mse_increase': -0.0003061820987645723, 'mean_mse_increase': -0.0003049059093073271, 'centered_mse_increase': -1.2761894572450982e-06}, {'effects': {'AB': ['idn_2', 'n2']}, 'condition': 1, 'weight': 1.0, 'mse_increase': -2.7094033476201054e-09, 'mean_mse_increase': -2.4478763183122254e-09, 'centered_mse_increase': -2.6152702920623607e-10}]",1,0.0006971914663527507,0.026404383468521864,0.026150062741972287,0.03982145287635727,49.0,0.026150062741972287,0.0006838257814090872,1.3365684943663453e-05,0.0036559109594823903,-31.46326987877528,-0.19046113639262935,nan,0.10921737265306122,4.1171714967634963e-07,0.2417599217699345,8.712355577955682e-05,0.0006971914663527507,0.026404383468521864,0.026150062741972287,0.03982145287635727,-1692.374849458693,0.026150062741972287,0.2417599217699345,0.2394313478409731,0.0036559109594823903,-31.46326987877528,0.009333999988191387,-1.8288390295614454,0.0033476649999999997,0.01568977159143914,4.686780663967016,1.0,0.003121580677848457,"{'A': 'n2', 'I': 'adn_2', 'B': 'idn_2'}","{'A': ['aib_qss'], 'B': ['aib_qss'], 'I': ['aib_qss']}",surface_qss,0.0,nan,nan,9.474635256553753,['inhibition_ratio'],,
"cvd:aib_qss:AIB:full:bulk_as_surface:A=n2,I=adn_2,B=idn_2",42,"{'A': 'n2', 'I': 'adn_2', 'B': 'idn_2'}",{},deposition_rate,nm/s,condition_cv,inner_selection,"{'A': ['n2'], 'B': ['idn_2'], 'I': ['adn_2']}","[{'effects': {'A': ['n2'], 'B': ['idn_2'], 'I': ['adn_2']}, 'condition': 2, 'weight': 1.0, 'mse_increase': 1.2671883941467454e-13, 'mean_mse_increase': 1.2657344790334424e-13, 'centered_mse_increase': 1.4581163967214428e-16}, {'effects': {'AB': ['idn_2', 'n2']}, 'condition': 2, 'weight': 1.0, 'mse_increase': 1.0880435007826206e-13, 'mean_mse_increase': 1.0866611430127016e-13, 'centered_mse_increase': 1.3850513346912868e-16}]",2,0.0007149000538900116,0.026737614962632914,0.02662373525809599,0.03582808831173308,49.0,0.02662373525809599,0.0007088232790931836,6.0767747968277854e-06,0.0024651115181321486,-34.450543051193975,0.0055826885262532655,nan,0.07686286373469386,1.7141556302966477e-07,0.3478612904005587,0.0027513065521508413,0.0007149000538900116,0.026737614962632914,0.02662373525809599,0.03582808831173308,-4169.566786670896,0.02662373525809599,0.3478612904005587,0.34637969449060146,0.0024651115181321486,-34.450543051193975,0.05245289841515759,0.49025476626652137,0.0019401760000000018,0.01098557475333918,5.6621537187034425,1.0,0.0031419305093291342,"{'A': 'n2', 'I': 'adn_2', 'B': 'idn_2'}","{'A': ['aib_qss'], 'B': ['aib_qss'], 'I': ['aib_qss']}",surface_qss,0.0,nan,nan,0.08505258154439962,"['desorption_ratio', 'inhibition_ratio']",,
"cvd:aib_qss:AIB:full:bulk_as_surface:A=n2,I=adn_2,B=idn_2",42,"{'A': 'n2', 'I': 'adn_2', 'B': 'idn_2'}",{},deposition_rate,nm/s,condition_cv,inner_selection,"{'A': ['n2'], 'B': ['idn_2'], 'I': ['adn_2']}","[{'effects': {'A': ['n2'], 'B': ['idn_2'], 'I': ['adn_2']}, 'condition': 4, 'weight': 1.0, 'mse_increase': -0.0014874395867511356, 'mean_mse_increase': -0.0014764664662280345, 'centered_mse_increase': -1.0973120523101085e-05}, {'effects': {'AB': ['idn_2', 'n2']}, 'condition': 4, 'weight': 1.0, 'mse_increase': -1.2494155016140596e-12, 'mean_mse_increase': -1.2430768220328403e-12, 'centered_mse_increase': -6.338279781668149e-15}]",4,0.0062160088607199245,0.07884166957085526,0.07873853679677693,0.09316072417787072,49.0,0.07873853679677693,0.006199757176897395,1.6251683822529872e-05,0.004031337721219827,-87.82784029340507,-0.3177435142657511,nan,0.07443086153061225,1.8295709733400396e-07,1.0592604727331942,0.0031019972414936927,0.0062160088607199245,0.07884166957085526,0.07873853679677693,0.09316072417787072,-33974.2267132445,0.07873853679677693,1.0592604727331942,1.057874854295392,0.004031337721219827,-87.82784029340507,0.05569557649844099,-0.4155822513671648,0.0023843499999999934,0.017528186585147182,7.351347992177,1.0,0.001848541275311209,"{'A': 'n2', 'I': 'adn_2', 'B': 'idn_2'}","{'A': ['aib_qss'], 'B': ['aib_qss'], 'I': ['aib_qss']}",surface_qss,0.0,nan,nan,10000000000.0,"['desorption_ratio', 'inhibition_ratio']",,
"cvd:aib_qss:AIB:full:bulk_as_surface:A=n2,I=adn_2,B=idn_2",42,"{'A': 'n2', 'I': 'adn_2', 'B': 'idn_2'}",{},deposition_rate,nm/s,condition_cv,inner_selection,"{'A': ['n2'], 'B': ['idn_2'], 'I': ['adn_2']}","[{'effects': {'A': ['n2'], 'B': ['idn_2'], 'I': ['adn_2']}, 'condition': 5, 'weight': 1.0, 'mse_increase': 6.805320196257014e-15, 'mean_mse_increase': 6.805320196257014e-15, 'centered_mse_increase': 1.7914746834428452e-19}, {'effects': {'AB': ['idn_2', 'n2']}, 'condition': 5, 'weight': 1.0, 'mse_increase': -2.8029800702711327e-12, 'mean_mse_increase': -2.8030095605702243e-12, 'centered_mse_increase': 2.5600300281340346e-17}]",5,0.012826028898839256,0.11325205913730335,0.11324374909812215,0.11598682158025905,49.0,-0.11324374909812215,0.012824146709798442,1.8821890408151434e-06,0.001371928948894637,0.053532878383959814,0.24740340461388113,nan,0.20429415020408165,1.988647041010162e-06,0.5543578170210409,0.013798163113631348,0.012826028898839256,0.11325205913730335,0.11324374909812215,0.11598682158025905,-6448.625616984343,-0.11324374909812215,0.5543578170210409,-0.5543171401873044,0.001371928948894637,0.053532878383959814,0.11746558267693286,0.03587028169108916,0.005754740000000008,0.0009542016681656773,0.1658114299109388,1.0,0.00021130872795784567,"{'A': 'n2', 'I': 'adn_2', 'B': 'idn_2'}","{'A': ['aib_qss'], 'B': ['aib_qss'], 'I': ['aib_qss']}",surface_qss,0.0,nan,nan,11.139738599948023,"['desorption_ratio', 'inhibition_ratio']",,
cvd:aib_qss:A:full:bulk_as_surface:A=idn_2,43,"{'A': 'idn_2', 'I': None, 'B': None}",{},deposition_rate,nm/s,condition_cv,inner_selection,{'A': ['idn_2']},"[{'effects': {}, 'condition': 1, 'weight': 1.0, 'mse_increase': -0.000303885811777394, 'mean_mse_increase': -0.0002922080334408397, 'centered_mse_increase': -1.1677778336554378e-05}]",1,0.0003910093675569508,0.01977395680072531,0.0194658642775172,0.03258898763903084,49.0,0.0194658642775172,0.0003789198720707202,1.2089495486230727e-05,0.003476995180645312,-28.363594632223275,-0.198031140388511,nan,0.10921737265306122,4.1171714967634963e-07,0.1810513869761275,8.712355577955682e-05,0.0003910093675569508,0.01977395680072531,0.0194658642775172,0.03258898763903084,-948.70386311166,0.0194658642775172,0.1810513869761275,0.1782304756529189,0.003476995180645312,-28.363594632223275,0.009333999988191387,-1.118486910835837,0.0033476649999999997,0.014899366929307614,4.450674404191464,1.0,0.003243357402680993,"{'A': 'idn_2', 'I': None, 'B': None}",{'A': ['aib_qss']},surface_qss,0.0,nan,nan,10000000000.0,['half_saturation_ratio'],,
cvd:aib_qss:A:full:bulk_as_surface:A=idn_2,43,"{'A': 'idn_2', 'I': None, 'B': None}",{},deposition_rate,nm/s,condition_cv,inner_selection,{'A': ['idn_2']},"[{'effects': {}, 'condition': 2, 'weight': 1.0, 'mse_increase': 3.343493017171628e-13, 'mean_mse_increase': 3.343427965041279e-13, 'centered_mse_increase': 6.739629403065654e-18}]",2,0.0027513065518164886,0.052452898411970414,0.05245126439137065,0.053506020127342,49.0,0.05245126439137065,0.0027511351362534664,1.7141556302292514e-07,0.0004140236261651322,3.9317438194075294e-11,0.020566235195708656,nan,0.07686286373469386,1.7141556302966477e-07,0.682421859703551,0.0027513065521508413,0.0027513065518164886,0.052452898411970414,0.05245126439137065,0.053506020127342,-16049.50616868641,0.05245126439137065,0.682421859703551,0.6824006007948873,0.0004140236261651322,3.9317438194075294e-11,0.05245289841515759,6.076256687889061e-11,0.0019401760000000018,1.7570389587717727e-12,9.056080266799358e-10,1.0,0.0030135465216240415,"{'A': 'idn_2', 'I': None, 'B': None}",{'A': ['aib_qss']},surface_qss,0.0,nan,nan,1e-10,['half_saturation_ratio'],,
cvd:aib_qss:A:full:bulk_as_surface:A=idn_2,43,"{'A': 'idn_2', 'I': None, 'B': None}",{},deposition_rate,nm/s,condition_cv,inner_selection,{'A': ['idn_2']},"[{'effects': {}, 'condition': 4, 'weight': 1.0, 'mse_increase': -0.0016142173735774414, 'mean_mse_increase': -0.0016001531085179884, 'centered_mse_increase': -1.4064265059453435e-05}]",4,0.00471621461507113,0.06867470141959942,0.06857089319029135,0.08221523788776042,49.0,0.06857089319029135,0.004701967392914344,1.4247222156787438e-05,0.003774549265380893,-76.87192934515082,-0.325862526288566,nan,0.07443086153061225,1.8295709733400396e-07,0.9226643358327189,0.0031019972414936927,0.00471621461507113,0.06867470141959942,0.06857089319029135,0.08221523788776042,-25776.707909637822,0.06857089319029135,0.9226643358327189,0.9212696424599252,0.003774549265380893,-76.87192934515082,0.05569557649844099,-0.23303690772500987,0.0023843499999999934,0.016409657540014777,6.882235217151351,1.0,0.0022041854848984296,"{'A': 'idn_2', 'I': None, 'B': None}",{'A': ['aib_qss']},surface_qss,0.0,nan,nan,10000000000.0,['half_saturation_ratio'],,
cvd:aib_qss:A:full:bulk_as_surface:A=idn_2,43,"{'A': 'idn_2', 'I': None, 'B': None}",{},deposition_rate,nm/s,condition_cv,inner_selection,{'A': ['idn_2']},"[{'effects': {}, 'condition': 5, 'weight': 1.0, 'mse_increase': 0.0007888884845528004, 'mean_mse_increase': 0.0007908639143574259, 'centered_mse_increase': -1.97542980462538e-06}]",5,0.013009274629078551,0.1140582071973716,0.11404082844417132,0.11752133149282427,49.0,-0.11404082844417132,0.013005310552232915,3.964076845635542e-06,0.0019909989567138257,-0.9933536539606003,0.15254344715908041,nan,0.20429415020408165,1.988647041010162e-06,0.5583038333864775,0.013798163113631348,0.013009274629078551,0.1140582071973716,0.11404082844417132,0.11752133149282427,-6540.771546583903,-0.11404082844417132,0.5583038333864775,-0.5582187660794453,0.0019909989567138257,-0.9933536539606003,0.11746558267693286,0.029007436918204423,0.005754740000000008,0.007264692969580169,1.262384220586883,1.0,0.0002085591666485439,"{'A': 'idn_2', 'I': None, 'B': None}",{'A': ['aib_qss']},surface_qss,0.0,nan,nan,2.20673406908459,[],,
"cvd:aib_qss:AI:full:bulk_as_surface:A=idn_2,I=adn_2",44,"{'A': 'idn_2', 'I': 'adn_2', 'B': None}",{},deposition_rate,nm/s,condition_cv,inner_selection,"{'A': ['idn_2'], 'I': ['adn_2']}","[{'effects': {'A': ['idn_2']}, 'condition': 1, 'weight': 1.0, 'mse_increase': 6.289749537174982e-14, 'mean_mse_increase': 6.448731522737394e-14, 'centered_mse_increase': -1.5897012710115038e-15}]",1,0.0003910093674940533,0.0197739567991349,0.019465864275860778,0.032588987638190986,49.0,0.019465864275860778,0.00037891987200623287,1.2089495487820428e-05,0.003476995180873915,-28.363594636084425,-0.1980311403874455,nan,0.10921737265306122,4.1171714967634963e-07,0.18105138696156559,8.712355577955682e-05,0.0003910093674940533,0.0197739567991349,0.019465864275860778,0.032588987638190986,-948.7038629588914,0.019465864275860778,0.18105138696156559,0.17823047563775263,0.003476995180873915,-28.363594636084425,0.009333999988191387,-1.118486910665448,0.0033476649999999997,0.014899366930383948,4.450674404512982,1.0,0.00324335740370452,"{'A': 'idn_2', 'I': 'adn_2', 'B': None}","{'A': ['aib_qss'], 'I': ['aib_qss']}",surface_qss,0.0,nan,nan,10000000000.0,"['half_saturation_ratio', 'inhibition_ratio']",,
"cvd:aib_qss:AI:full:bulk_as_surface:A=idn_2,I=adn_2",44,"{'A': 'idn_2', 'I': 'adn_2', 'B': None}",{},deposition_rate,nm/s,condition_cv,inner_selection,"{'A': ['idn_2'], 'I': ['adn_2']}","[{'effects': {'A': ['idn_2']}, 'condition': 2, 'weight': 1.0, 'mse_increase': 0.0, 'mean_mse_increase': 0.0, 'centered_mse_increase': 0.0}]",2,0.0027513065518164886,0.052452898411970414,0.05245126439137065,0.053506020127342,49.0,0.05245126439137065,0.0027511351362534664,1.7141556302292514e-07,0.0004140236261651322,3.9317438194075294e-11,0.020566235195708656,nan,0.07686286373469386,1.7141556302966477e-07,0.682421859703551,0.0027513065521508413,0.0027513065518164886,0.052452898411970414,0.05245126439137065,0.053506020127342,-16049.50616868641,0.05245126439137065,0.682421859703551,0.6824006007948873,0.0004140236261651322,3.9317438194075294e-11,0.05245289841515759,6.076256687889061e-11,0.0019401760000000018,1.7570389587717727e-12,9.056080266799358e-10,1.0,0.0030135465216240415,"{'A': 'idn_2', 'I': 'adn_2', 'B': None}","{'A': ['aib_qss'], 'I': ['aib_qss']}",surface_qss,0.0,nan,nan,1e-10,"['half_saturation_ratio', 'inhibition_ratio']",,
"cvd:aib_qss:AI:full:bulk_as_surface:A=idn_2,I=adn_2",44,"{'A': 'idn_2', 'I': 'adn_2', 'B': None}",{},deposition_rate,nm/s,condition_cv,inner_selection,"{'A': ['idn_2'], 'I': ['adn_2']}","[{'effects': {'A': ['idn_2']}, 'condition': 4, 'weight': 1.0, 'mse_increase': -8.965805528560189e-13, 'mean_mse_increase': -8.94106837179276e-13, 'centered_mse_increase': -2.472523054353193e-15}]",4,0.004716214615967711,0.06867470142612715,0.06857089319681092,0.0822152378954066,49.0,0.06857089319681092,0.004701967393808451,1.4247222159259961e-05,0.0037745492657084187,-76.87192935866504,-0.3258625262883438,nan,0.07443086153061225,1.8295709733400396e-07,0.9226643359204209,0.0031019972414936927,0.004716214615967711,0.06867470142612715,0.06857089319681092,0.0822152378954066,-25776.707914538318,0.06857089319681092,0.9226643359204209,0.9212696425475175,0.0037745492657084187,-76.87192935866504,0.05569557649844099,-0.23303690784221373,0.0023843499999999934,0.01640965754152121,6.882235217783151,1.0,0.002204185485529381,"{'A': 'idn_2', 'I': 'adn_2', 'B': None}","{'A': ['aib_qss'], 'I': ['aib_qss']}",surface_qss,0.0,nan,nan,10000000000.0,"['half_saturation_ratio', 'inhibition_ratio']",,
"cvd:aib_qss:AI:full:bulk_as_surface:A=idn_2,I=adn_2",44,"{'A': 'idn_2', 'I': 'adn_2', 'B': None}",{},deposition_rate,nm/s,condition_cv,inner_selection,"{'A': ['idn_2'], 'I': ['adn_2']}","[{'effects': {'A': ['idn_2']}, 'condition': 5, 'weight': 1.0, 'mse_increase': -2.0270781581066544e-12, 'mean_mse_increase': -2.0264744743370144e-12, 'centered_mse_increase': -6.002388866434456e-16}]",5,0.013009274631105629,0.11405820720625776,0.11404082845305619,0.11752133150181181,49.0,-0.11404082845305619,0.01300531055425939,3.964076846235781e-06,0.0019909989568645636,-0.993353654262433,0.15254344716415685,nan,0.20429415020408165,1.988647041010162e-06,0.5583038334299744,0.013798163113631348,0.013009274631105629,0.11405820720625776,0.11404082845305619,0.11752133150181181,-6540.771547603228,-0.11404082845305619,0.5583038334299744,-0.5582187661229359,0.0019909989568645636,-0.993353654262433,0.11746558267693286,0.029007436842555405,0.005754740000000008,0.007264692970589445,1.2623842207622646,1.0,0.00020855916667897293,"{'A': 'idn_2', 'I': 'adn_2', 'B': None}","{'A': ['aib_qss'], 'I': ['aib_qss']}",surface_qss,0.0,nan,nan,2.20673406908459,['inhibition_ratio'],,
"cvd:aib_qss:AI:full:bulk_as_surface:A=idn_2,I=n2",45,"{'A': 'idn_2', 'I': 'n2', 'B': None}",{},deposition_rate,nm/s,condition_cv,inner_selection,"{'A': ['idn_2'], 'I': ['n2']}","[{'effects': {'A': ['idn_2']}, 'condition': 1, 'weight': 1.0, 'mse_increase': 3.094318421284492e-14, 'mean_mse_increase': 3.079725060042837e-14, 'centered_mse_increase': 1.4601662164537982e-16}]",1,0.0003910093675260076,0.01977395679994289,0.01946586427672614,0.03258898763817458,49.0,0.01946586427672614,0.00037891987203992293,1.208949548608471e-05,0.0034769951806243146,-28.363594631868622,-0.19803114038936667,nan,0.10921737265306122,4.1171714967634963e-07,0.18105138696896358,8.712355577955682e-05,0.0003910093675260076,0.01977395679994289,0.01946586427672614,0.03258898763817458,-948.7038630365037,0.01946586427672614,0.18105138696896358,0.17823047564567593,0.0034769951806243146,-28.363594631868622,0.009333999988191387,-1.1184869107520121,0.0033476649999999997,0.014899366929214258,4.450674404163577,1.0,0.0032433574027035885,"{'A': 'idn_2', 'I': 'n2', 'B': None}","{'A': ['aib_qss'], 'I': ['aib_qss']}",surface_qss,0.0,nan,nan,10000000000.0,"['half_saturation_ratio', 'inhibition_ratio']",,
"cvd:aib_qss:AI:full:bulk_as_surface:A=idn_2,I=n2",45,"{'A': 'idn_2', 'I': 'n2', 'B': None}",{},deposition_rate,nm/s,condition_cv,inner_selection,"{'A': ['idn_2'], 'I': ['n2']}","[{'effects': {'A': ['idn_2']}, 'condition': 2, 'weight': 1.0, 'mse_increase': -6.895218982023738e-06, 'mean_mse_increase': 1.9613239999874063e-06, 'centered_mse_increase': -8.856542982011019e-06}]",2,0.0027582017707985123,0.05251858500377283,0.05243256442568377,0.06352838795976191,49.0,0.05243256442568377,0.002749173812253479,9.027958545033944e-06,0.0030046561442258154,-51.66708801389047,-0.003644928655843639,nan,0.07686286373469386,1.7141556302966477e-07,0.6832764543492715,0.0027513065521508413,0.0027582017707985123,0.05251858500377283,0.05243256442568377,0.06352838795976191,-16089.731331793859,0.05243256442568377,0.6832764543492715,0.6821573108004965,0.0030046561442258154,-51.66708801389047,0.05245289841515759,-0.0012522966432730127,0.0019401760000000018,0.013484157046319556,6.949965903258025,1.0,0.0030041453065522534,"{'A': 'idn_2', 'I': 'n2', 'B': None}","{'A': ['aib_qss'], 'I': ['aib_qss']}",surface_qss,0.0,nan,nan,947463525.6553754,[],,
"cvd:aib_qss:AI:full:bulk_as_surface:A=idn_2,I=n2",45,"{'A': 'idn_2', 'I': 'n2', 'B': None}",{},deposition_rate,nm/s,condition_cv,inner_selection,"{'A': ['idn_2'], 'I': ['n2']}","[{'effects': {'A': ['idn_2']}, 'condition': 4, 'weight': 1.0, 'mse_increase': 1.4793895275477809e-13, 'mean_mse_increase': 1.4773338802287483e-13, 'centered_mse_increase': 2.0490235213849878e-16}]",4,0.004716214614923191,0.06867470141852232,0.06857089318921411,0.08221523788659987,49.0,0.06857089318921411,0.0047019673927666105,1.4247222156582536e-05,0.00377454926535375,-76.87192934403087,-0.325862526289395,nan,0.07443086153061225,1.8295709733400396e-07,0.9226643358182478,0.0031019972414936927,0.004716214614923191,0.06867470141852232,0.06857089318921411,0.08221523788659987,-25776.707908829223,0.06857089318921411,0.9226643358182478,0.9212696424454522,0.00377454926535375,-76.87192934403087,0.05569557649844099,-0.23303690770567087,0.0023843499999999934,0.01640965753989579,6.882235217101447,1.0,0.0022041854849454844,"{'A': 'idn_2', 'I': 'n2', 'B': None}","{'A': ['aib_qss'], 'I': ['aib_qss']}",surface_qss,0.0,nan,nan,10000000000.0,"['half_saturation_ratio', 'inhibition_ratio']",,
"cvd:aib_qss:AI:full:bulk_as_surface:A=idn_2,I=n2",45,"{'A': 'idn_2', 'I': 'n2', 'B': None}",{},deposition_rate,nm/s,condition_cv,inner_selection,"{'A': ['idn_2'], 'I': ['n2']}","[{'effects': {'A': ['idn_2']}, 'condition': 5, 'weight': 1.0, 'mse_increase': -3.6670319558673725e-14, 'mean_mse_increase': -3.6529806957119604e-14, 'centered_mse_increase': -1.3944110487584468e-16}]",5,0.013009274629115221,0.11405820719753236,0.11404082844433149,0.11752133149301681,49.0,-0.11404082844433149,0.013005310552269445,3.964076845774983e-06,0.0019909989567488437,-0.9933536540307188,0.15254344715781631,nan,0.20429415020408165,1.988647041010162e-06,0.5583038333872644,0.013798163113631348,0.013009274629115221,0.11405820719753236,0.11404082844433149,0.11752133149301681,-6540.771546602343,-0.11404082844433149,0.5583038333872644,-0.5582187660802294,0.0019909989567488437,-0.9933536540307188,0.11746558267693286,0.029007436916835848,0.005754740000000008,0.007264692969794206,1.262384220624076,1.0,0.00020855916664894885,"{'A': 'idn_2', 'I': 'n2', 'B': None}","{'A': ['aib_qss'], 'I': ['aib_qss']}",surface_qss,0.0,nan,nan,2.20673406908459,[],,
"cvd:parallel_a_ab_qss:AIB:no_desorption:bulk_as_surface:A=n2,I=adn_2,B=idn_2",46,"{'A': 'n2', 'I': 'adn_2', 'B': 'idn_2'}",{},deposition_rate,nm/s,condition_cv,inner_selection,"{'A': ['n2'], 'AB': ['n2', 'idn_2'], 'I': ['adn_2']}","[{'effects': {'A': ['n2'], 'B': ['idn_2'], 'I': ['adn_2']}, 'condition': 1, 'weight': 1.0, 'mse_increase': 3.850351948029001e-09, 'mean_mse_increase': -1.2358184526173495e-09, 'centered_mse_increase': 5.086170400834392e-09}, {'effects': {'A': ['n2'], 'AB': ['n2', 'idn_2']}, 'condition': 1, 'weight': 1.0, 'mse_increase': 1.5233040523421337e-17, 'mean_mse_increase': 1.5178830414797062e-17, 'centered_mse_increase': 2.541098841762901e-19}, {'effects': {'A': ['n2'], 'I': ['adn_2']}, 'condition': 1, 'weight': 1.0, 'mse_increase': -8.833720097360675e-06, 'mean_mse_increase': 2.8692785800965613e-06, 'centered_mse_increase': -1.1702998677457101e-05}]",1,0.00039100551723623034,0.01977385944210766,0.01946589602150933,0.03258640796877568,49.0,0.01946589602150933,0.0003789211079202127,1.208440931601752e-05,0.0034762637005868124,-28.351241077805625,-0.1980254392447427,nan,0.10921737265306122,4.1171714967634963e-07,0.18105049555551112,8.712355577955682e-05,0.00039100551723623034,0.01977385944210766,0.01946589602150933,0.03258640796877568,-948.6945112526873,0.01946589602150933,0.18105049555551112,0.178230766302578,0.0034762637005868124,-28.351241077805625,0.009333999988191387,-1.1184764803003995,0.0033476649999999997,0.014895938243381396,4.449650201971044,1.0,0.0032433576820286125,"{'A': 'n2', 'I': 'adn_2', 'B': 'idn_2'}","{'A': ['parallel_a_ab_qss'], 'AB': ['parallel_a_ab_qss'], 'I': ['parallel_a_ab_qss']}",surface_parallel_qss,0.0,nan,nan,0.00021673921695684176,"['single_conversion_ratio', 'inhibition_ratio']",,
"cvd:parallel_a_ab_qss:AIB:no_desorption:bulk_as_surface:A=n2,I=adn_2,B=idn_2",46,"{'A': 'n2', 'I': 'adn_2', 'B': 'idn_2'}",{},deposition_rate,nm/s,condition_cv,inner_selection,"{'A': ['n2'], 'AB': ['n2', 'idn_2'], 'I': ['adn_2']}","[{'effects': {'A': ['n2'], 'B': ['idn_2'], 'I': ['adn_2']}, 'condition': 2, 'weight': 1.0, 'mse_increase': -0.0020363457639741836, 'mean_mse_increase': -0.0020422511235630015, 'centered_mse_increase': 5.905359588819546e-06}, {'effects': {'A': ['n2'], 'AB': ['n2', 'idn_2']}, 'condition': 2, 'weight': 1.0, 'mse_increase': -1.3010426069826053e-18, 'mean_mse_increase': 0.0, 'centered_mse_increase': 3.441071348220595e-22}, {'effects': {'A': ['n2'], 'I': ['adn_2']}, 'condition': 2, 'weight': 1.0, 'mse_increase': 6.07338219737498e-08, 'mean_mse_increase': 6.073346710266936e-08, 'centered_mse_increase': 3.548726349287151e-13}]",2,0.002751245817990914,0.05245231947198249,0.0524506854367296,0.0535055393353079,49.0,0.0524506854367296,0.0027510744027827586,1.714152081540514e-07,0.00041402319760377125,2.0702648411141666e-06,0.014584314605076223,nan,0.07686286373469386,1.7141556302966477e-07,0.6824143275877829,0.0027513065521508413,0.002751245817990914,0.05245231947198249,0.0524506854367296,0.0535055393353079,-16049.151861151544,0.0524506854367296,0.6824143275877829,0.6823930684884792,0.00041402319760377125,2.0702648411141666e-06,0.05245289841515759,1.1037391499558378e-05,0.0019401760000000018,1.3269189855225072e-07,6.839168124554196e-05,1.0,0.003013549064613418,"{'A': 'n2', 'I': 'adn_2', 'B': 'idn_2'}","{'A': ['parallel_a_ab_qss'], 'AB': ['parallel_a_ab_qss'], 'I': ['parallel_a_ab_qss']}",surface_parallel_qss,0.0,nan,nan,9.139816994654905e-06,"['conversion_ratio', 'inhibition_ratio']",,
"cvd:parallel_a_ab_qss:AIB:no_desorption:bulk_as_surface:A=n2,I=adn_2,B=idn_2",46,"{'A': 'n2', 'I': 'adn_2', 'B': 'idn_2'}",{},deposition_rate,nm/s,condition_cv,inner_selection,"{'A': ['n2'], 'AB': ['n2', 'idn_2'], 'I': ['adn_2']}","[{'effects': {'A': ['n2'], 'B': ['idn_2'], 'I': ['adn_2']}, 'condition': 4, 'weight': 1.0, 'mse_increase': 1.4931805791817965e-13, 'mean_mse_increase': 1.4730751340952253e-13, 'centered_mse_increase': 2.009940574165727e-15}, {'effects': {'A': ['n2'], 'AB': ['n2', 'idn_2']}, 'condition': 4, 'weight': 1.0, 'mse_increase': -3.643066751046753e-13, 'mean_mse_increase': -3.6409156939365417e-13, 'centered_mse_increase': -2.1711148504022226e-16}, {'effects': {'A': ['n2'], 'I': ['adn_2']}, 'condition': 4, 'weight': 1.0, 'mse_increase': 1.796924751536113e-05, 'mean_mse_increase': 2.3087363225579582e-05, 'centered_mse_increase': -5.118115710218546e-06}]",4,0.004728569273819471,0.06876459316988265,0.06872620104823235,0.07722084527761303,49.0,0.06872620104823235,0.004723290710522053,5.278563297418847e-06,0.0022975124150739308,-27.85137212131418,-0.31343130240041495,nan,0.07443086153061225,1.8295709733400396e-07,0.9238720573132269,0.0031019972414936927,0.004728569273819471,0.06876459316988265,0.06872620104823235,0.07722084527761303,-25844.235537307744,0.06872620104823235,0.9238720573132269,0.9233562481332603,0.0022975124150739308,-27.85137212131418,0.05569557649844099,-0.2346508913828637,0.0023843499999999934,0.009558782287023615,4.008967763551341,1.0,0.0022021054644274186,"{'A': 'n2', 'I': 'adn_2', 'B': 'idn_2'}","{'A': ['parallel_a_ab_qss'], 'AB': ['parallel_a_ab_qss'], 'I': ['parallel_a_ab_qss']}",surface_parallel_qss,0.0,nan,nan,0.6731703824144982,"['single_conversion_ratio', 'inhibition_ratio']",,
"cvd:parallel_a_ab_qss:AIB:no_desorption:bulk_as_surface:A=n2,I=adn_2,B=idn_2",46,"{'A': 'n2', 'I': 'adn_2', 'B': 'idn_2'}",{},deposition_rate,nm/s,condition_cv,inner_selection,"{'A': ['n2'], 'AB': ['n2', 'idn_2'], 'I': ['adn_2']}","[{'effects': {'A': ['n2'], 'B': ['idn_2'], 'I': ['adn_2']}, 'condition': 5, 'weight': 1.0, 'mse_increase': -0.00018272873226891223, 'mean_mse_increase': -0.00018267616033775143, 'centered_mse_increase': -5.257193115682822e-08}, {'effects': {'A': ['n2'], 'AB': ['n2', 'idn_2']}, 'condition': 5, 'weight': 1.0, 'mse_increase': 8.701843065561654e-12, 'mean_mse_increase': 8.69303587447412e-12, 'centered_mse_increase': 8.81123694040681e-15}, {'effects': {'A': ['n2'], 'I': ['adn_2']}, 'condition': 5, 'weight': 1.0, 'mse_increase': 1.0868139721509351e-11, 'mean_mse_increase': 1.085945222634166e-11, 'centered_mse_increase': 8.692793358776926e-15}]",5,0.013008757631114974,0.11405594079711488,0.11404745885000243,0.11690234310637457,49.0,-0.11404745885000243,0.013006822870142999,1.934760971972151e-06,0.0013909568548205048,0.027096849228025466,0.6148334326909513,nan,0.20429415020408165,1.988647041010162e-06,0.5582927395776021,0.013798163113631348,0.013008757631114974,0.11405594079711488,0.11404745885000243,0.11690234310637457,-6540.5115718609295,-0.11404745885000243,0.5582927395776021,-0.5582512212712581,0.0013909568548205048,0.027096849228025466,0.11746558267693286,0.02902673108254659,0.005754740000000008,0.0001139155489862792,0.01979508179105903,1.0,0.00020651882077820467,"{'A': 'n2', 'I': 'adn_2', 'B': 'idn_2'}","{'A': ['parallel_a_ab_qss'], 'AB': ['parallel_a_ab_qss'], 'I': ['parallel_a_ab_qss']}",surface_parallel_qss,0.0,nan,nan,2.6416483203860923,['inhibition_ratio'],,
"cvd:parallel_a_ab_qss:AB:no_desorption:bulk_as_surface:A=n2,B=idn_2",47,"{'A': 'n2', 'I': None, 'B': 'idn_2'}",{},deposition_rate,nm/s,condition_cv,inner_selection,"{'A': ['n2'], 'AB': ['n2', 'idn_2']}","[{'effects': {'A': ['n2']}, 'condition': 1, 'weight': 1.0, 'mse_increase': -8.833720031642411e-06, 'mean_mse_increase': 2.8692786458811787e-06, 'centered_mse_increase': -1.1702998677523732e-05}]",1,0.0003910055172362456,0.019773859442108046,0.019465896021509718,0.03258640796877621,49.0,0.019465896021509718,0.0003789211079202279,1.2084409316017774e-05,0.0034762637005868492,-28.351241077806243,-0.19802543924474336,nan,0.10921737265306122,4.1171714967634963e-07,0.18105049555551464,8.712355577955682e-05,0.0003910055172362456,0.019773859442108046,0.019465896021509718,0.03258640796877621,-948.6945112527243,0.019465896021509718,0.18105049555551464,0.17823076630258156,0.0034762637005868492,-28.351241077806243,0.009333999988191387,-1.1184764803004408,0.0033476649999999997,0.01489593824338159,4.449650201971103,1.0,0.0032433576820283887,"{'A': 'n2', 'I': None, 'B': 'idn_2'}","{'A': ['parallel_a_ab_qss'], 'AB': ['parallel_a_ab_qss']}",surface_parallel_qss,0.0,nan,nan,0.00021673921695684176,['single_conversion_ratio'],,
"cvd:parallel_a_ab_qss:AB:no_desorption:bulk_as_surface:A=n2,B=idn_2",47,"{'A': 'n2', 'I': None, 'B': 'idn_2'}",{},deposition_rate,nm/s,condition_cv,inner_selection,"{'A': ['n2'], 'AB': ['n2', 'idn_2']}","[{'effects': {'A': ['n2']}, 'condition': 2, 'weight': 1.0, 'mse_increase': 6.073382197505084e-08, 'mean_mse_increase': 6.073346710266936e-08, 'centered_mse_increase': 3.54872634584608e-13}]",2,0.0027512458179909127,0.052452319471982485,0.0524506854367296,0.0535055393353079,49.0,0.0524506854367296,0.0027510744027827586,1.7141520815405175e-07,0.00041402319760377163,2.070264839115765e-06,0.014584314587327266,nan,0.07686286373469386,1.7141556302966477e-07,0.6824143275877828,0.0027513065521508413,0.0027512458179909127,0.052452319471982485,0.0524506854367296,0.0535055393353079,-16049.151861151537,0.0524506854367296,0.6824143275877828,0.6823930684884792,0.00041402319760377163,2.070264839115765e-06,0.05245289841515759,1.1037391499690666e-05,0.0019401760000000018,1.326918985800063e-07,6.839168125984765e-05,1.0,0.003013549064613411,"{'A': 'n2', 'I': None, 'B': 'idn_2'}","{'A': ['parallel_a_ab_qss'], 'AB': ['parallel_a_ab_qss']}",surface_parallel_qss,0.0,nan,nan,9.139816994654905e-06,['conversion_ratio'],,
"cvd:parallel_a_ab_qss:AB:no_desorption:bulk_as_surface:A=n2,B=idn_2",47,"{'A': 'n2', 'I': None, 'B': 'idn_2'}",{},deposition_rate,nm/s,condition_cv,inner_selection,"{'A': ['n2'], 'AB': ['n2', 'idn_2']}","[{'effects': {'A': ['n2']}, 'condition': 4, 'weight': 1.0, 'mse_increase': 1.7969246979832043e-05, 'mean_mse_increase': 2.308736268987529e-05, 'centered_mse_increase': -5.1181157100435525e-06}]",4,0.004728569273455164,0.0687645931672337,0.0687262010455835,0.07722084527479853,49.0,0.0687262010455835,0.004723290710157962,5.278563297201735e-06,0.0022975124150266817,-27.8513721201275,-0.3134313024007208,nan,0.07443086153061225,1.8295709733400396e-07,0.9238720572776374,0.0031019972414936927,0.004728569273455164,0.0687645931672337,0.0687262010455835,0.07722084527479853,-25844.23553531653,0.0687262010455835,0.9238720572776374,0.9233562480976722,0.0022975124150266817,-27.8513721201275,0.05569557649844099,-0.23465089133530248,0.0023843499999999934,0.009558782286803541,4.008967763459042,1.0,0.002202105464171903,"{'A': 'n2', 'I': None, 'B': 'idn_2'}","{'A': ['parallel_a_ab_qss'], 'AB': ['parallel_a_ab_qss']}",surface_parallel_qss,0.0,nan,nan,0.6731703824144982,['single_conversion_ratio'],,
"cvd:parallel_a_ab_qss:AB:no_desorption:bulk_as_surface:A=n2,B=idn_2",47,"{'A': 'n2', 'I': None, 'B': 'idn_2'}",{},deposition_rate,nm/s,condition_cv,inner_selection,"{'A': ['n2'], 'AB': ['n2', 'idn_2']}","[{'effects': {'A': ['n2']}, 'condition': 5, 'weight': 1.0, 'mse_increase': 1.6431300764452317e-14, 'mean_mse_increase': 1.6422627147072433e-14, 'centered_mse_increase': 1.3155692220280166e-17}]",5,0.013008757639816817,0.11405594083526213,0.11404745888811392,0.11690234315630081,49.0,-0.11404745888811392,0.013006822878836035,1.9347609807833877e-06,0.001390956857987834,0.027096844797255826,0.6148336939659215,nan,0.20429415020408165,1.988647041010162e-06,0.5582927397643291,0.013798163113631348,0.013008757639816817,0.11405594083526213,0.11404745888811392,0.11690234315630081,-6540.511576236691,-0.11404745888811392,0.5582927397643291,-0.5582512214578101,0.001390956857987834,0.027096844797255826,0.11746558267693286,0.029026730757794026,0.005754740000000008,0.0001139154884448601,0.01979507127078894,1.0,0.00020651882073643115,"{'A': 'n2', 'I': None, 'B': 'idn_2'}","{'A': ['parallel_a_ab_qss'], 'AB': ['parallel_a_ab_qss']}",surface_parallel_qss,0.0,nan,nan,2.6416483203860923,[],,
cvd:aib_qss:A:full:bulk_as_surface:A=n2,48,"{'A': 'n2', 'I': None, 'B': None}",{},deposition_rate,nm/s,condition_cv,inner_selection,{'A': ['n2']},"[{'effects': {}, 'condition': 1, 'weight': 1.0, 'mse_increase': -0.00029504824142504636, 'mean_mse_increase': -0.00029507854793622856, 'centered_mse_increase': 3.0306511182306856e-08}]",1,0.00038217179720460316,0.019549214746495656,0.019539457171736094,0.021559887688503587,49.0,0.019539457171736094,0.00038179038656610905,3.8141063849404267e-07,0.0006175845193121689,0.07361002864741217,0.6899277356477479,nan,0.10921737265306122,4.1171714967634963e-07,0.17899363692436998,8.712355577955682e-05,0.00038217179720460316,0.019549214746495656,0.019539457171736094,0.021559887688503587,-927.2387131675908,0.019539457171736094,0.17899363692436998,0.17890429605741323,0.0006175845193121689,0.07361002864741217,0.009333999988191387,-1.0944091248369106,0.0033476649999999997,0.00012901143575869134,0.038537737724261945,1.0,0.0032539936203408357,"{'A': 'n2', 'I': None, 'B': None}",{'A': ['aib_qss']},surface_qss,0.0,nan,nan,10000000000.0,['half_saturation_ratio'],,
cvd:aib_qss:A:full:bulk_as_surface:A=n2,48,"{'A': 'n2', 'I': None, 'B': None}",{},deposition_rate,nm/s,condition_cv,inner_selection,{'A': ['n2']},"[{'effects': {}, 'condition': 2, 'weight': 1.0, 'mse_increase': 3.3795015397242167e-13, 'mean_mse_increase': 3.379479855680767e-13, 'centered_mse_increase': 2.978432540342137e-18}]",2,0.0027513065518128877,0.052452898411936094,0.05245126439133628,0.053506020126027135,49.0,0.05245126439133628,0.0027511351362498613,1.7141556302668634e-07,0.00041402362616967445,1.7375545446896012e-11,0.7927622371013767,nan,0.07686286373469386,1.7141556302966477e-07,0.6824218597031045,0.0027513065521508413,0.0027513065518128877,0.052452898411936094,0.05245126439133628,0.053506020126027135,-16049.506168665403,0.05245126439133628,0.6824218597031045,0.6824006007944402,0.00041402362616967445,1.7375545446896012e-11,0.05245289841515759,6.141686378689155e-11,0.0019401760000000018,1.637578961322106e-14,8.440362942960352e-12,1.0,0.003013546521626173,"{'A': 'n2', 'I': None, 'B': None}",{'A': ['aib_qss']},surface_qss,0.0,nan,nan,1e-10,['half_saturation_ratio'],,
cvd:aib_qss:A:full:bulk_as_surface:A=n2,48,"{'A': 'n2', 'I': None, 'B': None}",{},deposition_rate,nm/s,condition_cv,inner_selection,{'A': ['n2']},"[{'effects': {}, 'condition': 4, 'weight': 1.0, 'mse_increase': -0.0016445412789413074, 'mean_mse_increase': -0.0016445637884514815, 'centered_mse_increase': 2.2509510175821703e-08}]",4,0.004746538520434996,0.06889512697161532,0.06889396252827847,0.0703280213314374,49.0,0.06889396252827847,0.004746378072847837,1.6044758715818226e-07,0.00040055909321619733,0.12303163147985807,0.7921015969034323,nan,0.07443086153061225,1.8295709733400396e-07,0.925625816426696,0.0031019972414936927,0.004746538520434996,0.06889512697161532,0.06889396252827847,0.0703280213314374,-25942.451167514868,0.06889396252827847,0.925625816426696,0.9256101717960561,0.00040055909321619733,0.12303163147985807,0.05569557649844099,-0.23699459280296345,0.0023843499999999934,0.0001491757289048823,0.06256452656064869,1.0,0.002206229650531147,"{'A': 'n2', 'I': None, 'B': None}",{'A': ['aib_qss']},surface_qss,0.0,nan,nan,10000000000.0,['half_saturation_ratio'],,
cvd:aib_qss:A:full:bulk_as_surface:A=n2,48,"{'A': 'n2', 'I': None, 'B': None}",{},deposition_rate,nm/s,condition_cv,inner_selection,{'A': ['n2']},"[{'effects': {}, 'condition': 5, 'weight': 1.0, 'mse_increase': 0.0007894054737981031, 'mean_mse_increase': 0.0007893515877378833, 'centered_mse_increase': 5.38860602136186e-08}]",5,0.013008757639833248,0.11405594083533417,0.11404745888818592,0.11690234315639052,49.0,-0.11404745888818592,0.013006822878852457,1.9347609807965434e-06,0.0013909568579925631,0.02709684479064034,0.6148336943574889,nan,0.20429415020408165,1.988647041010162e-06,0.5582927397646819,0.013798163113631348,0.013008757639833248,0.11405594083533417,0.11404745888818592,0.11690234315639052,-6540.511576244953,-0.11404745888818592,0.5582927397646819,-0.5582512214581626,0.0013909568579925631,0.02709684479064034,0.11746558267693286,0.029026730757180746,0.005754740000000008,0.00011391548835422427,0.019795071255039168,1.0,0.00020651882073641627,"{'A': 'n2', 'I': None, 'B': None}",{'A': ['aib_qss']},surface_qss,0.0,nan,nan,2.6416483203860923,[],,
"cvd:aib_qss:AI:full:bulk_as_surface:A=n2,I=idn_2",49,"{'A': 'n2', 'I': 'idn_2', 'B': None}",{},deposition_rate,nm/s,condition_cv,inner_selection,"{'A': ['n2'], 'I': ['idn_2']}","[{'effects': {'A': ['n2']}, 'condition': 1, 'weight': 1.0, 'mse_increase': 3.126389121546613e-14, 'mean_mse_increase': 3.116750564233217e-14, 'centered_mse_increase': 9.634650373926924e-17}]",1,0.00038217179717333927,0.019549214745696035,0.01953945717093854,0.021559887686572354,49.0,0.01953945717093854,0.00038179038653494155,3.8141063839769617e-07,0.0006175845192341662,0.07361002888142354,0.6899277404598185,nan,0.10921737265306122,4.1171714967634963e-07,0.17899363691704862,8.712355577955682e-05,0.00038217179717333927,0.019549214745696035,0.01953945717093854,0.021559887686572354,-927.2387130916554,0.01953945717093854,0.17899363691704862,0.1789042960501108,0.0006175845192341662,0.07361002888142354,0.009333999988191387,-1.0944091247512429,0.0033476649999999997,0.0001290114351828464,0.038537737552248034,1.0,0.0032539936203655508,"{'A': 'n2', 'I': 'idn_2', 'B': None}","{'A': ['aib_qss'], 'I': ['aib_qss']}",surface_qss,0.0,nan,nan,10000000000.0,"['half_saturation_ratio', 'inhibition_ratio']",,
"cvd:aib_qss:AI:full:bulk_as_surface:A=n2,I=idn_2",49,"{'A': 'n2', 'I': 'idn_2', 'B': None}",{},deposition_rate,nm/s,condition_cv,inner_selection,"{'A': ['n2'], 'I': ['idn_2']}","[{'effects': {'A': ['n2']}, 'condition': 2, 'weight': 1.0, 'mse_increase': -1.3010426069826053e-18, 'mean_mse_increase': -8.673617379884035e-19, 'centered_mse_increase': 1.4558378780933287e-21}]",2,0.002751306551812889,0.0524528984119361,0.05245126439133629,0.05350602012602711,49.0,0.05245126439133629,0.002751135136249862,1.7141556302668488e-07,0.0004140236261696727,1.7383983141883164e-11,0.7936575681703663,nan,0.07686286373469386,1.7141556302966477e-07,0.6824218597031045,0.0027513065521508413,0.002751306551812889,0.0524528984119361,0.05245126439133629,0.05350602012602711,-16049.50616866541,0.05245126439133629,0.6824218597031045,0.6824006007944402,0.0004140236261696727,1.7383983141883164e-11,0.05245289841515759,6.141673149879854e-11,0.0019401760000000018,1.637578961322106e-14,8.440362942960352e-12,1.0,0.003013546521626172,"{'A': 'n2', 'I': 'idn_2', 'B': None}","{'A': ['aib_qss'], 'I': ['aib_qss']}",surface_qss,0.0,nan,nan,3.4598916608699324e-06,['half_saturation_ratio'],,
"cvd:aib_qss:AI:full:bulk_as_surface:A=n2,I=idn_2",49,"{'A': 'n2', 'I': 'idn_2', 'B': None}",{},deposition_rate,nm/s,condition_cv,inner_selection,"{'A': ['n2'], 'I': ['idn_2']}","[{'effects': {'A': ['n2']}, 'condition': 4, 'weight': 1.0, 'mse_increase': 1.4724853281133932e-13, 'mean_mse_increase': 1.4714097995582875e-13, 'centered_mse_increase': 1.0739684262958964e-16}]",4,0.004746538520287748,0.06889512697054667,0.06889396252721058,0.0703280213291157,49.0,0.06889396252721058,0.004746378072700696,1.6044758705078541e-07,0.00040055909308213866,0.12303163206686374,0.7921016014818691,nan,0.07443086153061225,1.8295709733400396e-07,0.9256258164123383,0.0031019972414936927,0.004746538520287748,0.06889512697054667,0.06889396252721058,0.0703280213291157,-25942.451166710045,0.06889396252721058,0.9256258164123383,0.9256101717817088,0.00040055909308213866,0.12303163206686374,0.05569557649844099,-0.2369945927837762,0.0023843499999999934,0.00014917573014733287,0.06256452708173435,1.0,0.0022062296505801528,"{'A': 'n2', 'I': 'idn_2', 'B': None}","{'A': ['aib_qss'], 'I': ['aib_qss']}",surface_qss,0.0,nan,nan,10000000000.0,"['half_saturation_ratio', 'inhibition_ratio']",,
"cvd:aib_qss:AI:full:bulk_as_surface:A=n2,I=idn_2",49,"{'A': 'n2', 'I': 'idn_2', 'B': None}",{},deposition_rate,nm/s,condition_cv,inner_selection,"{'A': ['n2'], 'I': ['idn_2']}","[{'effects': {'A': ['n2']}, 'condition': 5, 'weight': 1.0, 'mse_increase': -1.901314175545288e-12, 'mean_mse_increase': -1.8986357624983796e-12, 'centered_mse_increase': -2.670292965559337e-15}]",5,0.013008757641734562,0.11405594084366917,0.1140474588965098,0.11690234316846432,49.0,-0.1140474588965098,0.013006822880751093,1.9347609834668364e-06,0.0013909568589524394,0.027096843447871666,0.6148337806180065,nan,0.20429415020408165,1.988647041010162e-06,0.5582927398054808,0.013798163113631348,0.013008757641734562,0.11405594084366917,0.1140474588965098,0.11690234316846432,-6540.511577201038,-0.1140474588965098,0.5582927398054808,-0.5582512214989072,0.0013909568589524394,0.027096843447871666,0.11746558267693286,0.029026730686223794,0.005754740000000008,0.00011391546887797033,0.019795067870654482,1.0,0.00020651882073772677,"{'A': 'n2', 'I': 'idn_2', 'B': None}","{'A': ['aib_qss'], 'I': ['aib_qss']}",surface_qss,0.0,nan,nan,2.6416483203860923,[],,
"cvd:aib_qss:AI:full:bulk_as_surface:A=n2,I=adn_2",50,"{'A': 'n2', 'I': 'adn_2', 'B': None}",{},deposition_rate,nm/s,condition_cv,inner_selection,"{'A': ['n2'], 'I': ['adn_2']}","[{'effects': {'A': ['n2']}, 'condition': 1, 'weight': 1.0, 'mse_increase': 6.573349720442878e-14, 'mean_mse_increase': 6.579979616727627e-14, 'centered_mse_increase': -6.63769428181952e-17}]",1,0.00038217179713886967,0.019549214744814424,0.019539457170052326,0.021559887687710416,49.0,0.019539457170052326,0.00038179038650030926,3.814106385604196e-07,0.000617584519365908,0.07361002848619236,0.6899277319674727,nan,0.10921737265306122,4.1171714967634963e-07,0.17899363690897654,8.712355577955682e-05,0.00038217179713886967,0.019549214744814424,0.019539457170052326,0.021559887687710416,-927.2387130079339,0.019539457170052326,0.17899363690897654,0.17890429604199656,0.000617584519365908,0.07361002848619236,0.009333999988191387,-1.0944091246567913,0.0033476649999999997,0.00012901143620067113,0.03853773785628823,1.0,0.003253993621365365,"{'A': 'n2', 'I': 'adn_2', 'B': None}","{'A': ['aib_qss'], 'I': ['aib_qss']}",surface_qss,0.0,nan,nan,10000000000.0,"['half_saturation_ratio', 'inhibition_ratio']",,
"cvd:aib_qss:AI:full:bulk_as_surface:A=n2,I=adn_2",50,"{'A': 'n2', 'I': 'adn_2', 'B': None}",{},deposition_rate,nm/s,condition_cv,inner_selection,"{'A': ['n2'], 'I': ['adn_2']}","[{'effects': {'A': ['n2']}, 'condition': 2, 'weight': 1.0, 'mse_increase': 0.0, 'mean_mse_increase': 0.0, 'centered_mse_increase': 0.0}]",2,0.0027513065518128877,0.052452898411936094,0.05245126439133628,0.053506020126027135,49.0,0.05245126439133628,0.0027511351362498613,1.7141556302668634e-07,0.00041402362616967445,1.7375545446896012e-11,0.7927622371013767,nan,0.07686286373469386,1.7141556302966477e-07,0.6824218597031045,0.0027513065521508413,0.0027513065518128877,0.052452898411936094,0.05245126439133628,0.053506020126027135,-16049.506168665403,0.05245126439133628,0.6824218597031045,0.6824006007944402,0.00041402362616967445,1.7375545446896012e-11,0.05245289841515759,6.141686378689155e-11,0.0019401760000000018,1.637578961322106e-14,8.440362942960352e-12,1.0,0.003013546521626173,"{'A': 'n2', 'I': 'adn_2', 'B': None}","{'A': ['aib_qss'], 'I': ['aib_qss']}",surface_qss,0.0,nan,nan,1e-10,"['half_saturation_ratio', 'inhibition_ratio']",,
"cvd:aib_qss:AI:full:bulk_as_surface:A=n2,I=adn_2",50,"{'A': 'n2', 'I': 'adn_2', 'B': None}",{},deposition_rate,nm/s,condition_cv,inner_selection,"{'A': ['n2'], 'I': ['adn_2']}","[{'effects': {'A': ['n2']}, 'condition': 4, 'weight': 1.0, 'mse_increase': -8.998357614586894e-13, 'mean_mse_increase': -8.997958628187419e-13, 'centered_mse_increase': -4.211834272530566e-17}]",4,0.004746538521334832,0.06889512697814579,0.06889396253480876,0.07032802133849769,49.0,0.06889396253480876,0.004746378073747633,1.604475872003006e-07,0.00040055909326877176,0.12303163124964922,0.7921015949939807,nan,0.07443086153061225,1.8295709733400396e-07,0.9256258165144347,0.0031019972414936927,0.004746538521334832,0.06889512697814579,0.06889396253480876,0.07032802133849769,-25942.451172433153,0.06889396253480876,0.9256258165144347,0.9256101718837924,0.00040055909326877176,0.12303163124964922,0.05569557649844099,-0.23699459292021638,0.0023843499999999934,0.00014917572838560322,0.06256452634286226,1.0,0.002206229651162087,"{'A': 'n2', 'I': 'adn_2', 'B': None}","{'A': ['aib_qss'], 'I': ['aib_qss']}",surface_qss,0.0,nan,nan,10000000000.0,"['half_saturation_ratio', 'inhibition_ratio']",,
"cvd:aib_qss:AI:full:bulk_as_surface:A=n2,I=adn_2",50,"{'A': 'n2', 'I': 'adn_2', 'B': None}",{},deposition_rate,nm/s,condition_cv,inner_selection,"{'A': ['n2'], 'I': ['adn_2']}","[{'effects': {'A': ['n2']}, 'condition': 5, 'weight': 1.0, 'mse_increase': -2.1498653551832447e-12, 'mean_mse_increase': -2.149993724720467e-12, 'centered_mse_increase': 1.3159927385016437e-16}]",5,0.013008757641983114,0.11405594084475877,0.1140474588976118,0.11690234316568464,49.0,-0.1140474588976118,0.013006822881002451,1.934760980664944e-06,0.0013909568579452579,0.027096844856815627,0.6148336916168896,nan,0.20429415020408165,1.988647041010162e-06,0.5582927398108143,0.013798163113631348,0.013008757641983114,0.11405594084475877,0.1140474588976118,0.11690234316568464,-6540.511577326023,-0.1140474588976118,0.5582927398108143,-0.5582512215043014,0.0013909568579452579,0.027096844856815627,0.11746558267693286,0.02902673067694788,0.005754740000000008,0.0001139154890588967,0.019795071377489953,1.0,0.00020651882076838155,"{'A': 'n2', 'I': 'adn_2', 'B': None}","{'A': ['aib_qss'], 'I': ['aib_qss']}",surface_qss,0.0,nan,nan,2.6416483203860923,['inhibition_ratio'],,
"cvd:parallel_a_ab_qss:AB:no_desorption:bulk_as_surface:A=idn_2,B=n2",51,"{'A': 'idn_2', 'I': None, 'B': 'n2'}",{},deposition_rate,nm/s,condition_cv,inner_selection,"{'A': ['idn_2'], 'AB': ['idn_2', 'n2']}","[{'effects': {'AB': ['idn_2', 'n2']}, 'condition': 1, 'weight': 1.0, 'mse_increase': 1.0299920638612292e-18, 'mean_mse_increase': 9.215718466126788e-19, 'centered_mse_increase': 6.776263578034403e-21}, {'effects': {'A': ['idn_2']}, 'condition': 1, 'weight': 1.0, 'mse_increase': -3.122805833366549e-14, 'mean_mse_increase': -3.104043714771687e-14, 'centered_mse_increase': -1.8759916309198793e-16}]",1,0.00039100936758817886,0.019773956801514937,0.019465864278314503,0.0325889876399143,49.0,0.019465864278314503,0.0003789198721017606,1.2089495486418326e-05,0.0034769951806722893,-28.363594632678925,-0.19803114038769823,nan,0.10921737265306122,4.1171714967634963e-07,0.18105138698335735,8.712355577955682e-05,0.00039100936758817886,0.019773956801514937,0.019465864278314503,0.0325889876399143,-948.7038631875083,0.019465864278314503,0.18105138698335735,0.17823047566021905,0.0034769951806722893,-28.363594632678925,0.009333999988191387,-1.1184869109204336,0.0033476649999999997,0.014899366929428559,4.450674404227592,1.0,0.0032433574026581482,"{'A': 'idn_2', 'I': None, 'B': 'n2'}","{'A': ['parallel_a_ab_qss'], 'AB': ['parallel_a_ab_qss']}",surface_parallel_qss,0.0,nan,nan,10000000000.0,['conversion_ratio'],,
"cvd:parallel_a_ab_qss:AB:no_desorption:bulk_as_surface:A=idn_2,B=n2",51,"{'A': 'idn_2', 'I': None, 'B': 'n2'}",{},deposition_rate,nm/s,condition_cv,inner_selection,"{'A': ['idn_2'], 'AB': ['idn_2', 'n2']}","[{'effects': {'AB': ['idn_2', 'n2']}, 'condition': 2, 'weight': 1.0, 'mse_increase': -0.0020363453710034087, 'mean_mse_increase': -0.0020422507311376415, 'centered_mse_increase': 5.90536013423274e-06}, {'effects': {'A': ['idn_2']}, 'condition': 2, 'weight': 1.0, 'mse_increase': 6.112680348696609e-08, 'mean_mse_increase': 6.112590321101855e-08, 'centered_mse_increase': 9.002769755740187e-13}]",2,0.0027512454250130016,0.05245231572593341,0.05245068169576307,0.0535055745256411,49.0,0.05245068169576307,0.0027510740103502554,1.7141466274594957e-07,0.0004140225389347174,5.252053543403079e-06,0.02553948778352234,nan,0.07686286373469386,1.7141556302966477e-07,0.682414278850995,0.0027513065521508413,0.0027512454250130016,0.05245231572593341,0.05245068169576307,0.0535055745256411,-16049.149568606426,0.05245068169576307,0.682414278850995,0.6823930198178164,0.0004140225389347174,5.252053543403079e-06,0.05245289841515759,1.1108808889163685e-05,0.0019401760000000018,1.889855523462547e-07,9.740639629922982e-05,1.0,0.0030135490429700497,"{'A': 'idn_2', 'I': None, 'B': 'n2'}","{'A': ['parallel_a_ab_qss'], 'AB': ['parallel_a_ab_qss']}",surface_parallel_qss,0.0,nan,nan,1.0746078283213176e-05,['conversion_ratio'],,
"cvd:parallel_a_ab_qss:AB:no_desorption:bulk_as_surface:A=idn_2,B=n2",51,"{'A': 'idn_2', 'I': None, 'B': 'n2'}",{},deposition_rate,nm/s,condition_cv,inner_selection,"{'A': ['idn_2'], 'AB': ['idn_2', 'n2']}","[{'effects': {'AB': ['idn_2', 'n2']}, 'condition': 4, 'weight': 1.0, 'mse_increase': 4.8084800030601116e-14, 'mean_mse_increase': 4.832158978507195e-14, 'centered_mse_increase': -2.380518335622431e-16}, {'effects': {'A': ['idn_2']}, 'condition': 4, 'weight': 1.0, 'mse_increase': -1.2354658485266325e-05, 'mean_mse_increase': -2.132331734260376e-05, 'centered_mse_increase': 8.968658857337724e-06}]",4,0.0047285692735563965,0.06876459316796978,0.06872620104630364,0.0772208452771618,49.0,0.06872620104630364,0.004723290710256948,5.278563299449714e-06,0.002297512415515902,-27.85137213241442,-0.31343130240293177,nan,0.07443086153061225,1.8295709733400396e-07,0.9238720572875269,0.0031019972414936927,0.0047285692735563965,0.06876459316796978,0.06872620104630364,0.0772208452771618,-25844.235535869844,0.06872620104630364,0.9238720572875269,0.9233562481073476,0.002297512415515902,-27.85137213241442,0.05569557649844099,-0.23465089134851858,0.0023843499999999934,0.009558782289042334,4.008967764397995,1.0,0.0022021054641362674,"{'A': 'idn_2', 'I': None, 'B': 'n2'}","{'A': ['parallel_a_ab_qss'], 'AB': ['parallel_a_ab_qss']}",surface_parallel_qss,0.0,nan,nan,1.485508017172775,['single_conversion_ratio'],,
"cvd:parallel_a_ab_qss:AB:no_desorption:bulk_as_surface:A=idn_2,B=n2",51,"{'A': 'idn_2', 'I': None, 'B': 'n2'}",{},deposition_rate,nm/s,condition_cv,inner_selection,"{'A': ['idn_2'], 'AB': ['idn_2', 'n2']}","[{'effects': {'AB': ['idn_2', 'n2']}, 'condition': 5, 'weight': 1.0, 'mse_increase': -0.00019667707631361442, 'mean_mse_increase': -0.00019662730858161295, 'centered_mse_increase': -4.9767731998879144e-08}, {'effects': {'A': ['idn_2']}, 'condition': 5, 'weight': 1.0, 'mse_increase': -1.343134334718006e-05, 'mean_mse_increase': -1.5463463419974552e-05, 'centered_mse_increase': 2.0321200727938918e-06}]",5,0.013022705972425731,0.11411707134528878,0.11410860622956048,0.11696155972335871,49.0,-0.11410860622956048,0.01302077401565289,1.9319567728416503e-06,0.0013899484784845985,0.028506953219670006,0.6116635163319823,nan,0.20429415020408165,1.988647041010162e-06,0.5585919676666729,0.013798163113631348,0.013022705972425731,0.11411707134528878,0.11410860622956048,0.11696155972335871,-6547.5255572606075,-0.11410860622956048,0.5585919676666729,-0.5585505317483177,0.0013899484784845985,0.028506953219670006,0.11746558267693286,0.02850631866232279,0.005754740000000008,0.00012050630104687432,0.02094035543688753,1.0,0.0002067805855733146,"{'A': 'idn_2', 'I': None, 'B': 'n2'}","{'A': ['parallel_a_ab_qss'], 'AB': ['parallel_a_ab_qss']}",surface_parallel_qss,0.0,nan,nan,0.0001,[],,
"cvd:parallel_a_ab_qss:AIB:no_desorption:bulk_as_surface:A=idn_2,I=adn_2,B=n2",52,"{'A': 'idn_2', 'I': 'adn_2', 'B': 'n2'}",{},deposition_rate,nm/s,condition_cv,inner_selection,"{'A': ['idn_2'], 'AB': ['idn_2', 'n2'], 'I': ['adn_2']}","[{'effects': {'A': ['idn_2'], 'B': ['n2'], 'I': ['adn_2']}, 'condition': 1, 'weight': 1.0, 'mse_increase': 0.0, 'mean_mse_increase': 0.0, 'centered_mse_increase': 0.0}, {'effects': {'A': ['idn_2'], 'I': ['adn_2']}, 'condition': 1, 'weight': 1.0, 'mse_increase': -3.122849201453448e-14, 'mean_mse_increase': -3.1040762408368616e-14, 'centered_mse_increase': -1.876313503439836e-16}, {'effects': {'A': ['idn_2'], 'AB': ['idn_2', 'n2']}, 'condition': 1, 'weight': 1.0, 'mse_increase': 6.289706169088083e-14, 'mean_mse_increase': 6.44869899667222e-14, 'centered_mse_increase': -1.5897334582634995e-15}]",1,0.0003910093675252818,0.019773956799924535,0.01946586427665809,0.032588987639074474,49.0,0.01946586427665809,0.00037891987203727363,1.208949548800806e-05,0.0034769951809008968,-28.363594636540153,-0.19803114038663175,nan,0.10921737265306122,4.1171714967634963e-07,0.18105138696879555,8.712355577955682e-05,0.0003910093675252818,0.019773956799924535,0.01946586427665809,0.032588987639074474,-948.7038630347407,0.01946586427665809,0.18105138696879555,0.17823047564505287,0.0034769951809008968,-28.363594636540153,0.009333999988191387,-1.1184869107500457,0.0033476649999999997,0.014899366930504879,4.450674404549106,1.0,0.003243357403681676,"{'A': 'idn_2', 'I': 'adn_2', 'B': 'n2'}","{'A': ['parallel_a_ab_qss'], 'AB': ['parallel_a_ab_qss'], 'I': ['parallel_a_ab_qss']}",surface_parallel_qss,0.0,nan,nan,10000000000.0,"['single_conversion_ratio', 'conversion_ratio', 'inhibition_ratio']",,
"cvd:parallel_a_ab_qss:AIB:no_desorption:bulk_as_surface:A=idn_2,I=adn_2,B=n2",52,"{'A': 'idn_2', 'I': 'adn_2', 'B': 'n2'}",{},deposition_rate,nm/s,condition_cv,inner_selection,"{'A': ['idn_2'], 'AB': ['idn_2', 'n2'], 'I': ['adn_2']}","[{'effects': {'A': ['idn_2'], 'B': ['n2'], 'I': ['adn_2']}, 'condition': 2, 'weight': 1.0, 'mse_increase': -0.002036345370920115, 'mean_mse_increase': -0.0020422507310552326, 'centered_mse_increase': 5.9053601351172736e-06}, {'effects': {'A': ['idn_2'], 'I': ['adn_2']}, 'condition': 2, 'weight': 1.0, 'mse_increase': 6.112680348696609e-08, 'mean_mse_increase': 6.112590321101855e-08, 'centered_mse_increase': 9.002769741181808e-13}, {'effects': {'A': ['idn_2'], 'AB': ['idn_2', 'n2']}, 'condition': 2, 'weight': 1.0, 'mse_increase': 0.0, 'mean_mse_increase': 0.0, 'centered_mse_increase': -1.4558378780933287e-21}]",2,0.0027512454250130016,0.05245231572593341,0.05245068169576307,0.0535055745256411,49.0,0.05245068169576307,0.0027510740103502554,1.7141466274595102e-07,0.0004140225389347191,5.252053534854362e-06,0.025539487737577034,nan,0.07686286373469386,1.7141556302966477e-07,0.682414278850995,0.0027513065521508413,0.0027512454250130016,0.05245231572593341,0.05245068169576307,0.0535055745256411,-16049.149568606426,0.05245068169576307,0.682414278850995,0.6823930198178164,0.0004140225389347191,5.252053534854362e-06,0.05245289841515759,1.1108808889163685e-05,0.0019401760000000018,1.889855523462547e-07,9.740639629922982e-05,1.0,0.0030135490429700575,"{'A': 'idn_2', 'I': 'adn_2', 'B': 'n2'}","{'A': ['parallel_a_ab_qss'], 'AB': ['parallel_a_ab_qss'], 'I': ['parallel_a_ab_qss']}",surface_parallel_qss,0.0,nan,nan,1.0746078283213176e-05,"['conversion_ratio', 'inhibition_ratio']",,
"cvd:parallel_a_ab_qss:AIB:no_desorption:bulk_as_surface:A=idn_2,I=adn_2,B=n2",52,"{'A': 'idn_2', 'I': 'adn_2', 'B': 'n2'}",{},deposition_rate,nm/s,condition_cv,inner_selection,"{'A': ['idn_2'], 'AB': ['idn_2', 'n2'], 'I': ['adn_2']}","[{'effects': {'A': ['idn_2'], 'B': ['n2'], 'I': ['adn_2']}, 'condition': 4, 'weight': 1.0, 'mse_increase': 4.8084800030601116e-14, 'mean_mse_increase': 4.832158978507195e-14, 'centered_mse_increase': -2.380552216940321e-16}, {'effects': {'A': ['idn_2'], 'I': ['adn_2']}, 'condition': 4, 'weight': 1.0, 'mse_increase': -1.2354658122449777e-05, 'mean_mse_increase': -2.1323316981304227e-05, 'centered_mse_increase': 8.96865885885315e-06}, {'effects': {'A': ['idn_2'], 'AB': ['idn_2', 'n2']}, 'condition': 4, 'weight': 1.0, 'mse_increase': -5.337640052172077e-13, 'mean_mse_increase': -5.328073052202065e-13, 'centered_mse_increase': -9.570972554534714e-16}]",4,0.0047285692740901605,0.06876459317185088,0.06872620105017994,0.0772208452817475,49.0,0.06872620105017994,0.004723290710789755,5.278563300406811e-06,0.002297512415724192,-27.851372137645683,-0.31343130240326966,nan,0.07443086153061225,1.8295709733400396e-07,0.9238720573396706,0.0031019972414936927,0.0047285692740901605,0.06876459317185088,0.06872620105017994,0.0772208452817475,-25844.235538787267,0.06872620105017994,0.9238720573396706,0.9233562481594269,0.002297512415724192,-27.851372137645683,0.05569557649844099,-0.2346508914182028,0.0023843499999999934,0.009558782290000428,4.008967764799822,1.0,0.002202105464511789,"{'A': 'idn_2', 'I': 'adn_2', 'B': 'n2'}","{'A': ['parallel_a_ab_qss'], 'AB': ['parallel_a_ab_qss'], 'I': ['parallel_a_ab_qss']}",surface_parallel_qss,0.0,nan,nan,1.485508017172775,"['single_conversion_ratio', 'inhibition_ratio']",,
"cvd:parallel_a_ab_qss:AIB:no_desorption:bulk_as_surface:A=idn_2,I=adn_2,B=n2",52,"{'A': 'idn_2', 'I': 'adn_2', 'B': 'n2'}",{},deposition_rate,nm/s,condition_cv,inner_selection,"{'A': ['idn_2'], 'AB': ['idn_2', 'n2'], 'I': ['adn_2']}","[{'effects': {'A': ['idn_2'], 'B': ['n2'], 'I': ['adn_2']}, 'condition': 5, 'weight': 1.0, 'mse_increase': -0.00019667707607306205, 'mean_mse_increase': -0.00019662730834106232, 'centered_mse_increase': -4.976773200185202e-08}, {'effects': {'A': ['idn_2'], 'I': ['adn_2']}, 'condition': 5, 'weight': 1.0, 'mse_increase': -1.3431341320473134e-05, 'mean_mse_increase': -1.546346139386784e-05, 'centered_mse_increase': 2.032120073394182e-06}, {'effects': {'A': ['idn_2'], 'AB': ['idn_2', 'n2']}, 'condition': 5, 'weight': 1.0, 'mse_increase': -3.712308238590367e-16, 'mean_mse_increase': -3.677613769070831e-16, 'centered_mse_increase': 5.124549330888517e-20}]",5,0.013022705972426102,0.11411707134529041,0.11410860622956209,0.11696155972336028,49.0,-0.11410860622956209,0.013020774015653257,1.931956772841599e-06,0.00138994847848458,0.028506953219695763,0.6116635163307915,nan,0.20429415020408165,1.988647041010162e-06,0.5585919676666808,0.013798163113631348,0.013022705972426102,0.11411707134529041,0.11410860622956209,0.11696155972336028,-6547.525557260794,-0.11410860622956209,0.5585919676666808,-0.5585505317483256,0.00138994847848458,0.028506953219695763,0.11746558267693286,0.028506318662308967,0.005754740000000008,0.00012050630104720739,0.020940355436945408,1.0,0.00020678058557332022,"{'A': 'idn_2', 'I': 'adn_2', 'B': 'n2'}","{'A': ['parallel_a_ab_qss'], 'AB': ['parallel_a_ab_qss'], 'I': ['parallel_a_ab_qss']}",surface_parallel_qss,0.0,nan,nan,0.0001,['inhibition_ratio'],,
"cvd:langmuir_hinshelwood_qss:AB:full:bulk_as_surface:A=idn_2,B=n2",53,"{'A': 'idn_2', 'I': None, 'B': 'n2'}",{},deposition_rate,nm/s,condition_cv,inner_selection,"{'AB': ['idn_2', 'n2']}",[],1,0.0006956515004505295,0.02637520616887249,0.026120718232611542,0.03978968453596446,49.0,0.026120718232611542,0.0006822919209874851,1.3359579463044514e-05,0.003655075849150673,-31.44844057029556,-0.19051000023371895,nan,0.10921737265306122,4.1171714967634963e-07,0.24149277288198187,8.712355577955682e-05,0.0006956515004505295,0.02637520616887249,0.026120718232611542,0.03978968453596446,-1688.634500281031,0.026120718232611542,0.24149277288198187,0.2391626679721215,0.003655075849150673,-31.44844057029556,0.009333999988191387,-1.8257131135890556,0.0033476649999999997,0.01568615816237856,4.685701276077075,1.0,0.0031215149558921056,"{'A': 'idn_2', 'I': None, 'B': 'n2'}",{'AB': ['langmuir_hinshelwood_qss']},surface_lh_qss,0.0,nan,nan,0.05327978945865641,[],,
"cvd:langmuir_hinshelwood_qss:AB:full:bulk_as_surface:A=idn_2,B=n2",53,"{'A': 'idn_2', 'I': None, 'B': 'n2'}",{},deposition_rate,nm/s,condition_cv,inner_selection,"{'AB': ['idn_2', 'n2']}",[],2,0.002758196771689644,0.05251853741003879,0.05243263145050865,0.06352036254095313,49.0,0.05243263145050865,0.002749180840824869,9.015930864775628e-06,0.003002653970202965,-51.596921221297464,-0.0035913002690036943,nan,0.07686286373469386,1.7141556302966477e-07,0.6832758351460344,0.0027513065521508413,0.002758196771689644,0.05251853741003879,0.05243263145050865,0.06352036254095313,-16089.702168112455,0.05243263145050865,0.6832758351460344,0.6821581828058008,0.003002653970202965,-51.596921221297464,0.05245289841515759,-0.0012513892818978515,0.0019401760000000018,0.013474198835434964,6.944833270504816,1.0,0.00300414426802411,"{'A': 'idn_2', 'I': None, 'B': 'n2'}",{'AB': ['langmuir_hinshelwood_qss']},surface_lh_qss,0.0,nan,nan,1512472545.3106234,[],,
"cvd:langmuir_hinshelwood_qss:AB:full:bulk_as_surface:A=idn_2,B=n2",53,"{'A': 'idn_2', 'I': None, 'B': 'n2'}",{},deposition_rate,nm/s,condition_cv,inner_selection,"{'AB': ['idn_2', 'n2']}",[],4,0.006216008859089669,0.07884166956051647,0.07873853678648902,0.09316072416322366,49.0,0.07873853678648902,0.006199757175277285,1.6251683812381726e-05,0.00403133771996117,-87.82784023793772,-0.3177435142611866,nan,0.07443086153061225,1.8295709733400396e-07,1.0592604725942898,0.0031019972414936927,0.006216008859089669,0.07884166956051647,0.07873853678648902,0.09316072416322366,-33974.2267043339,0.07873853678648902,1.0592604725942898,1.057874854157171,0.00403133771996117,-87.82784023793772,0.05569557649844099,-0.4155822511815345,0.0023843499999999934,0.017528186579340743,7.351347989741771,1.0,0.0018485412747946603,"{'A': 'idn_2', 'I': None, 'B': 'n2'}",{'AB': ['langmuir_hinshelwood_qss']},surface_lh_qss,0.0,nan,nan,1e-10,"['adsorption_ratio_A', 'adsorption_ratio_B']",,
"cvd:langmuir_hinshelwood_qss:AB:full:bulk_as_surface:A=idn_2,B=n2",53,"{'A': 'idn_2', 'I': None, 'B': 'n2'}",{},deposition_rate,nm/s,condition_cv,inner_selection,"{'AB': ['idn_2', 'n2']}",[],5,0.01299261458801937,0.1139851507347311,0.11397690388042683,0.11675021483004779,49.0,-0.11397690388042683,0.012990734618168057,1.8799698513126704e-06,0.001371119925941079,0.054648807684991474,0.3129493396435103,nan,0.20429415020408165,1.988647041010162e-06,0.5579462291057503,0.013798163113631348,0.01299261458801937,0.1139851507347311,0.11397690388042683,0.11675021483004779,-6532.393970917828,-0.11397690388042683,0.5579462291057503,-0.5579058615558423,0.001371119925941079,0.054648807684991474,0.11746558267693286,0.02962937622140803,0.005754740000000008,0.0005660581962346478,0.09836381769370067,1.0,0.0002063181561607598,"{'A': 'idn_2', 'I': None, 'B': 'n2'}",{'AB': ['langmuir_hinshelwood_qss']},surface_lh_qss,0.0,nan,nan,1.333521432163324,[],,
"cvd:langmuir_hinshelwood_qss:AIB:full:bulk_as_surface:A=idn_2,I=adn_2,B=n2",54,"{'A': 'idn_2', 'I': 'adn_2', 'B': 'n2'}",{},deposition_rate,nm/s,condition_cv,inner_selection,"{'AB': ['idn_2', 'n2'], 'I': ['adn_2']}","[{'effects': {'AB': ['idn_2', 'n2']}, 'condition': 1, 'weight': 1.0, 'mse_increase': -6.736311993133827e-08, 'mean_mse_increase': -2.332426621249684e-07, 'centered_mse_increase': 1.6587954219373685e-07}]",1,0.0006957188635704608,0.02637648315394721,0.026125182557249434,0.03971306062327107,49.0,0.026125182557249434,0.00068252516364961,1.3193699920850777e-05,0.003632313301582172,-31.045543721514463,-0.19028466198473257,nan,0.10921737265306122,4.1171714967634963e-07,0.24150446502439196,8.712355577955682e-05,0.0006957188635704608,0.02637648315394721,0.026125182557249434,0.03971306062327107,-1688.7981153259334,0.026125182557249434,0.24150446502439196,0.23920354356296794,0.003632313301582172,-31.045543721514463,0.009333999988191387,-1.8258499236465158,0.0033476649999999997,0.015579735904901887,4.653911279922539,1.0,0.003121527644683665,"{'A': 'idn_2', 'I': 'adn_2', 'B': 'n2'}","{'AB': ['langmuir_hinshelwood_qss'], 'I': ['langmuir_hinshelwood_qss']}",surface_lh_qss,0.0,nan,nan,0.04958068241684656,['inhibition_ratio'],,
"cvd:langmuir_hinshelwood_qss:AIB:full:bulk_as_surface:A=idn_2,I=adn_2,B=n2",54,"{'A': 'idn_2', 'I': 'adn_2', 'B': 'n2'}",{},deposition_rate,nm/s,condition_cv,inner_selection,"{'AB': ['idn_2', 'n2'], 'I': ['adn_2']}","[{'effects': {'AB': ['idn_2', 'n2']}, 'condition': 2, 'weight': 1.0, 'mse_increase': 0.0, 'mean_mse_increase': 0.0, 'centered_mse_increase': 0.0}]",2,0.002758196771689644,0.05251853741003879,0.05243263145050865,0.06352036254095313,49.0,0.05243263145050865,0.002749180840824869,9.015930864775628e-06,0.003002653970202965,-51.596921221297464,-0.0035913002690036943,nan,0.07686286373469386,1.7141556302966477e-07,0.6832758351460344,0.0027513065521508413,0.002758196771689644,0.05251853741003879,0.05243263145050865,0.06352036254095313,-16089.702168112455,0.05243263145050865,0.6832758351460344,0.6821581828058008,0.003002653970202965,-51.596921221297464,0.05245289841515759,-0.0012513892818978515,0.0019401760000000018,0.013474198835434964,6.944833270504816,1.0,0.00300414426802411,"{'A': 'idn_2', 'I': 'adn_2', 'B': 'n2'}","{'AB': ['langmuir_hinshelwood_qss'], 'I': ['langmuir_hinshelwood_qss']}",surface_lh_qss,0.0,nan,nan,1512472545.3106234,['inhibition_ratio'],,
"cvd:langmuir_hinshelwood_qss:AIB:full:bulk_as_surface:A=idn_2,I=adn_2,B=n2",54,"{'A': 'idn_2', 'I': 'adn_2', 'B': 'n2'}",{},deposition_rate,nm/s,condition_cv,inner_selection,"{'AB': ['idn_2', 'n2'], 'I': ['adn_2']}","[{'effects': {'AB': ['idn_2', 'n2']}, 'condition': 4, 'weight': 1.0, 'mse_increase': -2.5045581927840566e-12, 'mean_mse_increase': -2.4985083446615874e-12, 'centered_mse_increase': -6.051738700007386e-15}]",4,0.006216008861594227,0.07884166957639993,0.07873853680235487,0.09316072418165466,49.0,0.07873853680235487,0.006199757177775793,1.6251683818433465e-05,0.004031337720711757,-87.82784027101509,-0.3177435142614802,nan,0.07443086153061225,1.8295709733400396e-07,1.0592604728076886,0.0031019972414936927,0.006216008861594227,0.07884166957639993,0.07873853680235487,0.09316072418165466,-33974.22671802322,0.07873853680235487,1.0592604728076886,1.0578748543703334,0.004031337720711757,-87.82784027101509,0.05569557649844099,-0.41558225146671807,0.0023843499999999934,0.017528186582780103,7.351347991184244,1.0,0.001848541275927161,"{'A': 'idn_2', 'I': 'adn_2', 'B': 'n2'}","{'AB': ['langmuir_hinshelwood_qss'], 'I': ['langmuir_hinshelwood_qss']}",surface_lh_qss,0.0,nan,nan,1e-10,"['adsorption_ratio_A', 'adsorption_ratio_B', 'inhibition_ratio']",,
"cvd:langmuir_hinshelwood_qss:AIB:full:bulk_as_surface:A=idn_2,I=adn_2,B=n2",54,"{'A': 'idn_2', 'I': 'adn_2', 'B': 'n2'}",{},deposition_rate,nm/s,condition_cv,inner_selection,"{'AB': ['idn_2', 'n2'], 'I': ['adn_2']}","[{'effects': {'AB': ['idn_2', 'n2']}, 'condition': 5, 'weight': 1.0, 'mse_increase': -2.0528943128761412e-12, 'mean_mse_increase': -2.052991457390796e-12, 'centered_mse_increase': 9.46955306459522e-17}]",5,0.012992614590072265,0.1139851507437362,0.113976903889433,0.1167502148388339,49.0,-0.113976903889433,0.012990734620221048,1.8799698512179748e-06,0.001371119925906547,0.054648807732609495,0.3129493392759378,nan,0.20429415020408165,1.988647041010162e-06,0.5579462291498294,0.013798163113631348,0.012992614590072265,0.1139851507437362,0.113976903889433,0.1167502148388339,-6532.393971950134,-0.113976903889433,0.5579462291498294,-0.5579058615999266,0.001371119925906547,0.054648807732609495,0.11746558267693286,0.029629376144746405,0.005754740000000008,0.0005660581981557083,0.09836381802752298,1.0,0.00020631815619148782,"{'A': 'idn_2', 'I': 'adn_2', 'B': 'n2'}","{'AB': ['langmuir_hinshelwood_qss'], 'I': ['langmuir_hinshelwood_qss']}",surface_lh_qss,0.0,nan,nan,1.333521432163324,['inhibition_ratio'],,
"cvd:parallel_a_ab_qss:AB:full:bulk_as_surface:A=n2,B=idn_2",55,"{'A': 'n2', 'I': None, 'B': 'idn_2'}",{},deposition_rate,nm/s,condition_cv,inner_selection,"{'A': ['n2'], 'AB': ['n2', 'idn_2']}","[{'effects': {'A': ['n2'], 'AB': ['n2', 'idn_2']}, 'condition': 1, 'weight': 1.0, 'mse_increase': -0.00030636506129402683, 'mean_mse_increase': -0.0003051082264900954, 'centered_mse_increase': -1.2568348039313023e-06}, {'effects': {'A': ['n2']}, 'condition': 1, 'weight': 1.0, 'mse_increase': -0.00031519878132566924, 'mean_mse_increase': -0.0003022389478442142, 'centered_mse_increase': -1.2959833481455034e-05}]",1,0.0006973705785302724,0.026407774963640395,0.026153954469837315,0.03981337411247332,49.0,0.026153954469837315,0.0006840293344103233,1.3341244119949077e-05,0.003652566785145629,-31.403906736546226,-0.19042234688089965,nan,0.10921737265306122,4.1171714967634963e-07,0.24179097447735773,8.712355577955682e-05,0.0006973705785302724,0.026407774963640395,0.026153954469837315,0.03981337411247332,-1692.8098864195351,0.026153954469837315,0.24179097447735773,0.23946698070569503,0.003652566785145629,-31.403906736546226,0.009333999988191387,-1.829202378085424,0.0033476649999999997,0.01567410651779433,4.682101260966772,1.0,0.003121582464346869,"{'A': 'n2', 'I': None, 'B': 'idn_2'}","{'A': ['parallel_a_ab_qss'], 'AB': ['parallel_a_ab_qss']}",surface_parallel_qss,0.0,nan,nan,9.646616199111993,['single_conversion_ratio'],,
"cvd:parallel_a_ab_qss:AB:full:bulk_as_surface:A=n2,B=idn_2",55,"{'A': 'n2', 'I': None, 'B': 'idn_2'}",{},deposition_rate,nm/s,condition_cv,inner_selection,"{'A': ['n2'], 'AB': ['n2', 'idn_2']}","[{'effects': {'A': ['n2'], 'AB': ['n2', 'idn_2']}, 'condition': 2, 'weight': 1.0, 'mse_increase': 3.379406129933038e-13, 'mean_mse_increase': 3.3793757722722084e-13, 'centered_mse_increase': 2.9793589826281964e-18}, {'effects': {'A': ['n2']}, 'condition': 2, 'weight': 1.0, 'mse_increase': 6.073415991566383e-08, 'mean_mse_increase': 6.073380504024659e-08, 'centered_mse_increase': 3.548756139435906e-13}]",2,0.002751245817652972,0.052452319468761076,0.05245068543350812,0.053505539332083366,49.0,0.05245068543350812,0.002751074402444821,1.714152081510724e-07,0.0004140231976001736,2.0702822199902826e-06,0.014584435678248487,nan,0.07686286373469386,1.7141556302966477e-07,0.6824143275458716,0.0027513065521508413,0.002751245817652972,0.052452319468761076,0.05245068543350812,0.053505539332083366,-16049.151859180067,0.05245068543350812,0.6824143275458716,0.6823930684465672,0.0004140231976001736,2.0702822199902826e-06,0.05245289841515759,1.1037452914966995e-05,0.0019401760000000018,1.3269190149434174e-07,6.839168276194615e-05,1.0,0.0030135490646272067,"{'A': 'n2', 'I': None, 'B': 'idn_2'}","{'A': ['parallel_a_ab_qss'], 'AB': ['parallel_a_ab_qss']}",surface_parallel_qss,0.0,nan,nan,9.139816994654905e-06,"['desorption_ratio', 'conversion_ratio']",,
"cvd:parallel_a_ab_qss:AB:full:bulk_as_surface:A=n2,B=idn_2",55,"{'A': 'n2', 'I': None, 'B': 'idn_2'}",{},deposition_rate,nm/s,condition_cv,inner_selection,"{'A': ['n2'], 'AB': ['n2', 'idn_2']}","[{'effects': {'A': ['n2'], 'AB': ['n2', 'idn_2']}, 'condition': 4, 'weight': 1.0, 'mse_increase': -0.0014874395857442787, 'mean_mse_increase': -0.0014764664652287549, 'centered_mse_increase': -1.097312051552192e-05}, {'effects': {'A': ['n2']}, 'condition': 4, 'weight': 1.0, 'mse_increase': -0.0014694703387644467, 'mean_mse_increase': -0.0014533791025388796, 'centered_mse_increase': -1.6091236225565475e-05}]",4,0.006216008859199443,0.07884166956121264,0.07873853678718393,0.09316072416409782,49.0,0.07873853678718393,0.006199757175386717,1.6251683812723657e-05,0.00403133772000358,-87.82784023980663,-0.3177435142618953,nan,0.07443086153061225,1.8295709733400396e-07,1.059260472603643,0.0031019972414936927,0.006216008859199443,0.07884166956121264,0.07873853678718393,0.09316072416409782,-33974.226704933906,0.07873853678718393,1.059260472603643,1.0578748541665073,0.00403133772000358,-87.82784023980663,0.05569557649844099,-0.415582251194034,0.0023843499999999934,0.017528186579556043,7.351347989832068,1.0,0.0018485412747823709,"{'A': 'n2', 'I': None, 'B': 'idn_2'}","{'A': ['parallel_a_ab_qss'], 'AB': ['parallel_a_ab_qss']}",surface_parallel_qss,0.0,nan,nan,10000000000.0,"['single_conversion_ratio', 'desorption_ratio']",,
"cvd:parallel_a_ab_qss:AB:full:bulk_as_surface:A=n2,B=idn_2",55,"{'A': 'n2', 'I': None, 'B': 'idn_2'}",{},deposition_rate,nm/s,condition_cv,inner_selection,"{'A': ['n2'], 'AB': ['n2', 'idn_2']}","[{'effects': {'A': ['n2'], 'AB': ['n2', 'idn_2']}, 'condition': 5, 'weight': 1.0, 'mse_increase': -1.5833328844902517e-06, 'mean_mse_increase': -1.5839533759921809e-06, 'centered_mse_increase': 6.204915003821155e-10}, {'effects': {'A': ['n2']}, 'condition': 5, 'weight': 1.0, 'mse_increase': -1.583332868058951e-06, 'mean_mse_increase': -1.5839533595695537e-06, 'centered_mse_increase': 6.204915135378077e-10}]",5,0.013010340972701307,0.11406288166051788,0.11405440294969776,0.11690826262549055,49.0,-0.11405440294969776,0.013008406832212027,1.9341404892830056e-06,0.0013907337952616978,0.027408861705025878,0.589270984161875,nan,0.20429415020408165,1.988647041010162e-06,0.5583267144290409,0.013798163113631348,0.013010340972701307,0.11406288166051788,0.11405440294969776,0.11690826262549055,-6541.307762212301,-0.11405440294969776,0.5583267144290409,-0.5582852119640332,0.0013907337952616978,0.027408861705025878,0.11746558267693286,0.0289676425968402,0.005754740000000008,0.0001194859576746643,0.02076305057650982,1.0,0.00020651925283256563,"{'A': 'n2', 'I': None, 'B': 'idn_2'}","{'A': ['parallel_a_ab_qss'], 'AB': ['parallel_a_ab_qss']}",surface_parallel_qss,0.0,nan,nan,2.5945527214040154,[],,
"cvd:parallel_a_ab_qss:AIB:full:bulk_as_surface:A=n2,I=adn_2,B=idn_2",56,"{'A': 'n2', 'I': 'adn_2', 'B': 'idn_2'}",{},deposition_rate,nm/s,condition_cv,inner_selection,"{'A': ['n2'], 'AB': ['n2', 'idn_2'], 'I': ['adn_2']}","[{'effects': {'A': ['n2'], 'B': ['idn_2'], 'I': ['adn_2']}, 'condition': 1, 'weight': 1.0, 'mse_increase': -1.791121208533997e-07, 'mean_mse_increase': -2.0355294288825192e-07, 'centered_mse_increase': 2.4440822035036872e-08}, {'effects': {'A': ['n2'], 'AB': ['n2', 'idn_2'], 'I': ['adn_2']}, 'condition': 1, 'weight': 1.0, 'mse_increase': -0.00030636506123737374, 'mean_mse_increase': -0.0003051082264317627, 'centered_mse_increase': -1.2568348056108958e-06}, {'effects': {'A': ['n2'], 'I': ['adn_2']}, 'condition': 1, 'weight': 1.0, 'mse_increase': -0.0003151987813347344, 'mean_mse_increase': -0.00030223894785166616, 'centered_mse_increase': -1.2959833483067997e-05}, {'effects': {'A': ['n2'], 'AB': ['n2', 'idn_2']}, 'condition': 1, 'weight': 1.0, 'mse_increase': 5.6668320209951606e-14, 'mean_mse_increase': 5.83478577953489e-14, 'centered_mse_increase': -1.6793393796876374e-15}]",1,0.0006973705784736041,0.026407774962567448,0.026153954468721846,0.03981337411217431,49.0,0.026153954468721846,0.0006840293343519754,1.3341244121628416e-05,0.003652566785375514,-31.40390674062509,-0.19042234688042353,nan,0.10921737265306122,4.1171714967634963e-07,0.24179097446753378,8.712355577955682e-05,0.0006973705784736041,0.026407774962567448,0.026153954468721846,0.03981337411217431,-1692.8098862818958,0.026153954468721846,0.24179097446753378,0.23946698069548172,0.003652566785375514,-31.40390674062509,0.009333999988191387,-1.8292023779704738,0.0033476649999999997,0.015674106518871772,4.682101261288621,1.0,0.0031215824652666146,"{'A': 'n2', 'I': 'adn_2', 'B': 'idn_2'}","{'A': ['parallel_a_ab_qss'], 'AB': ['parallel_a_ab_qss'], 'I': ['parallel_a_ab_qss']}",surface_parallel_qss,0.0,nan,nan,9.646616199111993,"['single_conversion_ratio', 'inhibition_ratio']",,
"cvd:parallel_a_ab_qss:AIB:full:bulk_as_surface:A=n2,I=adn_2,B=idn_2",56,"{'A': 'n2', 'I': 'adn_2', 'B': 'idn_2'}",{},deposition_rate,nm/s,condition_cv,inner_selection,"{'A': ['n2'], 'AB': ['n2', 'idn_2'], 'I': ['adn_2']}","[{'effects': {'A': ['n2'], 'B': ['idn_2'], 'I': ['adn_2']}, 'condition': 2, 'weight': 1.0, 'mse_increase': -0.002036345763762962, 'mean_mse_increase': -0.0020422511233516407, 'centered_mse_increase': 5.90535958867671e-06}, {'effects': {'A': ['n2'], 'AB': ['n2', 'idn_2'], 'I': ['adn_2']}, 'condition': 2, 'weight': 1.0, 'mse_increase': 3.379406129933038e-13, 'mean_mse_increase': 3.379345414611379e-13, 'centered_mse_increase': 2.975467925026747e-18}, {'effects': {'A': ['n2'], 'I': ['adn_2']}, 'condition': 2, 'weight': 1.0, 'mse_increase': 6.073415991436279e-08, 'mean_mse_increase': 6.073380503721082e-08, 'centered_mse_increase': 3.5487561039664014e-13}, {'effects': {'A': ['n2'], 'AB': ['n2', 'idn_2']}, 'condition': 2, 'weight': 1.0, 'mse_increase': -1.3010426069826053e-18, 'mean_mse_increase': -3.0357660829594124e-18, 'centered_mse_increase': -3.546950466627383e-21}]",2,0.0027512458176529734,0.05245231946876109,0.05245068543350815,0.05350553933208339,49.0,0.05245068543350815,0.002751074402444824,1.7141520815107594e-07,0.0004140231976001779,2.0702821993401344e-06,0.014584435533554534,nan,0.07686286373469386,1.7141556302966477e-07,0.6824143275458718,0.0027513065521508413,0.0027512458176529734,0.05245231946876109,0.05245068543350815,0.05350553933208339,-16049.151859180074,0.05245068543350815,0.6824143275458718,0.6823930684465677,0.0004140231976001779,2.0702821993401344e-06,0.05245289841515759,1.1037452914702419e-05,0.0019401760000000018,1.326919015220973e-07,6.839168277625184e-05,1.0,0.003013549064627214,"{'A': 'n2', 'I': 'adn_2', 'B': 'idn_2'}","{'A': ['parallel_a_ab_qss'], 'AB': ['parallel_a_ab_qss'], 'I': ['parallel_a_ab_qss']}",surface_parallel_qss,0.0,nan,nan,9.139816994654905e-06,"['desorption_ratio', 'conversion_ratio', 'inhibition_ratio']",,
"cvd:parallel_a_ab_qss:AIB:full:bulk_as_surface:A=n2,I=adn_2,B=idn_2",56,"{'A': 'n2', 'I': 'adn_2', 'B': 'idn_2'}",{},deposition_rate,nm/s,condition_cv,inner_selection,"{'A': ['n2'], 'AB': ['n2', 'idn_2'], 'I': ['adn_2']}","[{'effects': {'A': ['n2'], 'B': ['idn_2'], 'I': ['adn_2']}, 'condition': 4, 'weight': 1.0, 'mse_increase': 2.6820472925903616e-13, 'mean_mse_increase': 2.614262972766568e-13, 'centered_mse_increase': 6.7803462768401684e-15}, {'effects': {'A': ['n2'], 'AB': ['n2', 'idn_2'], 'I': ['adn_2']}, 'condition': 4, 'weight': 1.0, 'mse_increase': -0.001487439586632249, 'mean_mse_increase': -0.0014764664661139158, 'centered_mse_increase': -1.0973120518330678e-05}, {'effects': {'A': ['n2'], 'I': ['adn_2']}, 'condition': 4, 'weight': 1.0, 'mse_increase': -0.0014694703391168878, 'mean_mse_increase': -0.0014533791028883362, 'centered_mse_increase': -1.6091236228549226e-05}, {'effects': {'A': ['n2'], 'AB': ['n2', 'idn_2']}, 'condition': 4, 'weight': 1.0, 'mse_increase': -1.2522769279876833e-12, 'mean_mse_increase': -1.2492524376073177e-12, 'centered_mse_increase': -3.025869350003693e-15}]",4,0.00621600886045172,0.07884166956915435,0.07873853679511685,0.09316072417331334,49.0,0.07873853679511685,0.006199757176635969,1.6251683815749526e-05,0.004031337720378872,-87.82784025634533,-0.31774351426204195,nan,0.07443086153061225,1.8295709733400396e-07,1.059260472710342,0.0031019972414936927,0.00621600886045172,0.07884166956915435,0.07873853679511685,0.09316072417331334,-33974.22671177855,0.07873853679511685,1.059260472710342,1.0578748542730882,0.004031337720378872,-87.82784025634533,0.05569557649844099,-0.4155822513366255,0.0023843499999999934,0.017528186581275723,7.351347990553305,1.0,0.0018485412753486217,"{'A': 'n2', 'I': 'adn_2', 'B': 'idn_2'}","{'A': ['parallel_a_ab_qss'], 'AB': ['parallel_a_ab_qss'], 'I': ['parallel_a_ab_qss']}",surface_parallel_qss,0.0,nan,nan,10000000000.0,"['single_conversion_ratio', 'desorption_ratio', 'inhibition_ratio']",,
"cvd:parallel_a_ab_qss:AIB:full:bulk_as_surface:A=n2,I=adn_2,B=idn_2",56,"{'A': 'n2', 'I': 'adn_2', 'B': 'idn_2'}",{},deposition_rate,nm/s,condition_cv,inner_selection,"{'A': ['n2'], 'AB': ['n2', 'idn_2'], 'I': ['adn_2']}","[{'effects': {'A': ['n2'], 'B': ['idn_2'], 'I': ['adn_2']}, 'condition': 5, 'weight': 1.0, 'mse_increase': -0.0001851949618485258, 'mean_mse_increase': -0.0001851423109965715, 'centered_mse_increase': -5.265085195471376e-08}, {'effects': {'A': ['n2'], 'AB': ['n2', 'idn_2'], 'I': ['adn_2']}, 'condition': 5, 'weight': 1.0, 'mse_increase': -2.4662295728082595e-06, 'mean_mse_increase': -2.466150652014748e-06, 'centered_mse_increase': -7.892079770639176e-11}, {'effects': {'A': ['n2'], 'I': ['adn_2']}, 'condition': 5, 'weight': 1.0, 'mse_increase': -2.466218704668538e-06, 'mean_mse_increase': -2.4661397925625217e-06, 'centered_mse_increase': -7.891210491303298e-11}, {'effects': {'A': ['n2'], 'AB': ['n2', 'idn_2']}, 'condition': 5, 'weight': 1.0, 'mse_increase': -8.828879864749423e-07, 'mean_mse_increase': -8.821885829866927e-07, 'centered_mse_increase': -6.994034868515669e-10}]",5,0.013011223860687782,0.11406675177582547,0.11405827028670483,0.11691307764425923,49.0,-0.11405827028670483,0.013009289020795014,1.934839892769857e-06,0.0013909852237784042,0.0270571635542588,0.60927943637186,nan,0.20429415020408165,1.988647041010162e-06,0.5583456582671474,0.013798163113631348,0.013011223860687782,0.11406675177582547,0.11405827028670483,0.11691307764425923,-6541.7517263589125,-0.11405827028670483,0.5583456582671474,-0.5583041422026289,0.0013909852237784042,0.0270571635542588,0.11746558267693286,0.028934695794726854,0.005754740000000008,0.0001146330044115712,0.019919753874470616,1.0,0.0002065188959453752,"{'A': 'n2', 'I': 'adn_2', 'B': 'idn_2'}","{'A': ['parallel_a_ab_qss'], 'AB': ['parallel_a_ab_qss'], 'I': ['parallel_a_ab_qss']}",surface_parallel_qss,0.0,nan,nan,2.5945527214040154,['inhibition_ratio'],,
"cvd:parallel_a_ab_qss:AB:full:bulk_as_surface:A=idn_2,B=n2",57,"{'A': 'idn_2', 'I': None, 'B': 'n2'}",{},deposition_rate,nm/s,condition_cv,inner_selection,"{'A': ['idn_2'], 'AB': ['idn_2', 'n2']}","[{'effects': {'AB': ['idn_2', 'n2']}, 'condition': 1, 'weight': 1.0, 'mse_increase': 3.7947076036992655e-18, 'mean_mse_increase': 3.7947076036992655e-18, 'centered_mse_increase': 2.710505431213761e-20}, {'effects': {'A': ['idn_2']}, 'condition': 1, 'weight': 1.0, 'mse_increase': -0.00030617938939244847, 'mean_mse_increase': -0.0003049034614620449, 'centered_mse_increase': -1.2759279304034929e-06}, {'effects': {'A': ['idn_2'], 'AB': ['idn_2', 'n2']}, 'condition': 1, 'weight': 1.0, 'mse_increase': -0.0003061793893612204, 'mean_mse_increase': -0.00030490346143100444, 'centered_mse_increase': -1.2759279302158937e-06}]",1,0.0006971887569493993,0.02640433216253347,0.026150015937524113,0.03982127957495976,49.0,0.026150015937524113,0.0006838233335327651,1.336542341663422e-05,0.0036558751916106517,-31.462634668341515,-0.19046087942434364,nan,0.10921737265306122,4.1171714967634963e-07,0.24175945200961022,8.712355577955682e-05,0.0006971887569493993,0.02640433216253347,0.026150015937524113,0.03982127957495976,-1692.3682687190915,0.026150015937524113,0.24175945200961022,0.2394309192969875,0.0036558751916106517,-31.462634668341515,0.009333999988191387,-1.828833532883873,0.0033476649999999997,0.01568960485604992,4.686730857493185,1.0,0.003121580696352593,"{'A': 'idn_2', 'I': None, 'B': 'n2'}","{'A': ['parallel_a_ab_qss'], 'AB': ['parallel_a_ab_qss']}",surface_parallel_qss,0.0,nan,nan,94746.35256553754,['single_conversion_ratio'],,
"cvd:parallel_a_ab_qss:AB:full:bulk_as_surface:A=idn_2,B=n2",57,"{'A': 'idn_2', 'I': None, 'B': 'n2'}",{},deposition_rate,nm/s,condition_cv,inner_selection,"{'A': ['idn_2'], 'AB': ['idn_2', 'n2']}","[{'effects': {'AB': ['idn_2', 'n2']}, 'condition': 2, 'weight': 1.0, 'mse_increase': -0.002036345370679847, 'mean_mse_increase': -0.002042250730814073, 'centered_mse_increase': 5.905360134227046e-06}, {'effects': {'A': ['idn_2']}, 'condition': 2, 'weight': 1.0, 'mse_increase': 6.112713782585946e-08, 'mean_mse_increase': 6.112623754340671e-08, 'centered_mse_increase': 9.002836811632852e-13}, {'effects': {'A': ['idn_2'], 'AB': ['idn_2', 'n2']}, 'condition': 2, 'weight': 1.0, 'mse_increase': 3.3433889337630696e-13, 'mean_mse_increase': 3.3433238816327204e-13, 'centered_mse_increase': 6.705589266497872e-18}]",2,0.0027512454246786627,0.05245231572274634,0.05245068169257596,0.053505574523731406,49.0,0.05245068169257596,0.002751074010015923,1.7141466273924398e-07,0.00041402253892661926,5.252092662333396e-06,0.02553944164668064,nan,0.07686286373469386,1.7141556302966477e-07,0.6824142788095306,0.0027513065521508413,0.0027512454246786627,0.05245231572274634,0.05245068169257596,0.053505574523731406,-16049.149566655966,0.05245068169257596,0.6824142788095306,0.6823930197763515,0.00041402253892661926,5.252092662333396e-06,0.05245289841515759,1.1108869649746241e-05,0.0019401760000000018,1.8898730930194674e-07,9.74073018643394e-05,1.0,0.003013549042981713,"{'A': 'idn_2', 'I': None, 'B': 'n2'}","{'A': ['parallel_a_ab_qss'], 'AB': ['parallel_a_ab_qss']}",surface_parallel_qss,0.0,nan,nan,1.0746078283213176e-05,"['desorption_ratio', 'conversion_ratio']",,
"cvd:parallel_a_ab_qss:AB:full:bulk_as_surface:A=idn_2,B=n2",57,"{'A': 'idn_2', 'I': None, 'B': 'n2'}",{},deposition_rate,nm/s,condition_cv,inner_selection,"{'A': ['idn_2'], 'AB': ['idn_2', 'n2']}","[{'effects': {'AB': ['idn_2', 'n2']}, 'condition': 4, 'weight': 1.0, 'mse_increase': 2.763908893421707e-13, 'mean_mse_increase': 2.760335363061195e-13, 'centered_mse_increase': 3.5804421493618177e-16}, {'effects': {'A': ['idn_2']}, 'condition': 4, 'weight': 1.0, 'mse_increase': -0.001499794244122988, 'mean_mse_increase': -0.001497789782463941, 'centered_mse_increase': -2.00446165904611e-06}, {'effects': {'A': ['idn_2'], 'AB': ['idn_2', 'n2']}, 'condition': 4, 'weight': 1.0, 'mse_increase': -0.0014874395856377216, 'mean_mse_increase': -0.0014764664651213373, 'centered_mse_increase': -1.0973120516383834e-05}]",4,0.006216008859194118,0.07884166956117887,0.07873853678713039,0.09316072416536234,49.0,0.07873853678713039,0.006199757175378285,1.6251683815833548e-05,0.004031337720389294,-87.82784025680456,-0.31774351426379605,nan,0.07443086153061225,1.8295709733400396e-07,1.0592604726031893,0.0031019972414936927,0.006216008859194118,0.07884166956117887,0.07873853678713039,0.09316072416536234,-33974.2267049048,0.07873853678713039,1.0592604726031893,1.0578748541657879,0.004031337720389294,-87.82784025680456,0.05569557649844099,-0.4155822511934278,0.0023843499999999934,0.01752818658132521,7.35134799057406,1.0,0.0018485412747837025,"{'A': 'idn_2', 'I': None, 'B': 'n2'}","{'A': ['parallel_a_ab_qss'], 'AB': ['parallel_a_ab_qss']}",surface_parallel_qss,0.0,nan,nan,10000000000.0,"['single_conversion_ratio', 'desorption_ratio']",,
"cvd:parallel_a_ab_qss:AB:full:bulk_as_surface:A=idn_2,B=n2",57,"{'A': 'idn_2', 'I': None, 'B': 'n2'}",{},deposition_rate,nm/s,condition_cv,inner_selection,"{'A': ['idn_2'], 'AB': ['idn_2', 'n2']}","[{'effects': {'AB': ['idn_2', 'n2']}, 'condition': 5, 'weight': 1.0, 'mse_increase': -0.00018576693373493353, 'mean_mse_increase': -0.00018570914619959154, 'centered_mse_increase': -5.7787535342302e-08}, {'effects': {'A': ['idn_2']}, 'condition': 5, 'weight': 1.0, 'mse_increase': -2.5212006926587927e-06, 'mean_mse_increase': -4.545300962109297e-06, 'centered_mse_increase': 2.0241002694524963e-06}, {'effects': {'A': ['idn_2'], 'AB': ['idn_2', 'n2']}, 'condition': 5, 'weight': 1.0, 'mse_increase': 1.0910142654521268e-05, 'mean_mse_increase': 1.0918162457865255e-05, 'centered_mse_increase': -8.01980334139548e-09}]",5,0.01301179582977121,0.11406925891655126,0.11406075509654942,0.11677341720375123,49.0,-0.11406075509654942,0.013009855853195024,1.9399765761830457e-06,0.0013928304190327857,0.024474159477990365,0.19024941469811898,nan,0.20429415020408165,1.988647041010162e-06,0.5583579304772097,0.013798163113631348,0.01301179582977121,0.11406925891655126,0.11406075509654942,0.11677341720375123,-6542.039343553735,-0.11406075509654942,0.5583579304772097,-0.5583163051051991,0.0013928304190327857,0.024474159477990365,0.11746558267693286,0.028913352175015825,0.005754740000000008,0.001829067378254945,0.31783666651402886,1.0,0.00020676778183661214,"{'A': 'idn_2', 'I': None, 'B': 'n2'}","{'A': ['parallel_a_ab_qss'], 'AB': ['parallel_a_ab_qss']}",surface_parallel_qss,0.0,nan,nan,0.1810558243027122,[],,
"cvd:parallel_a_ab_qss:AIB:full:bulk_as_surface:A=idn_2,I=adn_2,B=n2",58,"{'A': 'idn_2', 'I': 'adn_2', 'B': 'n2'}",{},deposition_rate,nm/s,condition_cv,inner_selection,"{'A': ['idn_2'], 'AB': ['idn_2', 'n2'], 'I': ['adn_2']}","[{'effects': {'A': ['idn_2'], 'B': ['n2'], 'I': ['adn_2']}, 'condition': 1, 'weight': 1.0, 'mse_increase': 1.734723475976807e-18, 'mean_mse_increase': 1.6263032587282567e-18, 'centered_mse_increase': 1.1858461261560205e-20}, {'effects': {'A': ['idn_2'], 'I': ['adn_2']}, 'condition': 1, 'weight': 1.0, 'mse_increase': -0.00030617938938966305, 'mean_mse_increase': -0.000304903461459003, 'centered_mse_increase': -1.275927930660093e-06}, {'effects': {'A': ['idn_2'], 'AB': ['idn_2', 'n2'], 'I': ['adn_2']}, 'condition': 1, 'weight': 1.0, 'mse_increase': -0.00030617938935843456, 'mean_mse_increase': -0.0003049034614279622, 'centered_mse_increase': -1.2759279304724617e-06}, {'effects': {'A': ['idn_2'], 'AB': ['idn_2', 'n2']}, 'condition': 1, 'weight': 1.0, 'mse_increase': 6.568291917308233e-14, 'mean_mse_increase': 6.75292070526079e-14, 'centered_mse_increase': -1.8463014320527216e-15}]",1,0.0006971887568837164,0.026404332161289675,0.026150015936232923,0.039821279574566465,49.0,0.026150015936232923,0.0006838233334652359,1.3365423418480521e-05,0.003655875191863163,-31.462634672825907,-0.19046087942391476,nan,0.10921737265306122,4.1171714967634963e-07,0.24175945199822196,8.712355577955682e-05,0.0006971887568837164,0.026404332161289675,0.026150015936232923,0.039821279574566465,-1692.3682685595575,0.026150015936232923,0.24175945199822196,0.2394309192851653,0.003655875191863163,-31.462634672825907,0.009333999988191387,-1.8288335327506184,0.0033476649999999997,0.015689604857233974,4.6867308578468805,1.0,0.0031215806973677747,"{'A': 'idn_2', 'I': 'adn_2', 'B': 'n2'}","{'A': ['parallel_a_ab_qss'], 'AB': ['parallel_a_ab_qss'], 'I': ['parallel_a_ab_qss']}",surface_parallel_qss,0.0,nan,nan,94746.35256553754,"['single_conversion_ratio', 'inhibition_ratio']",,
"cvd:parallel_a_ab_qss:AIB:full:bulk_as_surface:A=idn_2,I=adn_2,B=n2",58,"{'A': 'idn_2', 'I': 'adn_2', 'B': 'n2'}",{},deposition_rate,nm/s,condition_cv,inner_selection,"{'A': ['idn_2'], 'AB': ['idn_2', 'n2'], 'I': ['adn_2']}","[{'effects': {'A': ['idn_2'], 'B': ['n2'], 'I': ['adn_2']}, 'condition': 2, 'weight': 1.0, 'mse_increase': -0.0020363453705965523, 'mean_mse_increase': -0.002042250730731664, 'centered_mse_increase': 5.905360135111565e-06}, {'effects': {'A': ['idn_2'], 'I': ['adn_2']}, 'condition': 2, 'weight': 1.0, 'mse_increase': 6.112713782542578e-08, 'mean_mse_increase': 6.112623754253935e-08, 'centered_mse_increase': 9.002836810309363e-13}, {'effects': {'A': ['idn_2'], 'AB': ['idn_2', 'n2'], 'I': ['adn_2']}, 'condition': 2, 'weight': 1.0, 'mse_increase': 3.3433845969543796e-13, 'mean_mse_increase': 3.3433152080153405e-13, 'centered_mse_increase': 6.706912755477957e-18}, {'effects': {'A': ['idn_2'], 'AB': ['idn_2', 'n2']}, 'condition': 2, 'weight': 1.0, 'mse_increase': -4.336808689942018e-19, 'mean_mse_increase': -8.673617379884035e-19, 'centered_mse_increase': -1.3234889800848443e-22}]",2,0.002751245424678663,0.05245231572274634,0.05245068169257597,0.05350557452373143,49.0,0.05245068169257597,0.002751074010015924,1.714146627392441e-07,0.0004140225389266194,5.25209266155624e-06,0.025539441638990003,nan,0.07686286373469386,1.7141556302966477e-07,0.6824142788095306,0.0027513065521508413,0.002751245424678663,0.05245231572274634,0.05245068169257597,0.05350557452373143,-16049.14956665597,0.05245068169257597,0.6824142788095306,0.6823930197763516,0.0004140225389266194,5.25209266155624e-06,0.05245289841515759,1.1108869649746241e-05,0.0019401760000000018,1.889873093297023e-07,9.74073018786451e-05,1.0,0.003013549042981722,"{'A': 'idn_2', 'I': 'adn_2', 'B': 'n2'}","{'A': ['parallel_a_ab_qss'], 'AB': ['parallel_a_ab_qss'], 'I': ['parallel_a_ab_qss']}",surface_parallel_qss,0.0,nan,nan,1.0746078283213176e-05,"['desorption_ratio', 'conversion_ratio', 'inhibition_ratio']",,
"cvd:parallel_a_ab_qss:AIB:full:bulk_as_surface:A=idn_2,I=adn_2,B=n2",58,"{'A': 'idn_2', 'I': 'adn_2', 'B': 'n2'}",{},deposition_rate,nm/s,condition_cv,inner_selection,"{'A': ['idn_2'], 'AB': ['idn_2', 'n2'], 'I': ['adn_2']}","[{'effects': {'A': ['idn_2'], 'B': ['n2'], 'I': ['adn_2']}, 'condition': 4, 'weight': 1.0, 'mse_increase': 2.763900219804327e-13, 'mean_mse_increase': 2.7603527102959546e-13, 'centered_mse_increase': 3.580509911997598e-16}, {'effects': {'A': ['idn_2'], 'I': ['adn_2']}, 'condition': 4, 'weight': 1.0, 'mse_increase': -0.0014997942444786878, 'mean_mse_increase': -0.0014977897828190876, 'centered_mse_increase': -2.0044616595994223e-06}, {'effects': {'A': ['idn_2'], 'AB': ['idn_2', 'n2'], 'I': ['adn_2']}, 'condition': 4, 'weight': 1.0, 'mse_increase': -0.001487439586356238, 'mean_mse_increase': -0.0014764664658377833, 'centered_mse_increase': -1.0973120518452573e-05}, {'effects': {'A': ['idn_2'], 'AB': ['idn_2', 'n2']}, 'condition': 4, 'weight': 1.0, 'mse_increase': -1.2522803974346353e-12, 'mean_mse_increase': -1.2492533049690557e-12, 'centered_mse_increase': -3.025835468685803e-15}]",4,0.0062160088604463985,0.0788416695691206,0.0787385367950633,0.09316072417457782,49.0,0.0787385367950633,0.006199757176627538,1.6251683818859384e-05,0.004031337720764583,-87.82784027334306,-0.3177435142639433,nan,0.07443086153061225,1.8295709733400396e-07,1.0592604727098887,0.0031019972414936927,0.0062160088604463985,0.0788416695691206,0.0787385367950633,0.09316072417457782,-33974.22671174947,0.0787385367950633,1.0592604727098887,1.057874854272369,0.004031337720764583,-87.82784027334306,0.05569557649844099,-0.4155822513360195,0.0023843499999999934,0.017528186583044864,7.351347991295285,1.0,0.0018485412753499531,"{'A': 'idn_2', 'I': 'adn_2', 'B': 'n2'}","{'A': ['parallel_a_ab_qss'], 'AB': ['parallel_a_ab_qss'], 'I': ['parallel_a_ab_qss']}",surface_parallel_qss,0.0,nan,nan,10000000000.0,"['single_conversion_ratio', 'desorption_ratio', 'inhibition_ratio']",,
"cvd:parallel_a_ab_qss:AIB:full:bulk_as_surface:A=idn_2,I=adn_2,B=n2",58,"{'A': 'idn_2', 'I': 'adn_2', 'B': 'n2'}",{},deposition_rate,nm/s,condition_cv,inner_selection,"{'A': ['idn_2'], 'AB': ['idn_2', 'n2'], 'I': ['adn_2']}","[{'effects': {'A': ['idn_2'], 'B': ['n2'], 'I': ['adn_2']}, 'condition': 5, 'weight': 1.0, 'mse_increase': -0.00018576693398986155, 'mean_mse_increase': -0.00018570914645446752, 'centered_mse_increase': -5.7787535389312114e-08}, {'effects': {'A': ['idn_2'], 'I': ['adn_2']}, 'condition': 5, 'weight': 1.0, 'mse_increase': -2.5211991614305235e-06, 'mean_mse_increase': -4.545299431441344e-06, 'centered_mse_increase': 2.024100270008752e-06}, {'effects': {'A': ['idn_2'], 'AB': ['idn_2', 'n2'], 'I': ['adn_2']}, 'condition': 5, 'weight': 1.0, 'mse_increase': 1.091014215904261e-05, 'mean_mse_increase': 1.0918161962426495e-05, 'centered_mse_increase': -8.019803385429758e-09}, {'effects': {'A': ['idn_2'], 'AB': ['idn_2', 'n2']}, 'condition': 5, 'weight': 1.0, 'mse_increase': -4.958498889262586e-13, 'mean_mse_increase': -4.958065208393592e-13, 'centered_mse_increase': -4.39830328191268e-17}]",5,0.01301179583026706,0.11406925891872473,0.11406075509872285,0.11677341720592146,49.0,-0.11406075509872285,0.01300985585369083,1.9399765762270288e-06,0.001392830419048575,0.02447415945587328,0.19024941469492856,nan,0.20429415020408165,1.988647041010162e-06,0.5583579304878487,0.013798163113631348,0.01301179583026706,0.11406925891872473,0.11406075509872285,0.11677341720592146,-6542.039343803076,-0.11406075509872285,0.5583579304878487,-0.5583163051158379,0.001392830419048575,0.02447415945587328,0.11746558267693286,0.02891335215651279,0.005754740000000008,0.0018290673788384088,0.3178366666154172,1.0,0.00020676778184409018,"{'A': 'idn_2', 'I': 'adn_2', 'B': 'n2'}","{'A': ['parallel_a_ab_qss'], 'AB': ['parallel_a_ab_qss'], 'I': ['parallel_a_ab_qss']}",surface_parallel_qss,0.0,nan,nan,0.1810558243027122,['inhibition_ratio'],,
cvd:observation_baseline:total_power:full:not_applicable:none,59,"{'A': None, 'I': None, 'B': None}",{},deposition_rate,nm/s,condition_cv,inner_selection,{},"[{'effects': {}, 'condition': 1, 'weight': 1.0, 'mse_increase': -0.0008247875969970492, 'mean_mse_increase': -0.0008248714216435969, 'centered_mse_increase': 8.382464654735437e-08}]",1,0.0009119111527766061,0.030197866692476906,0.030192437137029488,0.032079514466675146,49.0,0.030192437137029488,0.0009115832602734773,3.2789250312899516e-07,0.0005726189860011586,0.20359765585001477,0.7940922682824074,nan,0.10921737265306122,4.1171714967634963e-07,0.27649325339846015,8.712355577955682e-05,0.0009119111527766061,0.030197866692476906,0.030192437137029488,0.032079514466675146,-2213.897177573143,0.030192437137029488,0.27649325339846015,0.27644354010362865,0.0005726189860011586,0.20359765585001477,0.009333999988191387,-2.235254631527831,0.0033476649999999997,0.00035343413263067003,0.10557631442532932,1.0,0.002811822179185325,"{'A': None, 'I': None, 'B': None}",{},observation_baseline,0.0,nan,nan,2.6895987855750434,[],,
cvd:observation_baseline:total_power:full:not_applicable:none,59,"{'A': None, 'I': None, 'B': None}",{},deposition_rate,nm/s,condition_cv,inner_selection,{},"[{'effects': {}, 'condition': 2, 'weight': 1.0, 'mse_increase': 3.0025488606207507e-05, 'mean_mse_increase': 3.0025264819748525e-05, 'centered_mse_increase': 2.2378645980969847e-10}]",2,0.0027212810635446304,0.05216589943195296,0.05216425856626413,0.05321848220393789,49.0,0.05216425856626413,0.0027211098717680607,1.7119177656985507e-07,0.0004137532798297254,0.0013055200814582335,0.8602005605913265,nan,0.07686286373469386,1.7141556302966477e-07,0.6786879501655447,0.0027513065521508413,0.0027212810635446304,0.05216589943195296,0.05216425856626413,0.05321848220393789,-15874.344195402444,0.05216425856626413,0.6786879501655447,0.6786666022010127,0.0004137532798297254,0.0013055200814582335,0.05245289841515759,0.005471556231899092,0.0019401760000000018,1.2078572462492776e-06,0.0006225503491689808,1.0,0.0030135475156286523,"{'A': None, 'I': None, 'B': None}",{},observation_baseline,0.0,nan,nan,0.01,['common_total_order'],,
cvd:observation_baseline:total_power:full:not_applicable:none,59,"{'A': None, 'I': None, 'B': None}",{},deposition_rate,nm/s,condition_cv,inner_selection,{},"[{'effects': {}, 'condition': 4, 'weight': 1.0, 'mse_increase': -0.003684074329320276, 'mean_mse_increase': -0.0036841365348347405, 'centered_mse_increase': 6.220551446409963e-08}]",4,0.006786071570813965,0.08237761571454934,0.0823768827962742,0.08367020760892474,49.0,0.0823768827962742,0.006785950819231096,1.2075158286990433e-07,0.0003474932846400119,0.3400005540672636,0.7399896428727807,nan,0.07443086153061225,1.8295709733400396e-07,1.1067669246401066,0.0031019972414936927,0.006786071570813965,0.08237761571454934,0.0823768827962742,0.08367020760892474,-37090.05396674176,0.0823768827962742,1.1067669246401066,1.106757077672598,0.0003474932846400119,0.3400005540672636,0.05569557649844099,-0.4790692707320341,0.0023843499999999934,0.0004767933998926499,0.19996787379900233,1.0,0.001507606117056152,"{'A': None, 'I': None, 'B': None}",{},observation_baseline,0.0,nan,nan,3.219678444251379,[],,
cvd:observation_baseline:total_power:full:not_applicable:none,59,"{'A': None, 'I': None, 'B': None}",{},deposition_rate,nm/s,condition_cv,inner_selection,{},"[{'effects': {}, 'condition': 5, 'weight': 1.0, 'mse_increase': 0.0011528116189126227, 'mean_mse_increase': 0.001152768962369731, 'centered_mse_increase': 4.265654288973033e-08}]",5,0.012645351494718729,0.11245155176661072,0.11244289886080228,0.11530749994822699,49.0,-0.11244289886080228,0.01264340550422061,1.9459904981204317e-06,0.0013949876336801096,0.02145003211231611,0.8559832475827763,nan,0.20429415020408165,1.988647041010162e-06,0.5504394112816061,0.013798163113631348,0.012645351494718729,0.11245155176661072,0.11244289886080228,0.11530749994822699,-6357.7711815845105,-0.11244289886080228,0.5504394112816061,-0.5503970561490691,0.0013949876336801096,0.02145003211231611,0.11746558267693286,0.042685106531266226,0.005754740000000008,6.970340092041227e-05,0.012112345808917896,1.0,0.0002019331259539432,"{'A': None, 'I': None, 'B': None}",{},observation_baseline,0.0,nan,nan,0.8058421877614819,[],,
