equation_family,model_id,role_A,role_I,role_B,optimizer,loss,trial,objective,best_objective,best_error,best_error_name
aib_qss,"cvd:aib_qss:AIB:full:bulk_as_surface:A=idn_2,I=n2,B=adn_2",idn_2,n2,adn_2,pattern,mse,1,2.7627876620548258e-05,2.7627876620548258e-05,0.005256222657055945,training_rmse_nm_s
aib_qss,"cvd:aib_qss:AIB:full:bulk_as_surface:A=idn_2,I=n2,B=adn_2",idn_2,n2,adn_2,pattern,mse,2,2.762787662038427e-05,2.762787662038427e-05,0.005256222657040345,training_rmse_nm_s
aib_qss,"cvd:aib_qss:AIB:full:bulk_as_surface:A=idn_2,I=n2,B=adn_2",idn_2,n2,adn_2,pattern,mse,3,2.7627874980294028e-05,2.7627874980294028e-05,0.0052562225010261915,training_rmse_nm_s
aib_qss,"cvd:aib_qss:AIB:full:bulk_as_surface:A=idn_2,I=n2,B=adn_2",idn_2,n2,adn_2,pattern,mse,4,2.7611537277524886e-05,2.7611537277524886e-05,0.0052546681415218685,training_rmse_nm_s
aib_qss,"cvd:aib_qss:AIB:full:bulk_as_surface:A=idn_2,I=n2,B=adn_2",idn_2,n2,adn_2,pattern,mse,5,0.0004909760565018846,2.7611537277524886e-05,0.0052546681415218685,training_rmse_nm_s
aib_qss,"cvd:aib_qss:AIB:full:bulk_as_surface:A=idn_2,I=n2,B=adn_2",idn_2,n2,adn_2,pattern,mse,6,2.760594043628206e-05,2.760594043628206e-05,0.005254135555567829,training_rmse_nm_s
aib_qss,"cvd:aib_qss:AIB:full:bulk_as_surface:A=idn_2,I=n2,B=adn_2",idn_2,n2,adn_2,pattern,mse,7,2.7605938936670053e-05,2.7605938936670053e-05,0.005254135412860051,training_rmse_nm_s
aib_qss,"cvd:aib_qss:AIB:full:bulk_as_surface:A=idn_2,I=n2,B=adn_2",idn_2,n2,adn_2,pattern,mse,8,2.7591003707159888e-05,2.7591003707159888e-05,0.0052527139373051614,training_rmse_nm_s
aib_qss,"cvd:aib_qss:AIB:full:bulk_as_surface:A=idn_2,I=n2,B=adn_2",idn_2,n2,adn_2,pattern,mse,9,0.0009697684980082181,2.7591003707159888e-05,0.0052527139373051614,training_rmse_nm_s
aib_qss,"cvd:aib_qss:AIB:full:bulk_as_surface:A=idn_2,I=n2,B=adn_2",idn_2,n2,adn_2,pattern,mse,10,0.002770056872547765,2.7591003707159888e-05,0.0052527139373051614,training_rmse_nm_s
aib_qss,"cvd:aib_qss:AIB:full:bulk_as_surface:A=idn_2,I=n2,B=adn_2",idn_2,n2,adn_2,pattern,mse,11,0.000849492538454925,2.7591003707159888e-05,0.0052527139373051614,training_rmse_nm_s
aib_qss,"cvd:aib_qss:AIB:full:bulk_as_surface:A=idn_2,I=n2,B=adn_2",idn_2,n2,adn_2,pattern,mse,12,0.0008495715607676614,2.7591003707159888e-05,0.0052527139373051614,training_rmse_nm_s
aib_qss,"cvd:aib_qss:AIB:full:bulk_as_surface:A=idn_2,I=n2,B=adn_2",idn_2,n2,adn_2,pattern,mse,13,0.001424718570541553,2.7591003707159888e-05,0.0052527139373051614,training_rmse_nm_s
aib_qss,"cvd:aib_qss:AIB:full:bulk_as_surface:A=idn_2,I=n2,B=adn_2",idn_2,n2,adn_2,pattern,mse,14,0.002770387439458041,2.7591003707159888e-05,0.0052527139373051614,training_rmse_nm_s
aib_qss,"cvd:aib_qss:AIB:full:bulk_as_surface:A=idn_2,I=n2,B=adn_2",idn_2,n2,adn_2,pattern,mse,15,0.0027708157908366404,2.7591003707159888e-05,0.0052527139373051614,training_rmse_nm_s
aib_qss,"cvd:aib_qss:AIB:full:bulk_as_surface:A=idn_2,I=n2,B=adn_2",idn_2,n2,adn_2,pattern,mse,16,0.0025035369236052073,2.7591003707159888e-05,0.0052527139373051614,training_rmse_nm_s
aib_qss,"cvd:aib_qss:AIB:full:bulk_as_surface:A=idn_2,I=n2,B=adn_2",idn_2,n2,adn_2,pattern,mse,17,0.002503548408650582,2.7591003707159888e-05,0.0052527139373051614,training_rmse_nm_s
aib_qss,"cvd:aib_qss:AIB:full:bulk_as_surface:A=idn_2,I=n2,B=adn_2",idn_2,n2,adn_2,pattern,mse,18,0.0025940549845693875,2.7591003707159888e-05,0.0052527139373051614,training_rmse_nm_s
aib_qss,"cvd:aib_qss:AIB:full:bulk_as_surface:A=idn_2,I=n2,B=adn_2",idn_2,n2,adn_2,pattern,mse,19,0.002770769461604563,2.7591003707159888e-05,0.0052527139373051614,training_rmse_nm_s
aib_qss,"cvd:aib_qss:AIB:full:bulk_as_surface:A=idn_2,I=n2,B=adn_2",idn_2,n2,adn_2,pattern,mse,20,0.002770815866744143,2.7591003707159888e-05,0.0052527139373051614,training_rmse_nm_s
aib_qss,"cvd:aib_qss:AIB:full:bulk_as_surface:A=idn_2,I=n2,B=adn_2",idn_2,n2,adn_2,pattern,mse,21,0.002503901931413265,2.7591003707159888e-05,0.0052527139373051614,training_rmse_nm_s
aib_qss,"cvd:aib_qss:AIB:full:bulk_as_surface:A=idn_2,I=n2,B=adn_2",idn_2,n2,adn_2,pattern,mse,22,0.0025039133789497214,2.7591003707159888e-05,0.0052527139373051614,training_rmse_nm_s
aib_qss,"cvd:aib_qss:AIB:full:bulk_as_surface:A=idn_2,I=n2,B=adn_2",idn_2,n2,adn_2,pattern,mse,23,0.0025942376550956987,2.7591003707159888e-05,0.0052527139373051614,training_rmse_nm_s
aib_qss,"cvd:aib_qss:AIB:full:bulk_as_surface:A=idn_2,I=n2,B=adn_2",idn_2,n2,adn_2,pattern,mse,24,0.0027707694998107624,2.7591003707159888e-05,0.0052527139373051614,training_rmse_nm_s
aib_qss,"cvd:aib_qss:AIB:full:bulk_as_surface:A=idn_2,I=n2,B=adn_2",idn_2,n2,adn_2,pattern,mse,25,0.0027708158667517327,2.7591003707159888e-05,0.0052527139373051614,training_rmse_nm_s
aib_qss,"cvd:aib_qss:AIB:full:bulk_as_surface:A=idn_2,I=n2,B=adn_2",idn_2,n2,adn_2,pattern,mse,26,2.76192577868413e-05,2.7591003707159888e-05,0.0052527139373051614,training_rmse_nm_s
aib_qss,"cvd:aib_qss:AIB:full:bulk_as_surface:A=idn_2,I=n2,B=adn_2",idn_2,n2,adn_2,pattern,mse,27,2.7619257658091688e-05,2.7591003707159888e-05,0.0052527139373051614,training_rmse_nm_s
aib_qss,"cvd:aib_qss:AIB:full:bulk_as_surface:A=idn_2,I=n2,B=adn_2",idn_2,n2,adn_2,pattern,mse,28,2.7617970381493526e-05,2.7591003707159888e-05,0.0052527139373051614,training_rmse_nm_s
aib_qss,"cvd:aib_qss:AIB:full:bulk_as_surface:A=idn_2,I=n2,B=adn_2",idn_2,n2,adn_2,pattern,mse,29,2.3554027887750003e-05,2.3554027887750003e-05,0.004853249209318434,training_rmse_nm_s
aib_qss,"cvd:aib_qss:AIB:full:bulk_as_surface:A=idn_2,I=n2,B=adn_2",idn_2,n2,adn_2,pattern,mse,30,2.4694888999869943e-05,2.3554027887750003e-05,0.004853249209318434,training_rmse_nm_s
aib_qss,"cvd:aib_qss:AIB:full:bulk_as_surface:A=idn_2,I=n2,B=adn_2",idn_2,n2,adn_2,pattern,mse,31,2.7597320345020974e-05,2.3554027887750003e-05,0.004853249209318434,training_rmse_nm_s
aib_qss,"cvd:aib_qss:AIB:full:bulk_as_surface:A=idn_2,I=n2,B=adn_2",idn_2,n2,adn_2,pattern,mse,32,2.759731871672421e-05,2.3554027887750003e-05,0.004853249209318434,training_rmse_nm_s
aib_qss,"cvd:aib_qss:AIB:full:bulk_as_surface:A=idn_2,I=n2,B=adn_2",idn_2,n2,adn_2,pattern,mse,33,2.7581098864261706e-05,2.3554027887750003e-05,0.004853249209318434,training_rmse_nm_s
aib_qss,"cvd:aib_qss:AIB:full:bulk_as_surface:A=idn_2,I=n2,B=adn_2",idn_2,n2,adn_2,pattern,mse,34,0.0004909865140925691,2.3554027887750003e-05,0.004853249209318434,training_rmse_nm_s
aib_qss,"cvd:aib_qss:AIB:full:bulk_as_surface:A=idn_2,I=n2,B=adn_2",idn_2,n2,adn_2,pattern,mse,35,0.0009782076887202835,2.3554027887750003e-05,0.004853249209318434,training_rmse_nm_s
aib_qss,"cvd:aib_qss:AIB:full:bulk_as_surface:A=idn_2,I=n2,B=adn_2",idn_2,n2,adn_2,pattern,mse,36,0.0008494119151328351,2.3554027887750003e-05,0.004853249209318434,training_rmse_nm_s
aib_qss,"cvd:aib_qss:AIB:full:bulk_as_surface:A=idn_2,I=n2,B=adn_2",idn_2,n2,adn_2,pattern,mse,37,0.0008494909280217229,2.3554027887750003e-05,0.004853249209318434,training_rmse_nm_s
aib_qss,"cvd:aib_qss:AIB:full:bulk_as_surface:A=idn_2,I=n2,B=adn_2",idn_2,n2,adn_2,pattern,mse,38,0.001424562363381723,2.3554027887750003e-05,0.004853249209318434,training_rmse_nm_s
aib_qss,"cvd:aib_qss:AIB:full:bulk_as_surface:A=idn_2,I=n2,B=adn_2",idn_2,n2,adn_2,pattern,mse,39,0.0027700105497721625,2.3554027887750003e-05,0.004853249209318434,training_rmse_nm_s
aib_qss,"cvd:aib_qss:AIB:full:bulk_as_surface:A=idn_2,I=n2,B=adn_2",idn_2,n2,adn_2,pattern,mse,40,0.0027704388226102114,2.3554027887750003e-05,0.004853249209318434,training_rmse_nm_s
aib_qss,"cvd:aib_qss:AIB:full:bulk_as_surface:A=idn_2,I=n2,B=adn_2",idn_2,n2,adn_2,pattern,mse,41,0.002503536886104695,2.3554027887750003e-05,0.004853249209318434,training_rmse_nm_s
aib_qss,"cvd:aib_qss:AIB:full:bulk_as_surface:A=idn_2,I=n2,B=adn_2",idn_2,n2,adn_2,pattern,mse,42,0.0025035483711500616,2.3554027887750003e-05,0.004853249209318434,training_rmse_nm_s
aib_qss,"cvd:aib_qss:AIB:full:bulk_as_surface:A=idn_2,I=n2,B=adn_2",idn_2,n2,adn_2,pattern,mse,43,0.0025940549469951834,2.3554027887750003e-05,0.004853249209318434,training_rmse_nm_s
aib_qss,"cvd:aib_qss:AIB:full:bulk_as_surface:A=idn_2,I=n2,B=adn_2",idn_2,n2,adn_2,pattern,mse,44,0.0027707694239039087,2.3554027887750003e-05,0.004853249209318434,training_rmse_nm_s
aib_qss,"cvd:aib_qss:AIB:full:bulk_as_surface:A=idn_2,I=n2,B=adn_2",idn_2,n2,adn_2,pattern,mse,45,0.00277081582904346,2.3554027887750003e-05,0.004853249209318434,training_rmse_nm_s
aib_qss,"cvd:aib_qss:AIB:full:bulk_as_surface:A=idn_2,I=n2,B=adn_2",idn_2,n2,adn_2,pattern,mse,46,0.002503901931409514,2.3554027887750003e-05,0.004853249209318434,training_rmse_nm_s
aib_qss,"cvd:aib_qss:AIB:full:bulk_as_surface:A=idn_2,I=n2,B=adn_2",idn_2,n2,adn_2,pattern,mse,47,0.002503913378945971,2.3554027887750003e-05,0.004853249209318434,training_rmse_nm_s
aib_qss,"cvd:aib_qss:AIB:full:bulk_as_surface:A=idn_2,I=n2,B=adn_2",idn_2,n2,adn_2,pattern,mse,48,0.0025942376550919413,2.3554027887750003e-05,0.004853249209318434,training_rmse_nm_s
aib_qss,"cvd:aib_qss:AIB:full:bulk_as_surface:A=idn_2,I=n2,B=adn_2",idn_2,n2,adn_2,pattern,mse,49,0.002770769499806993,2.3554027887750003e-05,0.004853249209318434,training_rmse_nm_s
aib_qss,"cvd:aib_qss:AIB:full:bulk_as_surface:A=idn_2,I=n2,B=adn_2",idn_2,n2,adn_2,pattern,mse,50,0.0027708158667479623,2.3554027887750003e-05,0.004853249209318434,training_rmse_nm_s
aib_qss,"cvd:aib_qss:AIB:full:bulk_as_surface:A=idn_2,I=n2,B=adn_2",idn_2,n2,adn_2,pattern,mse,51,8.004154583002957e-06,8.004154583002957e-06,0.0028291614628725165,training_rmse_nm_s
aib_qss,"cvd:aib_qss:AIB:full:bulk_as_surface:A=idn_2,I=n2,B=adn_2",idn_2,n2,adn_2,pattern,mse,52,8.004007964344873e-06,8.004007964344873e-06,0.0028291355507194904,training_rmse_nm_s
aib_qss,"cvd:aib_qss:AIB:full:bulk_as_surface:A=idn_2,I=n2,B=adn_2",idn_2,n2,adn_2,pattern,mse,53,8.945583036165713e-06,8.004007964344873e-06,0.0028291355507194904,training_rmse_nm_s
aib_qss,"cvd:aib_qss:AIB:full:bulk_as_surface:A=idn_2,I=n2,B=adn_2",idn_2,n2,adn_2,pattern,mse,54,2.4700375463149436e-05,8.004007964344873e-06,0.0028291355507194904,training_rmse_nm_s
aib_qss,"cvd:aib_qss:AIB:full:bulk_as_surface:A=idn_2,I=n2,B=adn_2",idn_2,n2,adn_2,pattern,mse,55,2.4708428059171217e-05,8.004007964344873e-06,0.0028291355507194904,training_rmse_nm_s
aib_qss,"cvd:aib_qss:AIB:full:bulk_as_surface:A=idn_2,I=n2,B=adn_2",idn_2,n2,adn_2,pattern,mse,56,7.984657746999057e-06,7.984657746999057e-06,0.002825713670384715,training_rmse_nm_s
aib_qss,"cvd:aib_qss:AIB:full:bulk_as_surface:A=idn_2,I=n2,B=adn_2",idn_2,n2,adn_2,pattern,mse,57,7.98451061955517e-06,7.98451061955517e-06,0.0028256876365860347,training_rmse_nm_s
aib_qss,"cvd:aib_qss:AIB:full:bulk_as_surface:A=idn_2,I=n2,B=adn_2",idn_2,n2,adn_2,pattern,mse,58,8.924412324491046e-06,7.98451061955517e-06,0.0028256876365860347,training_rmse_nm_s
aib_qss,"cvd:aib_qss:AIB:full:bulk_as_surface:A=idn_2,I=n2,B=adn_2",idn_2,n2,adn_2,pattern,mse,59,2.46876298949406e-05,7.98451061955517e-06,0.0028256876365860347,training_rmse_nm_s
aib_qss,"cvd:aib_qss:AIB:full:bulk_as_surface:A=idn_2,I=n2,B=adn_2",idn_2,n2,adn_2,pattern,mse,60,2.4695687680978978e-05,7.98451061955517e-06,0.0028256876365860347,training_rmse_nm_s
aib_qss,"cvd:aib_qss:AIB:full:bulk_as_surface:A=idn_2,I=n2,B=adn_2",idn_2,n2,adn_2,pattern,mse,61,0.0003772817725747321,7.98451061955517e-06,0.0028256876365860347,training_rmse_nm_s
aib_qss,"cvd:aib_qss:AIB:full:bulk_as_surface:A=idn_2,I=n2,B=adn_2",idn_2,n2,adn_2,pattern,mse,62,0.00037731099317716145,7.98451061955517e-06,0.0028256876365860347,training_rmse_nm_s
aib_qss,"cvd:aib_qss:AIB:full:bulk_as_surface:A=idn_2,I=n2,B=adn_2",idn_2,n2,adn_2,pattern,mse,63,0.0005775096861324616,7.98451061955517e-06,0.0028256876365860347,training_rmse_nm_s
aib_qss,"cvd:aib_qss:AIB:full:bulk_as_surface:A=idn_2,I=n2,B=adn_2",idn_2,n2,adn_2,pattern,mse,64,0.000978171889531002,7.98451061955517e-06,0.0028256876365860347,training_rmse_nm_s
aib_qss,"cvd:aib_qss:AIB:full:bulk_as_surface:A=idn_2,I=n2,B=adn_2",idn_2,n2,adn_2,pattern,mse,65,0.0009782884661040231,7.98451061955517e-06,0.0028256876365860347,training_rmse_nm_s
aib_qss,"cvd:aib_qss:AIB:full:bulk_as_surface:A=idn_2,I=n2,B=adn_2",idn_2,n2,adn_2,pattern,mse,66,0.002503161921820617,7.98451061955517e-06,0.0028256876365860347,training_rmse_nm_s
aib_qss,"cvd:aib_qss:AIB:full:bulk_as_surface:A=idn_2,I=n2,B=adn_2",idn_2,n2,adn_2,pattern,mse,67,0.002503173406781552,7.98451061955517e-06,0.0028256876365860347,training_rmse_nm_s
aib_qss,"cvd:aib_qss:AIB:full:bulk_as_surface:A=idn_2,I=n2,B=adn_2",idn_2,n2,adn_2,pattern,mse,68,0.0025936792448422777,7.98451061955517e-06,0.0028256876365860347,training_rmse_nm_s
aib_qss,"cvd:aib_qss:AIB:full:bulk_as_surface:A=idn_2,I=n2,B=adn_2",idn_2,n2,adn_2,pattern,mse,69,0.0027703924559530097,7.98451061955517e-06,0.0028256876365860347,training_rmse_nm_s
aib_qss,"cvd:aib_qss:AIB:full:bulk_as_surface:A=idn_2,I=n2,B=adn_2",idn_2,n2,adn_2,pattern,mse,70,0.002770438860809201,7.98451061955517e-06,0.0028256876365860347,training_rmse_nm_s
aib_qss,"cvd:aib_qss:AIB:full:bulk_as_surface:A=idn_2,I=n2,B=adn_2",idn_2,n2,adn_2,pattern,mse,71,0.0025039018939008936,7.98451061955517e-06,0.0028256876365860347,training_rmse_nm_s
aib_qss,"cvd:aib_qss:AIB:full:bulk_as_surface:A=idn_2,I=n2,B=adn_2",idn_2,n2,adn_2,pattern,mse,72,0.0025039133414373428,7.98451061955517e-06,0.0028256876365860347,training_rmse_nm_s
aib_qss,"cvd:aib_qss:AIB:full:bulk_as_surface:A=idn_2,I=n2,B=adn_2",idn_2,n2,adn_2,pattern,mse,73,0.0025942376175137824,7.98451061955517e-06,0.0028256876365860347,training_rmse_nm_s
aib_qss,"cvd:aib_qss:AIB:full:bulk_as_surface:A=idn_2,I=n2,B=adn_2",idn_2,n2,adn_2,pattern,mse,74,0.0027707694621063378,7.98451061955517e-06,0.0028256876365860347,training_rmse_nm_s
aib_qss,"cvd:aib_qss:AIB:full:bulk_as_surface:A=idn_2,I=n2,B=adn_2",idn_2,n2,adn_2,pattern,mse,75,0.0027708158290472803,7.98451061955517e-06,0.0028256876365860347,training_rmse_nm_s
aib_qss,"cvd:aib_qss:AIB:full:bulk_as_surface:A=idn_2,I=n2,B=adn_2",idn_2,n2,adn_2,pattern,mse,76,2.310352959155421e-05,7.98451061955517e-06,0.0028256876365860347,training_rmse_nm_s
aib_qss,"cvd:aib_qss:AIB:full:bulk_as_surface:A=idn_2,I=n2,B=adn_2",idn_2,n2,adn_2,pattern,mse,77,2.3098861910571416e-05,7.98451061955517e-06,0.0028256876365860347,training_rmse_nm_s
aib_qss,"cvd:aib_qss:AIB:full:bulk_as_surface:A=idn_2,I=n2,B=adn_2",idn_2,n2,adn_2,pattern,mse,78,9.400394333791245e-06,7.98451061955517e-06,0.0028256876365860347,training_rmse_nm_s
aib_qss,"cvd:aib_qss:AIB:full:bulk_as_surface:A=idn_2,I=n2,B=adn_2",idn_2,n2,adn_2,pattern,mse,79,2.4701176017612164e-05,7.98451061955517e-06,0.0028256876365860347,training_rmse_nm_s
aib_qss,"cvd:aib_qss:AIB:full:bulk_as_surface:A=idn_2,I=n2,B=adn_2",idn_2,n2,adn_2,pattern,mse,80,2.470842941930993e-05,7.98451061955517e-06,0.0028256876365860347,training_rmse_nm_s
aib_qss,"cvd:aib_qss:AIB:full:bulk_as_surface:A=idn_2,I=n2,B=adn_2",idn_2,n2,adn_2,pattern,mse,81,2.3103524149032166e-05,7.98451061955517e-06,0.0028256876365860347,training_rmse_nm_s
aib_qss,"cvd:aib_qss:AIB:full:bulk_as_surface:A=idn_2,I=n2,B=adn_2",idn_2,n2,adn_2,pattern,mse,82,2.3098856468278305e-05,7.98451061955517e-06,0.0028256876365860347,training_rmse_nm_s
aib_qss,"cvd:aib_qss:AIB:full:bulk_as_surface:A=idn_2,I=n2,B=adn_2",idn_2,n2,adn_2,pattern,mse,83,9.400390442368329e-06,7.98451061955517e-06,0.0028256876365860347,training_rmse_nm_s
aib_qss,"cvd:aib_qss:AIB:full:bulk_as_surface:A=idn_2,I=n2,B=adn_2",idn_2,n2,adn_2,pattern,mse,84,2.4701174736842393e-05,7.98451061955517e-06,0.0028256876365860347,training_rmse_nm_s
aib_qss,"cvd:aib_qss:AIB:full:bulk_as_surface:A=idn_2,I=n2,B=adn_2",idn_2,n2,adn_2,pattern,mse,85,2.4708428139198845e-05,7.98451061955517e-06,0.0028256876365860347,training_rmse_nm_s
aib_qss,"cvd:aib_qss:AIB:full:bulk_as_surface:A=idn_2,I=n2,B=adn_2",idn_2,n2,adn_2,pattern,mse,86,2.3049162673451667e-05,7.98451061955517e-06,0.0028256876365860347,training_rmse_nm_s
aib_qss,"cvd:aib_qss:AIB:full:bulk_as_surface:A=idn_2,I=n2,B=adn_2",idn_2,n2,adn_2,pattern,mse,87,2.3044497281865386e-05,7.98451061955517e-06,0.0028256876365860347,training_rmse_nm_s
aib_qss,"cvd:aib_qss:AIB:full:bulk_as_surface:A=idn_2,I=n2,B=adn_2",idn_2,n2,adn_2,pattern,mse,88,9.36153903891593e-06,7.98451061955517e-06,0.0028256876365860347,training_rmse_nm_s
aib_qss,"cvd:aib_qss:AIB:full:bulk_as_surface:A=idn_2,I=n2,B=adn_2",idn_2,n2,adn_2,pattern,mse,89,2.4688427772219287e-05,7.98451061955517e-06,0.0028256876365860347,training_rmse_nm_s
aib_qss,"cvd:aib_qss:AIB:full:bulk_as_surface:A=idn_2,I=n2,B=adn_2",idn_2,n2,adn_2,pattern,mse,90,2.469568776086706e-05,7.98451061955517e-06,0.0028256876365860347,training_rmse_nm_s
aib_qss,"cvd:aib_qss:AIB:full:bulk_as_surface:A=idn_2,I=n2,B=adn_2",idn_2,n2,adn_2,pattern,mse,91,0.0007862688191264609,7.98451061955517e-06,0.0028256876365860347,training_rmse_nm_s
aib_qss,"cvd:aib_qss:AIB:full:bulk_as_surface:A=idn_2,I=n2,B=adn_2",idn_2,n2,adn_2,pattern,mse,92,0.0007862755332743685,7.98451061955517e-06,0.0028256876365860347,training_rmse_nm_s
aib_qss,"cvd:aib_qss:AIB:full:bulk_as_surface:A=idn_2,I=n2,B=adn_2",idn_2,n2,adn_2,pattern,mse,93,0.0008464693515361887,7.98451061955517e-06,0.0028256876365860347,training_rmse_nm_s
aib_qss,"cvd:aib_qss:AIB:full:bulk_as_surface:A=idn_2,I=n2,B=adn_2",idn_2,n2,adn_2,pattern,mse,94,0.0009782526558453953,7.98451061955517e-06,0.0028256876365860347,training_rmse_nm_s
aib_qss,"cvd:aib_qss:AIB:full:bulk_as_surface:A=idn_2,I=n2,B=adn_2",idn_2,n2,adn_2,pattern,mse,95,0.0009782884741822621,7.98451061955517e-06,0.0028256876365860347,training_rmse_nm_s
aib_qss,"cvd:aib_qss:AIB:full:bulk_as_surface:A=idn_2,I=n2,B=adn_2",idn_2,n2,adn_2,pattern,mse,96,0.002503526848545732,7.98451061955517e-06,0.0028256876365860347,training_rmse_nm_s
aib_qss,"cvd:aib_qss:AIB:full:bulk_as_surface:A=idn_2,I=n2,B=adn_2",idn_2,n2,adn_2,pattern,mse,97,0.0025035382960063245,7.98451061955517e-06,0.0028256876365860347,training_rmse_nm_s
aib_qss,"cvd:aib_qss:AIB:full:bulk_as_surface:A=idn_2,I=n2,B=adn_2",idn_2,n2,adn_2,pattern,mse,98,0.002593861875819032,7.98451061955517e-06,0.0028256876365860347,training_rmse_nm_s
aib_qss,"cvd:aib_qss:AIB:full:bulk_as_surface:A=idn_2,I=n2,B=adn_2",idn_2,n2,adn_2,pattern,mse,99,0.002770392494147612,7.98451061955517e-06,0.0028256876365860347,training_rmse_nm_s
aib_qss,"cvd:aib_qss:AIB:full:bulk_as_surface:A=idn_2,I=n2,B=adn_2",idn_2,n2,adn_2,pattern,mse,100,0.0027704388608130208,7.98451061955517e-06,0.0028256876365860347,training_rmse_nm_s
aib_qss,"cvd:aib_qss:AIB:full:bulk_as_surface:A=idn_2,I=n2,B=adn_2",idn_2,n2,adn_2,pattern,mse,101,2.3109111318216362e-05,7.98451061955517e-06,0.0028256876365860347,training_rmse_nm_s
aib_qss,"cvd:aib_qss:AIB:full:bulk_as_surface:A=idn_2,I=n2,B=adn_2",idn_2,n2,adn_2,pattern,mse,102,2.3104441970649272e-05,7.98451061955517e-06,0.0028256876365860347,training_rmse_nm_s
aib_qss,"cvd:aib_qss:AIB:full:bulk_as_surface:A=idn_2,I=n2,B=adn_2",idn_2,n2,adn_2,pattern,mse,103,9.400914277611559e-06,7.98451061955517e-06,0.0028256876365860347,training_rmse_nm_s
aib_qss,"cvd:aib_qss:AIB:full:bulk_as_surface:A=idn_2,I=n2,B=adn_2",idn_2,n2,adn_2,pattern,mse,104,2.470117609768761e-05,7.98451061955517e-06,0.0028256876365860347,training_rmse_nm_s
aib_qss,"cvd:aib_qss:AIB:full:bulk_as_surface:A=idn_2,I=n2,B=adn_2",idn_2,n2,adn_2,pattern,mse,105,2.470842941944596e-05,7.98451061955517e-06,0.0028256876365860347,training_rmse_nm_s
aib_qss,"cvd:aib_qss:AIB:full:bulk_as_surface:A=idn_2,I=n2,B=adn_2",idn_2,n2,adn_2,pattern,mse,106,2.3109111317672004e-05,7.98451061955517e-06,0.0028256876365860347,training_rmse_nm_s
aib_qss,"cvd:aib_qss:AIB:full:bulk_as_surface:A=idn_2,I=n2,B=adn_2",idn_2,n2,adn_2,pattern,mse,107,2.3104441970104955e-05,7.98451061955517e-06,0.0028256876365860347,training_rmse_nm_s
aib_qss,"cvd:aib_qss:AIB:full:bulk_as_surface:A=idn_2,I=n2,B=adn_2",idn_2,n2,adn_2,pattern,mse,108,9.400914277222388e-06,7.98451061955517e-06,0.0028256876365860347,training_rmse_nm_s
aib_qss,"cvd:aib_qss:AIB:full:bulk_as_surface:A=idn_2,I=n2,B=adn_2",idn_2,n2,adn_2,pattern,mse,109,2.470117609755954e-05,7.98451061955517e-06,0.0028256876365860347,training_rmse_nm_s
aib_qss,"cvd:aib_qss:AIB:full:bulk_as_surface:A=idn_2,I=n2,B=adn_2",idn_2,n2,adn_2,pattern,mse,110,2.4708429419317946e-05,7.98451061955517e-06,0.0028256876365860347,training_rmse_nm_s
aib_qss,"cvd:aib_qss:AIB:full:bulk_as_surface:A=idn_2,I=n2,B=adn_2",idn_2,n2,adn_2,pattern,mse,111,2.3109105874318127e-05,7.98451061955517e-06,0.0028256876365860347,training_rmse_nm_s
aib_qss,"cvd:aib_qss:AIB:full:bulk_as_surface:A=idn_2,I=n2,B=adn_2",idn_2,n2,adn_2,pattern,mse,112,2.310443652698011e-05,7.98451061955517e-06,0.0028256876365860347,training_rmse_nm_s
aib_qss,"cvd:aib_qss:AIB:full:bulk_as_surface:A=idn_2,I=n2,B=adn_2",idn_2,n2,adn_2,pattern,mse,113,9.400910385495168e-06,7.98451061955517e-06,0.0028256876365860347,training_rmse_nm_s
aib_qss,"cvd:aib_qss:AIB:full:bulk_as_surface:A=idn_2,I=n2,B=adn_2",idn_2,n2,adn_2,pattern,mse,114,2.4701174816789743e-05,7.98451061955517e-06,0.0028256876365860347,training_rmse_nm_s
aib_qss,"cvd:aib_qss:AIB:full:bulk_as_surface:A=idn_2,I=n2,B=adn_2",idn_2,n2,adn_2,pattern,mse,115,2.4708428139206862e-05,7.98451061955517e-06,0.0028256876365860347,training_rmse_nm_s
aib_qss,"cvd:aib_qss:AIB:full:bulk_as_surface:A=idn_2,I=n2,B=adn_2",idn_2,n2,adn_2,pattern,mse,116,2.3054736093647217e-05,7.98451061955517e-06,0.0028256876365860347,training_rmse_nm_s
aib_qss,"cvd:aib_qss:AIB:full:bulk_as_surface:A=idn_2,I=n2,B=adn_2",idn_2,n2,adn_2,pattern,mse,117,2.3050069036576234e-05,7.98451061955517e-06,0.0028256876365860347,training_rmse_nm_s
aib_qss,"cvd:aib_qss:AIB:full:bulk_as_surface:A=idn_2,I=n2,B=adn_2",idn_2,n2,adn_2,pattern,mse,118,9.36205594553733e-06,7.98451061955517e-06,0.0028256876365860347,training_rmse_nm_s
aib_qss,"cvd:aib_qss:AIB:full:bulk_as_surface:A=idn_2,I=n2,B=adn_2",idn_2,n2,adn_2,pattern,mse,119,2.468842785202695e-05,7.98451061955517e-06,0.0028256876365860347,training_rmse_nm_s
aib_qss,"cvd:aib_qss:AIB:full:bulk_as_surface:A=idn_2,I=n2,B=adn_2",idn_2,n2,adn_2,pattern,mse,120,2.4695687760875056e-05,7.98451061955517e-06,0.0028256876365860347,training_rmse_nm_s
aib_qss,"cvd:aib_qss:AIB:full:bulk_as_surface:A=idn_2,I=n2,B=adn_2",idn_2,n2,adn_2,pattern,mse,121,0.0007863382440962752,7.98451061955517e-06,0.0028256876365860347,training_rmse_nm_s
aib_qss,"cvd:aib_qss:AIB:full:bulk_as_surface:A=idn_2,I=n2,B=adn_2",idn_2,n2,adn_2,pattern,mse,122,0.0007863449511964812,7.98451061955517e-06,0.0028256876365860347,training_rmse_nm_s
aib_qss,"cvd:aib_qss:AIB:full:bulk_as_surface:A=idn_2,I=n2,B=adn_2",idn_2,n2,adn_2,pattern,mse,123,0.0008465050201094484,7.98451061955517e-06,0.0028256876365860347,training_rmse_nm_s
aib_qss,"cvd:aib_qss:AIB:full:bulk_as_surface:A=idn_2,I=n2,B=adn_2",idn_2,n2,adn_2,pattern,mse,124,0.0009782526639225276,7.98451061955517e-06,0.0028256876365860347,training_rmse_nm_s
aib_qss,"cvd:aib_qss:AIB:full:bulk_as_surface:A=idn_2,I=n2,B=adn_2",idn_2,n2,adn_2,pattern,mse,125,0.00097828847418307,7.98451061955517e-06,0.0028256876365860347,training_rmse_nm_s
aib_qss,"cvd:aib_qss:AIB:full:bulk_as_surface:A=idn_2,I=n2,B=adn_2",idn_2,n2,adn_2,pattern,mse,126,2.6784790948397577e-05,7.98451061955517e-06,0.0028256876365860347,training_rmse_nm_s
aib_qss,"cvd:aib_qss:AIB:full:bulk_as_surface:A=idn_2,I=n2,B=adn_2",idn_2,n2,adn_2,pattern,mse,127,2.678477931963341e-05,7.98451061955517e-06,0.0028256876365860347,training_rmse_nm_s
aib_qss,"cvd:aib_qss:AIB:full:bulk_as_surface:A=idn_2,I=n2,B=adn_2",idn_2,n2,adn_2,pattern,mse,128,2.678361664482223e-05,7.98451061955517e-06,0.0028256876365860347,training_rmse_nm_s
aib_qss,"cvd:aib_qss:AIB:full:bulk_as_surface:A=idn_2,I=n2,B=adn_2",idn_2,n2,adn_2,pattern,mse,129,2.6762952367560945e-05,7.98451061955517e-06,0.0028256876365860347,training_rmse_nm_s
aib_qss,"cvd:aib_qss:AIB:full:bulk_as_surface:A=idn_2,I=n2,B=adn_2",idn_2,n2,adn_2,pattern,mse,130,2.6762939260283444e-05,7.98451061955517e-06,0.0028256876365860347,training_rmse_nm_s
aib_qss,"cvd:aib_qss:AIB:full:bulk_as_surface:A=idn_2,I=n2,B=adn_2",idn_2,n2,adn_2,pattern,mse,131,2.676162876013164e-05,7.98451061955517e-06,0.0028256876365860347,training_rmse_nm_s
aib_qss,"cvd:aib_qss:AIB:full:bulk_as_surface:A=idn_2,I=n2,B=adn_2",idn_2,n2,adn_2,pattern,mse,132,2.51241705707079e-05,7.98451061955517e-06,0.0028256876365860347,training_rmse_nm_s
aib_qss,"cvd:aib_qss:AIB:full:bulk_as_surface:A=idn_2,I=n2,B=adn_2",idn_2,n2,adn_2,pattern,mse,133,2.5124117372730467e-05,7.98451061955517e-06,0.0028256876365860347,training_rmse_nm_s
aib_qss,"cvd:aib_qss:AIB:full:bulk_as_surface:A=idn_2,I=n2,B=adn_2",idn_2,n2,adn_2,pattern,mse,134,2.5118852355676368e-05,7.98451061955517e-06,0.0028256876365860347,training_rmse_nm_s
aib_qss,"cvd:aib_qss:AIB:full:bulk_as_surface:A=idn_2,I=n2,B=adn_2",idn_2,n2,adn_2,pattern,mse,135,8.003959942078212e-06,7.98451061955517e-06,0.0028256876365860347,training_rmse_nm_s
aib_qss,"cvd:aib_qss:AIB:full:bulk_as_surface:A=idn_2,I=n2,B=adn_2",idn_2,n2,adn_2,pattern,mse,136,8.003814770557681e-06,7.98451061955517e-06,0.0028256876365860347,training_rmse_nm_s
aib_qss,"cvd:aib_qss:AIB:full:bulk_as_surface:A=idn_2,I=n2,B=adn_2",idn_2,n2,adn_2,pattern,mse,137,7.9897686321944e-06,7.98451061955517e-06,0.0028256876365860347,training_rmse_nm_s
aib_qss,"cvd:aib_qss:AIB:full:bulk_as_surface:A=idn_2,I=n2,B=adn_2",idn_2,n2,adn_2,pattern,mse,138,7.984656289820776e-06,7.98451061955517e-06,0.0028256876365860347,training_rmse_nm_s
aib_qss,"cvd:aib_qss:AIB:full:bulk_as_surface:A=idn_2,I=n2,B=adn_2",idn_2,n2,adn_2,pattern,mse,139,7.98451061955517e-06,7.98451061955517e-06,0.0028256876365860347,training_rmse_nm_s
aib_qss,"cvd:aib_qss:AIB:full:bulk_as_surface:A=idn_2,I=n2,B=adn_2",idn_2,n2,adn_2,pattern,mse,140,7.970415213572807e-06,7.970415213572807e-06,0.0028231923798375494,training_rmse_nm_s
aib_qss,"cvd:aib_qss:AIB:full:bulk_as_surface:A=idn_2,I=n2,B=adn_2",idn_2,n2,adn_2,pattern,mse,141,6.204566507525395e-06,6.204566507525395e-06,0.00249089672759137,training_rmse_nm_s
aib_qss,"cvd:aib_qss:AIB:full:bulk_as_surface:A=idn_2,I=n2,B=adn_2",idn_2,n2,adn_2,pattern,mse,142,6.204385845134724e-06,6.204385845134724e-06,0.002490860462798895,training_rmse_nm_s
aib_qss,"cvd:aib_qss:AIB:full:bulk_as_surface:A=idn_2,I=n2,B=adn_2",idn_2,n2,adn_2,pattern,mse,143,6.186848099093083e-06,6.186848099093083e-06,0.002487337552302277,training_rmse_nm_s
aib_qss,"cvd:aib_qss:AIB:full:bulk_as_surface:A=idn_2,I=n2,B=adn_2",idn_2,n2,adn_2,pattern,mse,144,2.2560644537684117e-05,6.186848099093083e-06,0.002487337552302277,training_rmse_nm_s
aib_qss,"cvd:aib_qss:AIB:full:bulk_as_surface:A=idn_2,I=n2,B=adn_2",idn_2,n2,adn_2,pattern,mse,145,2.2556183188830186e-05,6.186848099093083e-06,0.002487337552302277,training_rmse_nm_s
aib_qss,"cvd:aib_qss:AIB:full:bulk_as_surface:A=idn_2,I=n2,B=adn_2",idn_2,n2,adn_2,pattern,mse,146,2.211739095017248e-05,6.186848099093083e-06,0.002487337552302277,training_rmse_nm_s
aib_qss,"cvd:aib_qss:AIB:full:bulk_as_surface:A=idn_2,I=n2,B=adn_2",idn_2,n2,adn_2,pattern,mse,147,2.2560113730224512e-05,6.186848099093083e-06,0.002487337552302277,training_rmse_nm_s
aib_qss,"cvd:aib_qss:AIB:full:bulk_as_surface:A=idn_2,I=n2,B=adn_2",idn_2,n2,adn_2,pattern,mse,148,2.2555652402766034e-05,6.186848099093083e-06,0.002487337552302277,training_rmse_nm_s
aib_qss,"cvd:aib_qss:AIB:full:bulk_as_surface:A=idn_2,I=n2,B=adn_2",idn_2,n2,adn_2,pattern,mse,149,2.211686229617398e-05,6.186848099093083e-06,0.002487337552302277,training_rmse_nm_s
aib_qss,"cvd:aib_qss:AIB:full:bulk_as_surface:A=idn_2,I=n2,B=adn_2",idn_2,n2,adn_2,pattern,mse,150,2.25070948284956e-05,6.186848099093083e-06,0.002487337552302277,training_rmse_nm_s
aib_qss,"cvd:aib_qss:AIB:full:bulk_as_surface:A=idn_2,I=n2,B=adn_2",idn_2,n2,adn_2,pattern,mse,151,2.2502635640607365e-05,6.186848099093083e-06,0.002487337552302277,training_rmse_nm_s
aib_qss,"cvd:aib_qss:AIB:full:bulk_as_surface:A=idn_2,I=n2,B=adn_2",idn_2,n2,adn_2,pattern,mse,152,2.2064058742774043e-05,6.186848099093083e-06,0.002487337552302277,training_rmse_nm_s
aib_qss,"cvd:aib_qss:AIB:full:bulk_as_surface:A=idn_2,I=n2,B=adn_2",idn_2,n2,adn_2,pattern,mse,153,2.0448688871554338e-05,6.186848099093083e-06,0.002487337552302277,training_rmse_nm_s
aib_qss,"cvd:aib_qss:AIB:full:bulk_as_surface:A=idn_2,I=n2,B=adn_2",idn_2,n2,adn_2,pattern,mse,154,2.0443326656012146e-05,6.186848099093083e-06,0.002487337552302277,training_rmse_nm_s
aib_qss,"cvd:aib_qss:AIB:full:bulk_as_surface:A=idn_2,I=n2,B=adn_2",idn_2,n2,adn_2,pattern,mse,155,2.039087948167635e-05,6.186848099093083e-06,0.002487337552302277,training_rmse_nm_s
aib_qss,"cvd:aib_qss:AIB:full:bulk_as_surface:A=idn_2,I=n2,B=adn_2",idn_2,n2,adn_2,pattern,mse,156,1.885826164150287e-05,6.186848099093083e-06,0.002487337552302277,training_rmse_nm_s
aib_qss,"cvd:aib_qss:AIB:full:bulk_as_surface:A=idn_2,I=n2,B=adn_2",idn_2,n2,adn_2,pattern,mse,157,1.8848307939039502e-05,6.186848099093083e-06,0.002487337552302277,training_rmse_nm_s
aib_qss,"cvd:aib_qss:AIB:full:bulk_as_surface:A=idn_2,I=n2,B=adn_2",idn_2,n2,adn_2,pattern,mse,158,1.87542867499904e-05,6.186848099093083e-06,0.002487337552302277,training_rmse_nm_s
aib_qss,"cvd:aib_qss:AIB:full:bulk_as_surface:A=idn_2,I=n2,B=adn_2",idn_2,n2,adn_2,pattern,mse,159,3.608760549239229e-05,6.186848099093083e-06,0.002487337552302277,training_rmse_nm_s
aib_qss,"cvd:aib_qss:AIB:full:bulk_as_surface:A=idn_2,I=n2,B=adn_2",idn_2,n2,adn_2,pattern,mse,160,3.651780813665694e-05,6.186848099093083e-06,0.002487337552302277,training_rmse_nm_s
aib_qss,"cvd:aib_qss:AIB:full:bulk_as_surface:A=idn_2,I=n2,B=adn_2",idn_2,n2,adn_2,pattern,mse,161,4.096130632958611e-05,6.186848099093083e-06,0.002487337552302277,training_rmse_nm_s
aib_qss,"cvd:aib_qss:AIB:full:bulk_as_surface:A=idn_2,I=n2,B=adn_2",idn_2,n2,adn_2,pattern,mse,162,7.809039732459841e-06,6.186848099093083e-06,0.002487337552302277,training_rmse_nm_s
aib_qss,"cvd:aib_qss:AIB:full:bulk_as_surface:A=idn_2,I=n2,B=adn_2",idn_2,n2,adn_2,pattern,mse,163,7.795870039232654e-06,6.186848099093083e-06,0.002487337552302277,training_rmse_nm_s
aib_qss,"cvd:aib_qss:AIB:full:bulk_as_surface:A=idn_2,I=n2,B=adn_2",idn_2,n2,adn_2,pattern,mse,164,7.703670386447354e-06,6.186848099093083e-06,0.002487337552302277,training_rmse_nm_s
aib_qss,"cvd:aib_qss:AIB:full:bulk_as_surface:A=idn_2,I=n2,B=adn_2",idn_2,n2,adn_2,pattern,mse,165,6.202748296414707e-06,6.186848099093083e-06,0.002487337552302277,training_rmse_nm_s
aib_qss,"cvd:aib_qss:AIB:full:bulk_as_surface:A=idn_2,I=n2,B=adn_2",idn_2,n2,adn_2,pattern,mse,166,6.186848099093083e-06,6.186848099093083e-06,0.002487337552302277,training_rmse_nm_s
aib_qss,"cvd:aib_qss:AIB:full:bulk_as_surface:A=idn_2,I=n2,B=adn_2",idn_2,n2,adn_2,pattern,mse,167,6.071613770592051e-06,6.071613770592051e-06,0.002464064481825111,training_rmse_nm_s
aib_qss,"cvd:aib_qss:AIB:full:bulk_as_surface:A=idn_2,I=n2,B=adn_2",idn_2,n2,adn_2,pattern,mse,168,2.0367900199265817e-06,2.0367900199265817e-06,0.0014271615255207035,training_rmse_nm_s
aib_qss,"cvd:aib_qss:AIB:full:bulk_as_surface:A=idn_2,I=n2,B=adn_2",idn_2,n2,adn_2,pattern,mse,169,2.093517190673084e-06,2.0367900199265817e-06,0.0014271615255207035,training_rmse_nm_s
aib_qss,"cvd:aib_qss:AIB:full:bulk_as_surface:A=idn_2,I=n2,B=adn_2",idn_2,n2,adn_2,pattern,mse,170,2.7173522604789786e-06,2.0367900199265817e-06,0.0014271615255207035,training_rmse_nm_s
aib_qss,"cvd:aib_qss:AIB:full:bulk_as_surface:A=idn_2,I=n2,B=adn_2",idn_2,n2,adn_2,pattern,mse,171,1.8330885500683106e-05,2.0367900199265817e-06,0.0014271615255207035,training_rmse_nm_s
aib_qss,"cvd:aib_qss:AIB:full:bulk_as_surface:A=idn_2,I=n2,B=adn_2",idn_2,n2,adn_2,pattern,mse,172,1.803979384839988e-05,2.0367900199265817e-06,0.0014271615255207035,training_rmse_nm_s
aib_qss,"cvd:aib_qss:AIB:full:bulk_as_surface:A=idn_2,I=n2,B=adn_2",idn_2,n2,adn_2,pattern,mse,173,1.5551857619455755e-05,2.0367900199265817e-06,0.0014271615255207035,training_rmse_nm_s
aib_qss,"cvd:aib_qss:AIB:full:bulk_as_surface:A=idn_2,I=n2,B=adn_2",idn_2,n2,adn_2,pattern,mse,174,1.7912454461786092e-05,2.0367900199265817e-06,0.0014271615255207035,training_rmse_nm_s
aib_qss,"cvd:aib_qss:AIB:full:bulk_as_surface:A=idn_2,I=n2,B=adn_2",idn_2,n2,adn_2,pattern,mse,175,1.7622495315513223e-05,2.0367900199265817e-06,0.0014271615255207035,training_rmse_nm_s
aib_qss,"cvd:aib_qss:AIB:full:bulk_as_surface:A=idn_2,I=n2,B=adn_2",idn_2,n2,adn_2,pattern,mse,176,1.5145768283007476e-05,2.0367900199265817e-06,0.0014271615255207035,training_rmse_nm_s
aib_qss,"cvd:aib_qss:AIB:full:bulk_as_surface:A=idn_2,I=n2,B=adn_2",idn_2,n2,adn_2,pattern,mse,177,1.418370895626745e-05,2.0367900199265817e-06,0.0014271615255207035,training_rmse_nm_s
aib_qss,"cvd:aib_qss:AIB:full:bulk_as_surface:A=idn_2,I=n2,B=adn_2",idn_2,n2,adn_2,pattern,mse,178,1.3905741161753154e-05,2.0367900199265817e-06,0.0014271615255207035,training_rmse_nm_s
aib_qss,"cvd:aib_qss:AIB:full:bulk_as_surface:A=idn_2,I=n2,B=adn_2",idn_2,n2,adn_2,pattern,mse,179,1.1547184750763638e-05,2.0367900199265817e-06,0.0014271615255207035,training_rmse_nm_s
aib_qss,"cvd:aib_qss:AIB:full:bulk_as_surface:A=idn_2,I=n2,B=adn_2",idn_2,n2,adn_2,pattern,mse,180,8.747614814167707e-06,2.0367900199265817e-06,0.0014271615255207035,training_rmse_nm_s
aib_qss,"cvd:aib_qss:AIB:full:bulk_as_surface:A=idn_2,I=n2,B=adn_2",idn_2,n2,adn_2,pattern,mse,181,8.748372626775764e-06,2.0367900199265817e-06,0.0014271615255207035,training_rmse_nm_s
aib_qss,"cvd:aib_qss:AIB:full:bulk_as_surface:A=idn_2,I=n2,B=adn_2",idn_2,n2,adn_2,pattern,mse,182,8.750785654238995e-06,2.0367900199265817e-06,0.0014271615255207035,training_rmse_nm_s
aib_qss,"cvd:aib_qss:AIB:full:bulk_as_surface:A=idn_2,I=n2,B=adn_2",idn_2,n2,adn_2,pattern,mse,183,1.8156470123650625e-05,2.0367900199265817e-06,0.0014271615255207035,training_rmse_nm_s
aib_qss,"cvd:aib_qss:AIB:full:bulk_as_surface:A=idn_2,I=n2,B=adn_2",idn_2,n2,adn_2,pattern,mse,184,1.8175197463819677e-05,2.0367900199265817e-06,0.0014271615255207035,training_rmse_nm_s
aib_qss,"cvd:aib_qss:AIB:full:bulk_as_surface:A=idn_2,I=n2,B=adn_2",idn_2,n2,adn_2,pattern,mse,185,1.8234464766769153e-05,2.0367900199265817e-06,0.0014271615255207035,training_rmse_nm_s
aib_qss,"cvd:aib_qss:AIB:full:bulk_as_surface:A=idn_2,I=n2,B=adn_2",idn_2,n2,adn_2,pattern,mse,186,0.00013689546999123416,2.0367900199265817e-06,0.0014271615255207035,training_rmse_nm_s
aib_qss,"cvd:aib_qss:AIB:full:bulk_as_surface:A=idn_2,I=n2,B=adn_2",idn_2,n2,adn_2,pattern,mse,187,0.00013702642703324023,2.0367900199265817e-06,0.0014271615255207035,training_rmse_nm_s
aib_qss,"cvd:aib_qss:AIB:full:bulk_as_surface:A=idn_2,I=n2,B=adn_2",idn_2,n2,adn_2,pattern,mse,188,0.00013744047599871498,2.0367900199265817e-06,0.0014271615255207035,training_rmse_nm_s
aib_qss,"cvd:aib_qss:AIB:full:bulk_as_surface:A=idn_2,I=n2,B=adn_2",idn_2,n2,adn_2,pattern,mse,189,3.3089280256330336e-06,2.0367900199265817e-06,0.0014271615255207035,training_rmse_nm_s
aib_qss,"cvd:aib_qss:AIB:full:bulk_as_surface:A=idn_2,I=n2,B=adn_2",idn_2,n2,adn_2,pattern,mse,190,3.3078227919301566e-06,2.0367900199265817e-06,0.0014271615255207035,training_rmse_nm_s
aib_qss,"cvd:aib_qss:AIB:full:bulk_as_surface:A=idn_2,I=n2,B=adn_2",idn_2,n2,adn_2,pattern,mse,191,3.304366873612596e-06,2.0367900199265817e-06,0.0014271615255207035,training_rmse_nm_s
aib_qss,"cvd:aib_qss:AIB:full:bulk_as_surface:A=idn_2,I=n2,B=adn_2",idn_2,n2,adn_2,pattern,mse,192,2.0325273419006624e-06,2.0325273419006624e-06,0.0014256673321292952,training_rmse_nm_s
aib_qss,"cvd:aib_qss:AIB:full:bulk_as_surface:A=idn_2,I=n2,B=adn_2",idn_2,n2,adn_2,pattern,mse,193,2.0367900199265817e-06,2.0325273419006624e-06,0.0014256673321292952,training_rmse_nm_s
aib_qss,"cvd:aib_qss:AIB:full:bulk_as_surface:A=idn_2,I=n2,B=adn_2",idn_2,n2,adn_2,pattern,mse,194,2.0503139640442133e-06,2.0325273419006624e-06,0.0014256673321292952,training_rmse_nm_s
aib_qss,"cvd:aib_qss:AIB:full:bulk_as_surface:A=idn_2,I=n2,B=adn_2",idn_2,n2,adn_2,pattern,mse,195,5.171963953064395e-05,2.0325273419006624e-06,0.0014256673321292952,training_rmse_nm_s
aib_qss,"cvd:aib_qss:AIB:full:bulk_as_surface:A=idn_2,I=n2,B=adn_2",idn_2,n2,adn_2,pattern,mse,196,5.1767678847081e-05,2.0325273419006624e-06,0.0014256673321292952,training_rmse_nm_s
aib_qss,"cvd:aib_qss:AIB:full:bulk_as_surface:A=idn_2,I=n2,B=adn_2",idn_2,n2,adn_2,pattern,mse,197,5.191953458287875e-05,2.0325273419006624e-06,0.0014256673321292952,training_rmse_nm_s
aib_qss,"cvd:aib_qss:AIB:full:bulk_as_surface:A=idn_2,I=n2,B=adn_2",idn_2,n2,adn_2,pattern,mse,198,9.197252946479624e-06,2.0325273419006624e-06,0.0014256673321292952,training_rmse_nm_s
aib_qss,"cvd:aib_qss:AIB:full:bulk_as_surface:A=idn_2,I=n2,B=adn_2",idn_2,n2,adn_2,pattern,mse,199,9.186607795750117e-06,2.0325273419006624e-06,0.0014256673321292952,training_rmse_nm_s
aib_qss,"cvd:aib_qss:AIB:full:bulk_as_surface:A=idn_2,I=n2,B=adn_2",idn_2,n2,adn_2,pattern,mse,200,9.153109069424637e-06,2.0325273419006624e-06,0.0014256673321292952,training_rmse_nm_s
aib_qss,"cvd:aib_qss:AIB:full:bulk_as_surface:A=idn_2,I=n2,B=adn_2",idn_2,n2,adn_2,pattern,mse,201,4.486940858831792e-06,2.0325273419006624e-06,0.0014256673321292952,training_rmse_nm_s
aib_qss,"cvd:aib_qss:AIB:full:bulk_as_surface:A=idn_2,I=n2,B=adn_2",idn_2,n2,adn_2,pattern,mse,202,4.477715798172939e-06,2.0325273419006624e-06,0.0014256673321292952,training_rmse_nm_s
aib_qss,"cvd:aib_qss:AIB:full:bulk_as_surface:A=idn_2,I=n2,B=adn_2",idn_2,n2,adn_2,pattern,mse,203,4.44871017823039e-06,2.0325273419006624e-06,0.0014256673321292952,training_rmse_nm_s
aib_qss,"cvd:aib_qss:AIB:full:bulk_as_surface:A=idn_2,I=n2,B=adn_2",idn_2,n2,adn_2,pattern,mse,204,6.613589230930908e-06,2.0325273419006624e-06,0.0014256673321292952,training_rmse_nm_s
aib_qss,"cvd:aib_qss:AIB:full:bulk_as_surface:A=idn_2,I=n2,B=adn_2",idn_2,n2,adn_2,pattern,mse,205,6.61352790638587e-06,2.0325273419006624e-06,0.0014256673321292952,training_rmse_nm_s
aib_qss,"cvd:aib_qss:AIB:full:bulk_as_surface:A=idn_2,I=n2,B=adn_2",idn_2,n2,adn_2,pattern,mse,206,6.613477477842487e-06,2.0325273419006624e-06,0.0014256673321292952,training_rmse_nm_s
aib_qss,"cvd:aib_qss:AIB:full:bulk_as_surface:A=idn_2,I=n2,B=adn_2",idn_2,n2,adn_2,pattern,mse,207,4.07798195452536e-06,2.0325273419006624e-06,0.0014256673321292952,training_rmse_nm_s
aib_qss,"cvd:aib_qss:AIB:full:bulk_as_surface:A=idn_2,I=n2,B=adn_2",idn_2,n2,adn_2,pattern,mse,208,4.078540623896307e-06,2.0325273419006624e-06,0.0014256673321292952,training_rmse_nm_s
aib_qss,"cvd:aib_qss:AIB:full:bulk_as_surface:A=idn_2,I=n2,B=adn_2",idn_2,n2,adn_2,pattern,mse,209,4.079534511259032e-06,2.0325273419006624e-06,0.0014256673321292952,training_rmse_nm_s
aib_qss,"cvd:aib_qss:AIB:full:bulk_as_surface:A=idn_2,I=n2,B=adn_2",idn_2,n2,adn_2,pattern,mse,210,8.386995799900843e-06,2.0325273419006624e-06,0.0014256673321292952,training_rmse_nm_s
aib_qss,"cvd:aib_qss:AIB:full:bulk_as_surface:A=idn_2,I=n2,B=adn_2",idn_2,n2,adn_2,pattern,mse,211,8.389246392785547e-06,2.0325273419006624e-06,0.0014256673321292952,training_rmse_nm_s
aib_qss,"cvd:aib_qss:AIB:full:bulk_as_surface:A=idn_2,I=n2,B=adn_2",idn_2,n2,adn_2,pattern,mse,212,8.393249067671785e-06,2.0325273419006624e-06,0.0014256673321292952,training_rmse_nm_s
aib_qss,"cvd:aib_qss:AIB:full:bulk_as_surface:A=idn_2,I=n2,B=adn_2",idn_2,n2,adn_2,pattern,mse,213,2.9395055219363498e-05,2.0325273419006624e-06,0.0014256673321292952,training_rmse_nm_s
aib_qss,"cvd:aib_qss:AIB:full:bulk_as_surface:A=idn_2,I=n2,B=adn_2",idn_2,n2,adn_2,pattern,mse,214,2.940204528870796e-05,2.0325273419006624e-06,0.0014256673321292952,training_rmse_nm_s
aib_qss,"cvd:aib_qss:AIB:full:bulk_as_surface:A=idn_2,I=n2,B=adn_2",idn_2,n2,adn_2,pattern,mse,215,2.941447580215085e-05,2.0325273419006624e-06,0.0014256673321292952,training_rmse_nm_s
aib_qss,"cvd:aib_qss:AIB:full:bulk_as_surface:A=idn_2,I=n2,B=adn_2",idn_2,n2,adn_2,pattern,mse,216,1.5538712834763395e-06,1.5538712834763395e-06,0.001246543735083667,training_rmse_nm_s
aib_qss,"cvd:aib_qss:AIB:full:bulk_as_surface:A=idn_2,I=n2,B=adn_2",idn_2,n2,adn_2,pattern,mse,217,1.5538794628837892e-06,1.5538712834763395e-06,0.001246543735083667,training_rmse_nm_s
aib_qss,"cvd:aib_qss:AIB:full:bulk_as_surface:A=idn_2,I=n2,B=adn_2",idn_2,n2,adn_2,pattern,mse,218,1.5538946779775822e-06,1.5538712834763395e-06,0.001246543735083667,training_rmse_nm_s
aib_qss,"cvd:aib_qss:AIB:full:bulk_as_surface:A=idn_2,I=n2,B=adn_2",idn_2,n2,adn_2,pattern,mse,219,2.0316653685237485e-06,1.5538712834763395e-06,0.001246543735083667,training_rmse_nm_s
aib_qss,"cvd:aib_qss:AIB:full:bulk_as_surface:A=idn_2,I=n2,B=adn_2",idn_2,n2,adn_2,pattern,mse,220,2.0325273419006624e-06,1.5538712834763395e-06,0.001246543735083667,training_rmse_nm_s
aib_qss,"cvd:aib_qss:AIB:full:bulk_as_surface:A=idn_2,I=n2,B=adn_2",idn_2,n2,adn_2,pattern,mse,221,2.0340608534044946e-06,1.5538712834763395e-06,0.001246543735083667,training_rmse_nm_s
aib_qss,"cvd:aib_qss:AIB:full:bulk_as_surface:A=idn_2,I=n2,B=adn_2",idn_2,n2,adn_2,pattern,mse,222,1.228722378488307e-05,1.5538712834763395e-06,0.001246543735083667,training_rmse_nm_s
aib_qss,"cvd:aib_qss:AIB:full:bulk_as_surface:A=idn_2,I=n2,B=adn_2",idn_2,n2,adn_2,pattern,mse,223,1.2290629376584174e-05,1.5538712834763395e-06,0.001246543735083667,training_rmse_nm_s
aib_qss,"cvd:aib_qss:AIB:full:bulk_as_surface:A=idn_2,I=n2,B=adn_2",idn_2,n2,adn_2,pattern,mse,224,1.2296685867343785e-05,1.5538712834763395e-06,0.001246543735083667,training_rmse_nm_s
aib_qss,"cvd:aib_qss:AIB:full:bulk_as_surface:A=idn_2,I=n2,B=adn_2",idn_2,n2,adn_2,pattern,mse,225,2.990388251822336e-06,1.5538712834763395e-06,0.001246543735083667,training_rmse_nm_s
aib_qss,"cvd:aib_qss:AIB:full:bulk_as_surface:A=idn_2,I=n2,B=adn_2",idn_2,n2,adn_2,pattern,mse,226,2.9895253373840907e-06,1.5538712834763395e-06,0.001246543735083667,training_rmse_nm_s
aib_qss,"cvd:aib_qss:AIB:full:bulk_as_surface:A=idn_2,I=n2,B=adn_2",idn_2,n2,adn_2,pattern,mse,227,2.98799222030811e-06,1.5538712834763395e-06,0.001246543735083667,training_rmse_nm_s
aib_qss,"cvd:aib_qss:AIB:full:bulk_as_surface:A=idn_2,I=n2,B=adn_2",idn_2,n2,adn_2,pattern,mse,228,1.072180727312755e-06,1.072180727312755e-06,0.0010354616010807716,training_rmse_nm_s
aib_qss,"cvd:aib_qss:AIB:full:bulk_as_surface:A=idn_2,I=n2,B=adn_2",idn_2,n2,adn_2,pattern,mse,229,1.071709087879287e-06,1.071709087879287e-06,0.0010352338324645727,training_rmse_nm_s
aib_qss,"cvd:aib_qss:AIB:full:bulk_as_surface:A=idn_2,I=n2,B=adn_2",idn_2,n2,adn_2,pattern,mse,230,1.0708717828858583e-06,1.0708717828858583e-06,0.0010348293496445964,training_rmse_nm_s
aib_qss,"cvd:aib_qss:AIB:full:bulk_as_surface:A=idn_2,I=n2,B=adn_2",idn_2,n2,adn_2,pattern,mse,231,3.257583344313441e-06,1.0708717828858583e-06,0.0010348293496445964,training_rmse_nm_s
aib_qss,"cvd:aib_qss:AIB:full:bulk_as_surface:A=idn_2,I=n2,B=adn_2",idn_2,n2,adn_2,pattern,mse,232,3.2582737506212322e-06,1.0708717828858583e-06,0.0010348293496445964,training_rmse_nm_s
aib_qss,"cvd:aib_qss:AIB:full:bulk_as_surface:A=idn_2,I=n2,B=adn_2",idn_2,n2,adn_2,pattern,mse,233,3.2595027343137485e-06,1.0708717828858583e-06,0.0010348293496445964,training_rmse_nm_s
aib_qss,"cvd:aib_qss:AIB:full:bulk_as_surface:A=idn_2,I=n2,B=adn_2",idn_2,n2,adn_2,pattern,mse,234,9.955739038111352e-07,9.955739038111352e-07,0.0009977844976803033,training_rmse_nm_s
aib_qss,"cvd:aib_qss:AIB:full:bulk_as_surface:A=idn_2,I=n2,B=adn_2",idn_2,n2,adn_2,pattern,mse,235,9.953993109168713e-07,9.953993109168713e-07,0.0009976970035621392,training_rmse_nm_s
aib_qss,"cvd:aib_qss:AIB:full:bulk_as_surface:A=idn_2,I=n2,B=adn_2",idn_2,n2,adn_2,pattern,mse,236,9.951671254101785e-07,9.951671254101785e-07,0.0009975806360441137,training_rmse_nm_s
aib_qss,"cvd:aib_qss:AIB:full:bulk_as_surface:A=idn_2,I=n2,B=adn_2",idn_2,n2,adn_2,pattern,mse,237,8.721800910756868e-07,8.721800910756868e-07,0.0009339058255925417,training_rmse_nm_s
aib_qss,"cvd:aib_qss:AIB:full:bulk_as_surface:A=idn_2,I=n2,B=adn_2",idn_2,n2,adn_2,pattern,mse,238,8.723840686028167e-07,8.721800910756868e-07,0.0009339058255925417,training_rmse_nm_s
aib_qss,"cvd:aib_qss:AIB:full:bulk_as_surface:A=idn_2,I=n2,B=adn_2",idn_2,n2,adn_2,pattern,mse,239,8.72656710566113e-07,8.721800910756868e-07,0.0009339058255925417,training_rmse_nm_s
aib_qss,"cvd:aib_qss:AIB:full:bulk_as_surface:A=idn_2,I=n2,B=adn_2",idn_2,n2,adn_2,pattern,mse,240,2.27470163174265e-06,8.721800910756868e-07,0.0009339058255925417,training_rmse_nm_s
aib_qss,"cvd:aib_qss:AIB:full:bulk_as_surface:A=idn_2,I=n2,B=adn_2",idn_2,n2,adn_2,pattern,mse,241,2.2755663622479693e-06,8.721800910756868e-07,0.0009339058255925417,training_rmse_nm_s
aib_qss,"cvd:aib_qss:AIB:full:bulk_as_surface:A=idn_2,I=n2,B=adn_2",idn_2,n2,adn_2,pattern,mse,242,2.2767200932716474e-06,8.721800910756868e-07,0.0009339058255925417,training_rmse_nm_s
aib_qss,"cvd:aib_qss:AIB:full:bulk_as_surface:A=idn_2,I=n2,B=adn_2",idn_2,n2,adn_2,pattern,mse,243,1.8621705644127393e-06,8.721800910756868e-07,0.0009339058255925417,training_rmse_nm_s
aib_qss,"cvd:aib_qss:AIB:full:bulk_as_surface:A=idn_2,I=n2,B=adn_2",idn_2,n2,adn_2,pattern,mse,244,1.8614377639415762e-06,8.721800910756868e-07,0.0009339058255925417,training_rmse_nm_s
aib_qss,"cvd:aib_qss:AIB:full:bulk_as_surface:A=idn_2,I=n2,B=adn_2",idn_2,n2,adn_2,pattern,mse,245,1.860461470448393e-06,8.721800910756868e-07,0.0009339058255925417,training_rmse_nm_s
aib_qss,"cvd:aib_qss:AIB:full:bulk_as_surface:A=idn_2,I=n2,B=adn_2",idn_2,n2,adn_2,pattern,mse,246,1.0713500521522308e-06,8.721800910756868e-07,0.0009339058255925417,training_rmse_nm_s
aib_qss,"cvd:aib_qss:AIB:full:bulk_as_surface:A=idn_2,I=n2,B=adn_2",idn_2,n2,adn_2,pattern,mse,247,1.0708717828858583e-06,8.721800910756868e-07,0.0009339058255925417,training_rmse_nm_s
aib_qss,"cvd:aib_qss:AIB:full:bulk_as_surface:A=idn_2,I=n2,B=adn_2",idn_2,n2,adn_2,pattern,mse,248,1.0702349116382733e-06,8.721800910756868e-07,0.0009339058255925417,training_rmse_nm_s
aib_qss,"cvd:aib_qss:AIB:full:bulk_as_surface:A=idn_2,I=n2,B=adn_2",idn_2,n2,adn_2,pattern,mse,249,1.1940848161708905e-06,8.721800910756868e-07,0.0009339058255925417,training_rmse_nm_s
aib_qss,"cvd:aib_qss:AIB:full:bulk_as_surface:A=idn_2,I=n2,B=adn_2",idn_2,n2,adn_2,pattern,mse,250,1.1940468851008605e-06,8.721800910756868e-07,0.0009339058255925417,training_rmse_nm_s
aib_qss,"cvd:aib_qss:AIB:full:bulk_as_surface:A=idn_2,I=n2,B=adn_2",idn_2,n2,adn_2,pattern,mse,251,1.1939971886951658e-06,8.721800910756868e-07,0.0009339058255925417,training_rmse_nm_s
aib_qss,"cvd:aib_qss:AIB:full:bulk_as_surface:A=idn_2,I=n2,B=adn_2",idn_2,n2,adn_2,pattern,mse,252,3.589209626457901e-06,8.721800910756868e-07,0.0009339058255925417,training_rmse_nm_s
aib_qss,"cvd:aib_qss:AIB:full:bulk_as_surface:A=idn_2,I=n2,B=adn_2",idn_2,n2,adn_2,pattern,mse,253,3.5878520573786458e-06,8.721800910756868e-07,0.0009339058255925417,training_rmse_nm_s
aib_qss,"cvd:aib_qss:AIB:full:bulk_as_surface:A=idn_2,I=n2,B=adn_2",idn_2,n2,adn_2,pattern,mse,254,3.5860429721976218e-06,8.721800910756868e-07,0.0009339058255925417,training_rmse_nm_s
aib_qss,"cvd:aib_qss:AIB:full:bulk_as_surface:A=idn_2,I=n2,B=adn_2",idn_2,n2,adn_2,pattern,mse,255,2.392780051892096e-06,8.721800910756868e-07,0.0009339058255925417,training_rmse_nm_s
aib_qss,"cvd:aib_qss:AIB:full:bulk_as_surface:A=idn_2,I=n2,B=adn_2",idn_2,n2,adn_2,pattern,mse,256,2.3915983127053607e-06,8.721800910756868e-07,0.0009339058255925417,training_rmse_nm_s
aib_qss,"cvd:aib_qss:AIB:full:bulk_as_surface:A=idn_2,I=n2,B=adn_2",idn_2,n2,adn_2,pattern,mse,257,2.3900237024251256e-06,8.721800910756868e-07,0.0009339058255925417,training_rmse_nm_s
aib_qss,"cvd:aib_qss:AIB:full:bulk_as_surface:A=idn_2,I=n2,B=adn_2",idn_2,n2,adn_2,pattern,mse,258,1.6437109374643153e-06,8.721800910756868e-07,0.0009339058255925417,training_rmse_nm_s
aib_qss,"cvd:aib_qss:AIB:full:bulk_as_surface:A=idn_2,I=n2,B=adn_2",idn_2,n2,adn_2,pattern,mse,259,1.6428246895438664e-06,8.721800910756868e-07,0.0009339058255925417,training_rmse_nm_s
aib_qss,"cvd:aib_qss:AIB:full:bulk_as_surface:A=idn_2,I=n2,B=adn_2",idn_2,n2,adn_2,pattern,mse,260,1.6416441088520461e-06,8.721800910756868e-07,0.0009339058255925417,training_rmse_nm_s
aib_qss,"cvd:aib_qss:AIB:full:bulk_as_surface:A=idn_2,I=n2,B=adn_2",idn_2,n2,adn_2,pattern,mse,261,9.579348685032337e-07,8.721800910756868e-07,0.0009339058255925417,training_rmse_nm_s
aib_qss,"cvd:aib_qss:AIB:full:bulk_as_surface:A=idn_2,I=n2,B=adn_2",idn_2,n2,adn_2,pattern,mse,262,9.580457722557222e-07,8.721800910756868e-07,0.0009339058255925417,training_rmse_nm_s
aib_qss,"cvd:aib_qss:AIB:full:bulk_as_surface:A=idn_2,I=n2,B=adn_2",idn_2,n2,adn_2,pattern,mse,263,9.581739108321785e-07,8.721800910756868e-07,0.0009339058255925417,training_rmse_nm_s
aib_qss,"cvd:aib_qss:AIB:full:bulk_as_surface:A=idn_2,I=n2,B=adn_2",idn_2,n2,adn_2,pattern,mse,264,1.2744926291044916e-06,8.721800910756868e-07,0.0009339058255925417,training_rmse_nm_s
aib_qss,"cvd:aib_qss:AIB:full:bulk_as_surface:A=idn_2,I=n2,B=adn_2",idn_2,n2,adn_2,pattern,mse,265,1.2747095784097453e-06,8.721800910756868e-07,0.0009339058255925417,training_rmse_nm_s
aib_qss,"cvd:aib_qss:AIB:full:bulk_as_surface:A=idn_2,I=n2,B=adn_2",idn_2,n2,adn_2,pattern,mse,266,1.2749601756830272e-06,8.721800910756868e-07,0.0009339058255925417,training_rmse_nm_s
aib_qss,"cvd:aib_qss:AIB:full:bulk_as_surface:A=idn_2,I=n2,B=adn_2",idn_2,n2,adn_2,pattern,mse,267,2.0512139668574802e-06,8.721800910756868e-07,0.0009339058255925417,training_rmse_nm_s
aib_qss,"cvd:aib_qss:AIB:full:bulk_as_surface:A=idn_2,I=n2,B=adn_2",idn_2,n2,adn_2,pattern,mse,268,2.051571000017066e-06,8.721800910756868e-07,0.0009339058255925417,training_rmse_nm_s
aib_qss,"cvd:aib_qss:AIB:full:bulk_as_surface:A=idn_2,I=n2,B=adn_2",idn_2,n2,adn_2,pattern,mse,269,2.051983361556133e-06,8.721800910756868e-07,0.0009339058255925417,training_rmse_nm_s
aib_qss,"cvd:aib_qss:AIB:full:bulk_as_surface:A=idn_2,I=n2,B=adn_2",idn_2,n2,adn_2,pattern,mse,270,8.063671256632328e-07,8.063671256632328e-07,0.0008979794683973754,training_rmse_nm_s
aib_qss,"cvd:aib_qss:AIB:full:bulk_as_surface:A=idn_2,I=n2,B=adn_2",idn_2,n2,adn_2,pattern,mse,271,8.063620045034321e-07,8.063620045034321e-07,0.0008979766169023735,training_rmse_nm_s
aib_qss,"cvd:aib_qss:AIB:full:bulk_as_surface:A=idn_2,I=n2,B=adn_2",idn_2,n2,adn_2,pattern,mse,272,8.063561731997654e-07,8.063561731997654e-07,0.0008979733699836345,training_rmse_nm_s
aib_qss,"cvd:aib_qss:AIB:full:bulk_as_surface:A=idn_2,I=n2,B=adn_2",idn_2,n2,adn_2,pattern,mse,273,8.720982312896491e-07,8.063561731997654e-07,0.0008979733699836345,training_rmse_nm_s
aib_qss,"cvd:aib_qss:AIB:full:bulk_as_surface:A=idn_2,I=n2,B=adn_2",idn_2,n2,adn_2,pattern,mse,274,8.721800910756868e-07,8.063561731997654e-07,0.0008979733699836345,training_rmse_nm_s
aib_qss,"cvd:aib_qss:AIB:full:bulk_as_surface:A=idn_2,I=n2,B=adn_2",idn_2,n2,adn_2,pattern,mse,275,8.722747031455848e-07,8.063561731997654e-07,0.0008979733699836345,training_rmse_nm_s
aib_qss,"cvd:aib_qss:AIB:full:bulk_as_surface:A=idn_2,I=n2,B=adn_2",idn_2,n2,adn_2,pattern,mse,276,1.3102205569421198e-06,8.063561731997654e-07,0.0008979733699836345,training_rmse_nm_s
aib_qss,"cvd:aib_qss:AIB:full:bulk_as_surface:A=idn_2,I=n2,B=adn_2",idn_2,n2,adn_2,pattern,mse,277,1.310417400268555e-06,8.063561731997654e-07,0.0008979733699836345,training_rmse_nm_s
aib_qss,"cvd:aib_qss:AIB:full:bulk_as_surface:A=idn_2,I=n2,B=adn_2",idn_2,n2,adn_2,pattern,mse,278,1.3106447915041995e-06,8.063561731997654e-07,0.0008979733699836345,training_rmse_nm_s
aib_qss,"cvd:aib_qss:AIB:full:bulk_as_surface:A=idn_2,I=n2,B=adn_2",idn_2,n2,adn_2,pattern,mse,279,9.615045855107296e-07,8.063561731997654e-07,0.0008979733699836345,training_rmse_nm_s
aib_qss,"cvd:aib_qss:AIB:full:bulk_as_surface:A=idn_2,I=n2,B=adn_2",idn_2,n2,adn_2,pattern,mse,280,9.613791225283996e-07,8.063561731997654e-07,0.0008979733699836345,training_rmse_nm_s
aib_qss,"cvd:aib_qss:AIB:full:bulk_as_surface:A=idn_2,I=n2,B=adn_2",idn_2,n2,adn_2,pattern,mse,281,9.612343390595603e-07,8.063561731997654e-07,0.0008979733699836345,training_rmse_nm_s
aib_qss,"cvd:aib_qss:AIB:full:bulk_as_surface:A=idn_2,I=n2,B=adn_2",idn_2,n2,adn_2,pattern,mse,282,8.128920032679817e-07,8.063561731997654e-07,0.0008979733699836345,training_rmse_nm_s
aib_qss,"cvd:aib_qss:AIB:full:bulk_as_surface:A=idn_2,I=n2,B=adn_2",idn_2,n2,adn_2,pattern,mse,283,8.128376997670586e-07,8.063561731997654e-07,0.0008979733699836345,training_rmse_nm_s
aib_qss,"cvd:aib_qss:AIB:full:bulk_as_surface:A=idn_2,I=n2,B=adn_2",idn_2,n2,adn_2,pattern,mse,284,8.127750895050625e-07,8.063561731997654e-07,0.0008979733699836345,training_rmse_nm_s
aib_qss,"cvd:aib_qss:AIB:full:bulk_as_surface:A=idn_2,I=n2,B=adn_2",idn_2,n2,adn_2,pattern,mse,285,9.568330191661314e-07,8.063561731997654e-07,0.0008979733699836345,training_rmse_nm_s
aib_qss,"cvd:aib_qss:AIB:full:bulk_as_surface:A=idn_2,I=n2,B=adn_2",idn_2,n2,adn_2,pattern,mse,286,9.568726785219558e-07,8.063561731997654e-07,0.0008979733699836345,training_rmse_nm_s
aib_qss,"cvd:aib_qss:AIB:full:bulk_as_surface:A=idn_2,I=n2,B=adn_2",idn_2,n2,adn_2,pattern,mse,287,9.569185734511757e-07,8.063561731997654e-07,0.0008979733699836345,training_rmse_nm_s
aib_qss,"cvd:aib_qss:AIB:full:bulk_as_surface:A=idn_2,I=n2,B=adn_2",idn_2,n2,adn_2,pattern,mse,288,8.639931344390269e-07,8.063561731997654e-07,0.0008979733699836345,training_rmse_nm_s
aib_qss,"cvd:aib_qss:AIB:full:bulk_as_surface:A=idn_2,I=n2,B=adn_2",idn_2,n2,adn_2,pattern,mse,289,8.640020060443996e-07,8.063561731997654e-07,0.0008979733699836345,training_rmse_nm_s
aib_qss,"cvd:aib_qss:AIB:full:bulk_as_surface:A=idn_2,I=n2,B=adn_2",idn_2,n2,adn_2,pattern,mse,290,8.640115637098562e-07,8.063561731997654e-07,0.0008979733699836345,training_rmse_nm_s
aib_qss,"cvd:aib_qss:AIB:full:bulk_as_surface:A=idn_2,I=n2,B=adn_2",idn_2,n2,adn_2,pattern,mse,291,8.426661308899941e-07,8.063561731997654e-07,0.0008979733699836345,training_rmse_nm_s
aib_qss,"cvd:aib_qss:AIB:full:bulk_as_surface:A=idn_2,I=n2,B=adn_2",idn_2,n2,adn_2,pattern,mse,292,8.426981077844605e-07,8.063561731997654e-07,0.0008979733699836345,training_rmse_nm_s
aib_qss,"cvd:aib_qss:AIB:full:bulk_as_surface:A=idn_2,I=n2,B=adn_2",idn_2,n2,adn_2,pattern,mse,293,8.427324945604272e-07,8.063561731997654e-07,0.0008979733699836345,training_rmse_nm_s
aib_qss,"cvd:aib_qss:AIB:full:bulk_as_surface:A=idn_2,I=n2,B=adn_2",idn_2,n2,adn_2,pattern,mse,294,8.92920613713818e-07,8.063561731997654e-07,0.0008979733699836345,training_rmse_nm_s
aib_qss,"cvd:aib_qss:AIB:full:bulk_as_surface:A=idn_2,I=n2,B=adn_2",idn_2,n2,adn_2,pattern,mse,295,8.929792919367945e-07,8.063561731997654e-07,0.0008979733699836345,training_rmse_nm_s
aib_qss,"cvd:aib_qss:AIB:full:bulk_as_surface:A=idn_2,I=n2,B=adn_2",idn_2,n2,adn_2,pattern,mse,296,8.930423720908136e-07,8.063561731997654e-07,0.0008979733699836345,training_rmse_nm_s
aib_qss,"cvd:aib_qss:AIB:full:bulk_as_surface:A=idn_2,I=n2,B=adn_2",idn_2,n2,adn_2,pattern,mse,297,8.751917644399213e-07,8.063561731997654e-07,0.0008979733699836345,training_rmse_nm_s
aib_qss,"cvd:aib_qss:AIB:full:bulk_as_surface:A=idn_2,I=n2,B=adn_2",idn_2,n2,adn_2,pattern,mse,298,8.751678370637185e-07,8.063561731997654e-07,0.0008979733699836345,training_rmse_nm_s
aib_qss,"cvd:aib_qss:AIB:full:bulk_as_surface:A=idn_2,I=n2,B=adn_2",idn_2,n2,adn_2,pattern,mse,299,8.751421509734679e-07,8.063561731997654e-07,0.0008979733699836345,training_rmse_nm_s
aib_qss,"cvd:aib_qss:AIB:full:bulk_as_surface:A=idn_2,I=n2,B=adn_2",idn_2,n2,adn_2,pattern,mse,300,8.063591826648217e-07,8.063561731997654e-07,0.0008979733699836345,training_rmse_nm_s
aib_qss,"cvd:aib_qss:AIB:full:bulk_as_surface:A=idn_2,I=n2,B=adn_2",idn_2,n2,adn_2,pattern,mse,301,8.063561731997654e-07,8.063561731997654e-07,0.0008979733699836345,training_rmse_nm_s
aib_qss,"cvd:aib_qss:AIB:full:bulk_as_surface:A=idn_2,I=n2,B=adn_2",idn_2,n2,adn_2,pattern,mse,302,8.06352965652281e-07,8.06352965652281e-07,0.0008979715839893159,training_rmse_nm_s
aib_qss,"cvd:aib_qss:AIB:full:bulk_as_surface:A=idn_2,I=n2,B=adn_2",idn_2,n2,adn_2,pattern,mse,303,8.008351632376884e-07,8.008351632376884e-07,0.0008948939396585991,training_rmse_nm_s
aib_qss,"cvd:aib_qss:AIB:full:bulk_as_surface:A=idn_2,I=n2,B=adn_2",idn_2,n2,adn_2,pattern,mse,304,8.008563233618203e-07,8.008351632376884e-07,0.0008948939396585991,training_rmse_nm_s
aib_qss,"cvd:aib_qss:AIB:full:bulk_as_surface:A=idn_2,I=n2,B=adn_2",idn_2,n2,adn_2,pattern,mse,305,8.008790885754059e-07,8.008351632376884e-07,0.0008948939396585991,training_rmse_nm_s
aib_qss,"cvd:aib_qss:AIB:full:bulk_as_surface:A=idn_2,I=n2,B=adn_2",idn_2,n2,adn_2,pattern,mse,306,9.593172429569706e-07,8.008351632376884e-07,0.0008948939396585991,training_rmse_nm_s
aib_qss,"cvd:aib_qss:AIB:full:bulk_as_surface:A=idn_2,I=n2,B=adn_2",idn_2,n2,adn_2,pattern,mse,307,9.592596645383687e-07,8.008351632376884e-07,0.0008948939396585991,training_rmse_nm_s
aib_qss,"cvd:aib_qss:AIB:full:bulk_as_surface:A=idn_2,I=n2,B=adn_2",idn_2,n2,adn_2,pattern,mse,308,9.59197819285321e-07,8.008351632376884e-07,0.0008948939396585991,training_rmse_nm_s
aib_qss,"cvd:aib_qss:AIB:full:bulk_as_surface:A=idn_2,I=n2,B=adn_2",idn_2,n2,adn_2,pattern,mse,309,8.469010087232721e-07,8.008351632376884e-07,0.0008948939396585991,training_rmse_nm_s
aib_qss,"cvd:aib_qss:AIB:full:bulk_as_surface:A=idn_2,I=n2,B=adn_2",idn_2,n2,adn_2,pattern,mse,310,8.468623633511516e-07,8.008351632376884e-07,0.0008948939396585991,training_rmse_nm_s
aib_qss,"cvd:aib_qss:AIB:full:bulk_as_surface:A=idn_2,I=n2,B=adn_2",idn_2,n2,adn_2,pattern,mse,311,8.468208636966002e-07,8.008351632376884e-07,0.0008948939396585991,training_rmse_nm_s
aib_qss,"cvd:aib_qss:AIB:full:bulk_as_surface:A=idn_2,I=n2,B=adn_2",idn_2,n2,adn_2,pattern,mse,312,7.899420971190563e-07,7.899420971190563e-07,0.0008887868682192915,training_rmse_nm_s
aib_qss,"cvd:aib_qss:AIB:full:bulk_as_surface:A=idn_2,I=n2,B=adn_2",idn_2,n2,adn_2,pattern,mse,313,7.899253182772874e-07,7.899253182772874e-07,0.0008887774289873069,training_rmse_nm_s
aib_qss,"cvd:aib_qss:AIB:full:bulk_as_surface:A=idn_2,I=n2,B=adn_2",idn_2,n2,adn_2,pattern,mse,314,7.89907316509919e-07,7.89907316509919e-07,0.0008887673016655817,training_rmse_nm_s
aib_qss,"cvd:aib_qss:AIB:full:bulk_as_surface:A=idn_2,I=n2,B=adn_2",idn_2,n2,adn_2,pattern,mse,315,7.930972820837995e-07,7.89907316509919e-07,0.0008887673016655817,training_rmse_nm_s
aib_qss,"cvd:aib_qss:AIB:full:bulk_as_surface:A=idn_2,I=n2,B=adn_2",idn_2,n2,adn_2,pattern,mse,316,7.930920167400997e-07,7.89907316509919e-07,0.0008887673016655817,training_rmse_nm_s
aib_qss,"cvd:aib_qss:AIB:full:bulk_as_surface:A=idn_2,I=n2,B=adn_2",idn_2,n2,adn_2,pattern,mse,317,7.930865663455979e-07,7.89907316509919e-07,0.0008887673016655817,training_rmse_nm_s
aib_qss,"cvd:aib_qss:AIB:full:bulk_as_surface:A=idn_2,I=n2,B=adn_2",idn_2,n2,adn_2,pattern,mse,318,7.854085826042129e-07,7.854085826042129e-07,0.0008862328038411876,training_rmse_nm_s
aib_qss,"cvd:aib_qss:AIB:full:bulk_as_surface:A=idn_2,I=n2,B=adn_2",idn_2,n2,adn_2,pattern,mse,319,7.854098295163512e-07,7.854085826042129e-07,0.0008862328038411876,training_rmse_nm_s
aib_qss,"cvd:aib_qss:AIB:full:bulk_as_surface:A=idn_2,I=n2,B=adn_2",idn_2,n2,adn_2,pattern,mse,320,7.854111299294613e-07,7.854085826042129e-07,0.0008862328038411876,training_rmse_nm_s
aib_qss,"cvd:aib_qss:AIB:full:bulk_as_surface:A=idn_2,I=n2,B=adn_2",idn_2,n2,adn_2,pattern,mse,321,7.957837316986385e-07,7.854085826042129e-07,0.0008862328038411876,training_rmse_nm_s
aib_qss,"cvd:aib_qss:AIB:full:bulk_as_surface:A=idn_2,I=n2,B=adn_2",idn_2,n2,adn_2,pattern,mse,322,7.957919698056835e-07,7.854085826042129e-07,0.0008862328038411876,training_rmse_nm_s
aib_qss,"cvd:aib_qss:AIB:full:bulk_as_surface:A=idn_2,I=n2,B=adn_2",idn_2,n2,adn_2,pattern,mse,323,7.958005175054192e-07,7.854085826042129e-07,0.0008862328038411876,training_rmse_nm_s
aib_qss,"cvd:aib_qss:AIB:full:bulk_as_surface:A=idn_2,I=n2,B=adn_2",idn_2,n2,adn_2,pattern,mse,324,8.107077279140664e-07,7.854085826042129e-07,0.0008862328038411876,training_rmse_nm_s
aib_qss,"cvd:aib_qss:AIB:full:bulk_as_surface:A=idn_2,I=n2,B=adn_2",idn_2,n2,adn_2,pattern,mse,325,8.106923751919655e-07,7.854085826042129e-07,0.0008862328038411876,training_rmse_nm_s
aib_qss,"cvd:aib_qss:AIB:full:bulk_as_surface:A=idn_2,I=n2,B=adn_2",idn_2,n2,adn_2,pattern,mse,326,8.106764682541072e-07,7.854085826042129e-07,0.0008862328038411876,training_rmse_nm_s
aib_qss,"cvd:aib_qss:AIB:full:bulk_as_surface:A=idn_2,I=n2,B=adn_2",idn_2,n2,adn_2,pattern,mse,327,7.899164755506044e-07,7.854085826042129e-07,0.0008862328038411876,training_rmse_nm_s
aib_qss,"cvd:aib_qss:AIB:full:bulk_as_surface:A=idn_2,I=n2,B=adn_2",idn_2,n2,adn_2,pattern,mse,328,7.89907316509919e-07,7.854085826042129e-07,0.0008862328038411876,training_rmse_nm_s
aib_qss,"cvd:aib_qss:AIB:full:bulk_as_surface:A=idn_2,I=n2,B=adn_2",idn_2,n2,adn_2,pattern,mse,329,7.898978301358304e-07,7.854085826042129e-07,0.0008862328038411876,training_rmse_nm_s
aib_qss,"cvd:aib_qss:AIB:full:bulk_as_surface:A=idn_2,I=n2,B=adn_2",idn_2,n2,adn_2,pattern,mse,330,7.860839425053009e-07,7.854085826042129e-07,0.0008862328038411876,training_rmse_nm_s
aib_qss,"cvd:aib_qss:AIB:full:bulk_as_surface:A=idn_2,I=n2,B=adn_2",idn_2,n2,adn_2,pattern,mse,331,7.8608143205576e-07,7.854085826042129e-07,0.0008862328038411876,training_rmse_nm_s
aib_qss,"cvd:aib_qss:AIB:full:bulk_as_surface:A=idn_2,I=n2,B=adn_2",idn_2,n2,adn_2,pattern,mse,332,7.860788378150456e-07,7.854085826042129e-07,0.0008862328038411876,training_rmse_nm_s
aib_qss,"cvd:aib_qss:AIB:full:bulk_as_surface:A=idn_2,I=n2,B=adn_2",idn_2,n2,adn_2,pattern,mse,333,8.473316597905012e-07,7.854085826042129e-07,0.0008862328038411876,training_rmse_nm_s
aib_qss,"cvd:aib_qss:AIB:full:bulk_as_surface:A=idn_2,I=n2,B=adn_2",idn_2,n2,adn_2,pattern,mse,334,8.473061382726817e-07,7.854085826042129e-07,0.0008862328038411876,training_rmse_nm_s
aib_qss,"cvd:aib_qss:AIB:full:bulk_as_surface:A=idn_2,I=n2,B=adn_2",idn_2,n2,adn_2,pattern,mse,335,8.472796904073557e-07,7.854085826042129e-07,0.0008862328038411876,training_rmse_nm_s
aib_qss,"cvd:aib_qss:AIB:full:bulk_as_surface:A=idn_2,I=n2,B=adn_2",idn_2,n2,adn_2,pattern,mse,336,8.140040318587912e-07,7.854085826042129e-07,0.0008862328038411876,training_rmse_nm_s
aib_qss,"cvd:aib_qss:AIB:full:bulk_as_surface:A=idn_2,I=n2,B=adn_2",idn_2,n2,adn_2,pattern,mse,337,8.139844008904386e-07,7.854085826042129e-07,0.0008862328038411876,training_rmse_nm_s
aib_qss,"cvd:aib_qss:AIB:full:bulk_as_surface:A=idn_2,I=n2,B=adn_2",idn_2,n2,adn_2,pattern,mse,338,8.139640593532313e-07,7.854085826042129e-07,0.0008862328038411876,training_rmse_nm_s
aib_qss,"cvd:aib_qss:AIB:full:bulk_as_surface:A=idn_2,I=n2,B=adn_2",idn_2,n2,adn_2,pattern,mse,339,7.965601577541431e-07,7.854085826042129e-07,0.0008862328038411876,training_rmse_nm_s
aib_qss,"cvd:aib_qss:AIB:full:bulk_as_surface:A=idn_2,I=n2,B=adn_2",idn_2,n2,adn_2,pattern,mse,340,7.965468491854163e-07,7.854085826042129e-07,0.0008862328038411876,training_rmse_nm_s
aib_qss,"cvd:aib_qss:AIB:full:bulk_as_surface:A=idn_2,I=n2,B=adn_2",idn_2,n2,adn_2,pattern,mse,341,7.965330616418169e-07,7.854085826042129e-07,0.0008862328038411876,training_rmse_nm_s
aib_qss,"cvd:aib_qss:AIB:full:bulk_as_surface:A=idn_2,I=n2,B=adn_2",idn_2,n2,adn_2,pattern,mse,342,7.888634066593529e-07,7.854085826042129e-07,0.0008862328038411876,training_rmse_nm_s
aib_qss,"cvd:aib_qss:AIB:full:bulk_as_surface:A=idn_2,I=n2,B=adn_2",idn_2,n2,adn_2,pattern,mse,343,7.888648777215075e-07,7.854085826042129e-07,0.0008862328038411876,training_rmse_nm_s
aib_qss,"cvd:aib_qss:AIB:full:bulk_as_surface:A=idn_2,I=n2,B=adn_2",idn_2,n2,adn_2,pattern,mse,344,7.888663772500221e-07,7.854085826042129e-07,0.0008862328038411876,training_rmse_nm_s
aib_qss,"cvd:aib_qss:AIB:full:bulk_as_surface:A=idn_2,I=n2,B=adn_2",idn_2,n2,adn_2,pattern,mse,345,7.90616576078023e-07,7.854085826042129e-07,0.0008862328038411876,training_rmse_nm_s
aib_qss,"cvd:aib_qss:AIB:full:bulk_as_surface:A=idn_2,I=n2,B=adn_2",idn_2,n2,adn_2,pattern,mse,346,7.906197009553513e-07,7.854085826042129e-07,0.0008862328038411876,training_rmse_nm_s
aib_qss,"cvd:aib_qss:AIB:full:bulk_as_surface:A=idn_2,I=n2,B=adn_2",idn_2,n2,adn_2,pattern,mse,347,7.90622884317143e-07,7.854085826042129e-07,0.0008862328038411876,training_rmse_nm_s
aib_qss,"cvd:aib_qss:AIB:full:bulk_as_surface:A=idn_2,I=n2,B=adn_2",idn_2,n2,adn_2,pattern,mse,348,7.970246210725855e-07,7.854085826042129e-07,0.0008862328038411876,training_rmse_nm_s
aib_qss,"cvd:aib_qss:AIB:full:bulk_as_surface:A=idn_2,I=n2,B=adn_2",idn_2,n2,adn_2,pattern,mse,349,7.970294595306009e-07,7.854085826042129e-07,0.0008862328038411876,training_rmse_nm_s
aib_qss,"cvd:aib_qss:AIB:full:bulk_as_surface:A=idn_2,I=n2,B=adn_2",idn_2,n2,adn_2,pattern,mse,350,7.970343875757478e-07,7.854085826042129e-07,0.0008862328038411876,training_rmse_nm_s
aib_qss,"cvd:aib_qss:AIB:full:bulk_as_surface:A=idn_2,I=n2,B=adn_2",idn_2,n2,adn_2,pattern,mse,351,7.871041651112614e-07,7.854085826042129e-07,0.0008862328038411876,training_rmse_nm_s
aib_qss,"cvd:aib_qss:AIB:full:bulk_as_surface:A=idn_2,I=n2,B=adn_2",idn_2,n2,adn_2,pattern,mse,352,7.871031563759046e-07,7.854085826042129e-07,0.0008862328038411876,training_rmse_nm_s
aib_qss,"cvd:aib_qss:AIB:full:bulk_as_surface:A=idn_2,I=n2,B=adn_2",idn_2,n2,adn_2,pattern,mse,353,7.871021311350966e-07,7.854085826042129e-07,0.0008862328038411876,training_rmse_nm_s
aib_qss,"cvd:aib_qss:AIB:full:bulk_as_surface:A=idn_2,I=n2,B=adn_2",idn_2,n2,adn_2,pattern,mse,354,7.854079784517439e-07,7.854079784517439e-07,0.0008862324629868531,training_rmse_nm_s
aib_qss,"cvd:aib_qss:AIB:full:bulk_as_surface:A=idn_2,I=n2,B=adn_2",idn_2,n2,adn_2,pattern,mse,355,7.854085826042129e-07,7.854079784517439e-07,0.0008862324629868531,training_rmse_nm_s
aib_qss,"cvd:aib_qss:AIB:full:bulk_as_surface:A=idn_2,I=n2,B=adn_2",idn_2,n2,adn_2,pattern,mse,356,7.854091995264792e-07,7.854079784517439e-07,0.0008862324629868531,training_rmse_nm_s
aib_qss,"cvd:aib_qss:AIB:full:bulk_as_surface:A=idn_2,I=n2,B=adn_2",idn_2,n2,adn_2,pattern,mse,357,7.882257842395495e-07,7.854079784517439e-07,0.0008862324629868531,training_rmse_nm_s
aib_qss,"cvd:aib_qss:AIB:full:bulk_as_surface:A=idn_2,I=n2,B=adn_2",idn_2,n2,adn_2,pattern,mse,358,7.882280595392584e-07,7.854079784517439e-07,0.0008862324629868531,training_rmse_nm_s
aib_qss,"cvd:aib_qss:AIB:full:bulk_as_surface:A=idn_2,I=n2,B=adn_2",idn_2,n2,adn_2,pattern,mse,359,7.882303779412521e-07,7.854079784517439e-07,0.0008862324629868531,training_rmse_nm_s
aib_qss,"cvd:aib_qss:AIB:full:bulk_as_surface:A=idn_2,I=n2,B=adn_2",idn_2,n2,adn_2,pattern,mse,360,7.902661173306389e-07,7.854079784517439e-07,0.0008862324629868531,training_rmse_nm_s
aib_qss,"cvd:aib_qss:AIB:full:bulk_as_surface:A=idn_2,I=n2,B=adn_2",idn_2,n2,adn_2,pattern,mse,361,7.90262620260401e-07,7.854079784517439e-07,0.0008862324629868531,training_rmse_nm_s
aib_qss,"cvd:aib_qss:AIB:full:bulk_as_surface:A=idn_2,I=n2,B=adn_2",idn_2,n2,adn_2,pattern,mse,362,7.902590615588415e-07,7.854079784517439e-07,0.0008862324629868531,training_rmse_nm_s
aib_qss,"cvd:aib_qss:AIB:full:bulk_as_surface:A=idn_2,I=n2,B=adn_2",idn_2,n2,adn_2,pattern,mse,363,7.85191784427904e-07,7.85191784427904e-07,0.0008861104809378478,training_rmse_nm_s
aib_qss,"cvd:aib_qss:AIB:full:bulk_as_surface:A=idn_2,I=n2,B=adn_2",idn_2,n2,adn_2,pattern,mse,364,7.851898602936034e-07,7.851898602936034e-07,0.0008861093952179964,training_rmse_nm_s
aib_qss,"cvd:aib_qss:AIB:full:bulk_as_surface:A=idn_2,I=n2,B=adn_2",idn_2,n2,adn_2,pattern,mse,365,7.851879030780974e-07,7.851879030780974e-07,0.0008861082908302446,training_rmse_nm_s
aib_qss,"cvd:aib_qss:AIB:full:bulk_as_surface:A=idn_2,I=n2,B=adn_2",idn_2,n2,adn_2,pattern,mse,366,7.844924031404185e-07,7.844924031404185e-07,0.0008857157575319626,training_rmse_nm_s
aib_qss,"cvd:aib_qss:AIB:full:bulk_as_surface:A=idn_2,I=n2,B=adn_2",idn_2,n2,adn_2,pattern,mse,367,7.844921087251227e-07,7.844921087251227e-07,0.0008857155913300402,training_rmse_nm_s
aib_qss,"cvd:aib_qss:AIB:full:bulk_as_surface:A=idn_2,I=n2,B=adn_2",idn_2,n2,adn_2,pattern,mse,368,7.844918108091601e-07,7.844918108091601e-07,0.0008857154231519061,training_rmse_nm_s
aib_qss,"cvd:aib_qss:AIB:full:bulk_as_surface:A=idn_2,I=n2,B=adn_2",idn_2,n2,adn_2,pattern,mse,369,2.676295249863396e-05,7.844918108091601e-07,0.0008857154231519061,training_rmse_nm_s
aib_qss,"cvd:aib_qss:AIB:full:bulk_as_surface:A=idn_2,I=n2,B=adn_2",idn_2,n2,adn_2,pattern,mse,370,2.2560158350932397e-05,7.844918108091601e-07,0.0008857154231519061,training_rmse_nm_s
aib_qss,"cvd:aib_qss:AIB:full:bulk_as_surface:A=idn_2,I=n2,B=adn_2",idn_2,n2,adn_2,pattern,mse,371,8.003961394268436e-06,7.844918108091601e-07,0.0008857154231519061,training_rmse_nm_s
aib_qss,"cvd:aib_qss:AIB:full:bulk_as_surface:A=idn_2,I=n2,B=adn_2",idn_2,n2,adn_2,pattern,mse,372,6.204568314682263e-06,7.844918108091601e-07,0.0008857154231519061,training_rmse_nm_s
aib_qss,"cvd:aib_qss:AIB:full:bulk_as_surface:A=idn_2,I=n2,B=adn_2",idn_2,n2,adn_2,pattern,mse,373,6.204568332753897e-06,7.844918108091601e-07,0.0008857154231519061,training_rmse_nm_s
aib_qss,"cvd:aib_qss:AIB:full:bulk_as_surface:A=idn_2,I=n2,B=adn_2",idn_2,n2,adn_2,pattern,mse,374,6.204566507525395e-06,7.844918108091601e-07,0.0008857154231519061,training_rmse_nm_s
aib_qss,"cvd:aib_qss:AIB:full:bulk_as_surface:A=idn_2,I=n2,B=adn_2",idn_2,n2,adn_2,pattern,mse,375,2.51241705707079e-05,7.844918108091601e-07,0.0008857154231519061,training_rmse_nm_s
aib_qss,"cvd:aib_qss:AIB:full:bulk_as_surface:A=idn_2,I=n2,B=adn_2",idn_2,n2,adn_2,pattern,mse,376,2.25070948284956e-05,7.844918108091601e-07,0.0008857154231519061,training_rmse_nm_s
aib_qss,"cvd:aib_qss:AIB:full:bulk_as_surface:A=idn_2,I=n2,B=adn_2",idn_2,n2,adn_2,pattern,mse,377,7.984656289820776e-06,7.844918108091601e-07,0.0008857154231519061,training_rmse_nm_s
aib_qss,"cvd:aib_qss:AIB:full:bulk_as_surface:A=idn_2,I=n2,B=adn_2",idn_2,n2,adn_2,pattern,mse,378,0.00037728206190010694,7.844918108091601e-07,0.0008857154231519061,training_rmse_nm_s
aib_qss,"cvd:aib_qss:AIB:full:bulk_as_surface:A=idn_2,I=n2,B=adn_2",idn_2,n2,adn_2,pattern,mse,379,6.204568314682263e-06,7.844918108091601e-07,0.0008857154231519061,training_rmse_nm_s
aib_qss,"cvd:aib_qss:AIB:full:bulk_as_surface:A=idn_2,I=n2,B=adn_2",idn_2,n2,adn_2,pattern,mse,380,6.204385845134724e-06,7.844918108091601e-07,0.0008857154231519061,training_rmse_nm_s
aib_qss,"cvd:aib_qss:AIB:full:bulk_as_surface:A=idn_2,I=n2,B=adn_2",idn_2,n2,adn_2,pattern,mse,381,2.5124117372730467e-05,7.844918108091601e-07,0.0008857154231519061,training_rmse_nm_s
aib_qss,"cvd:aib_qss:AIB:full:bulk_as_surface:A=idn_2,I=n2,B=adn_2",idn_2,n2,adn_2,pattern,mse,382,2.2502635640607365e-05,7.844918108091601e-07,0.0008857154231519061,training_rmse_nm_s
aib_qss,"cvd:aib_qss:AIB:full:bulk_as_surface:A=idn_2,I=n2,B=adn_2",idn_2,n2,adn_2,pattern,mse,383,7.98451061955517e-06,7.844918108091601e-07,0.0008857154231519061,training_rmse_nm_s
aib_qss,"cvd:aib_qss:AIB:full:bulk_as_surface:A=idn_2,I=n2,B=adn_2",idn_2,n2,adn_2,pattern,mse,384,0.00037731099317716145,7.844918108091601e-07,0.0008857154231519061,training_rmse_nm_s
aib_qss,"cvd:aib_qss:AIB:full:bulk_as_surface:A=idn_2,I=n2,B=adn_2",idn_2,n2,adn_2,pattern,mse,385,6.204566507525395e-06,7.844918108091601e-07,0.0008857154231519061,training_rmse_nm_s
aib_qss,"cvd:aib_qss:AIB:full:bulk_as_surface:A=idn_2,I=n2,B=adn_2",idn_2,n2,adn_2,pattern,mse,386,6.186848099093083e-06,7.844918108091601e-07,0.0008857154231519061,training_rmse_nm_s
aib_qss,"cvd:aib_qss:AIB:full:bulk_as_surface:A=idn_2,I=n2,B=adn_2",idn_2,n2,adn_2,pattern,mse,387,1.8848307939039502e-05,7.844918108091601e-07,0.0008857154231519061,training_rmse_nm_s
aib_qss,"cvd:aib_qss:AIB:full:bulk_as_surface:A=idn_2,I=n2,B=adn_2",idn_2,n2,adn_2,pattern,mse,388,1.7622495315513223e-05,7.844918108091601e-07,0.0008857154231519061,training_rmse_nm_s
aib_qss,"cvd:aib_qss:AIB:full:bulk_as_surface:A=idn_2,I=n2,B=adn_2",idn_2,n2,adn_2,pattern,mse,389,7.795870039232654e-06,7.844918108091601e-07,0.0008857154231519061,training_rmse_nm_s
aib_qss,"cvd:aib_qss:AIB:full:bulk_as_surface:A=idn_2,I=n2,B=adn_2",idn_2,n2,adn_2,pattern,mse,390,2.093517190673084e-06,7.844918108091601e-07,0.0008857154231519061,training_rmse_nm_s
aib_qss,"cvd:aib_qss:AIB:full:bulk_as_surface:A=idn_2,I=n2,B=adn_2",idn_2,n2,adn_2,pattern,mse,391,2.0367900199265817e-06,7.844918108091601e-07,0.0008857154231519061,training_rmse_nm_s
aib_qss,"cvd:aib_qss:AIB:full:bulk_as_surface:A=idn_2,I=n2,B=adn_2",idn_2,n2,adn_2,pattern,mse,392,2.7173522604789786e-06,7.844918108091601e-07,0.0008857154231519061,training_rmse_nm_s
aib_qss,"cvd:aib_qss:AIB:full:bulk_as_surface:A=idn_2,I=n2,B=adn_2",idn_2,n2,adn_2,pattern,mse,393,3.608760549239229e-05,7.844918108091601e-07,0.0008857154231519061,training_rmse_nm_s
aib_qss,"cvd:aib_qss:AIB:full:bulk_as_surface:A=idn_2,I=n2,B=adn_2",idn_2,n2,adn_2,pattern,mse,394,1.418370895626745e-05,7.844918108091601e-07,0.0008857154231519061,training_rmse_nm_s
aib_qss,"cvd:aib_qss:AIB:full:bulk_as_surface:A=idn_2,I=n2,B=adn_2",idn_2,n2,adn_2,pattern,mse,395,6.202748296414707e-06,7.844918108091601e-07,0.0008857154231519061,training_rmse_nm_s
aib_qss,"cvd:aib_qss:AIB:full:bulk_as_surface:A=idn_2,I=n2,B=adn_2",idn_2,n2,adn_2,pattern,mse,396,0.00037757389034374933,7.844918108091601e-07,0.0008857154231519061,training_rmse_nm_s
aib_qss,"cvd:aib_qss:AIB:full:bulk_as_surface:A=idn_2,I=n2,B=adn_2",idn_2,n2,adn_2,pattern,mse,397,2.0311807666160878e-06,7.844918108091601e-07,0.0008857154231519061,training_rmse_nm_s
aib_qss,"cvd:aib_qss:AIB:full:bulk_as_surface:A=idn_2,I=n2,B=adn_2",idn_2,n2,adn_2,pattern,mse,398,2.093517190673084e-06,7.844918108091601e-07,0.0008857154231519061,training_rmse_nm_s
aib_qss,"cvd:aib_qss:AIB:full:bulk_as_surface:A=idn_2,I=n2,B=adn_2",idn_2,n2,adn_2,pattern,mse,399,3.6044733737053065e-05,7.844918108091601e-07,0.0008857154231519061,training_rmse_nm_s
aib_qss,"cvd:aib_qss:AIB:full:bulk_as_surface:A=idn_2,I=n2,B=adn_2",idn_2,n2,adn_2,pattern,mse,400,1.4211977420254588e-05,7.844918108091601e-07,0.0008857154231519061,training_rmse_nm_s
aib_qss,"cvd:aib_qss:AIB:full:bulk_as_surface:A=idn_2,I=n2,B=adn_2",idn_2,n2,adn_2,pattern,mse,401,6.204385845134724e-06,7.844918108091601e-07,0.0008857154231519061,training_rmse_nm_s
aib_qss,"cvd:aib_qss:AIB:full:bulk_as_surface:A=idn_2,I=n2,B=adn_2",idn_2,n2,adn_2,pattern,mse,402,0.00037731099317716145,7.844918108091601e-07,0.0008857154231519061,training_rmse_nm_s
aib_qss,"cvd:aib_qss:AIB:full:bulk_as_surface:A=idn_2,I=n2,B=adn_2",idn_2,n2,adn_2,pattern,mse,403,2.030620483359261e-06,7.844918108091601e-07,0.0008857154231519061,training_rmse_nm_s
aib_qss,"cvd:aib_qss:AIB:full:bulk_as_surface:A=idn_2,I=n2,B=adn_2",idn_2,n2,adn_2,pattern,mse,404,2.0367900199265817e-06,7.844918108091601e-07,0.0008857154231519061,training_rmse_nm_s
aib_qss,"cvd:aib_qss:AIB:full:bulk_as_surface:A=idn_2,I=n2,B=adn_2",idn_2,n2,adn_2,pattern,mse,405,1.8148085359607467e-05,7.844918108091601e-07,0.0008857154231519061,training_rmse_nm_s
aib_qss,"cvd:aib_qss:AIB:full:bulk_as_surface:A=idn_2,I=n2,B=adn_2",idn_2,n2,adn_2,pattern,mse,406,4.491080542213192e-06,7.844918108091601e-07,0.0008857154231519061,training_rmse_nm_s
aib_qss,"cvd:aib_qss:AIB:full:bulk_as_surface:A=idn_2,I=n2,B=adn_2",idn_2,n2,adn_2,pattern,mse,407,3.3094249384919327e-06,7.844918108091601e-07,0.0008857154231519061,training_rmse_nm_s
aib_qss,"cvd:aib_qss:AIB:full:bulk_as_surface:A=idn_2,I=n2,B=adn_2",idn_2,n2,adn_2,pattern,mse,408,5.1698122253310006e-05,7.844918108091601e-07,0.0008857154231519061,training_rmse_nm_s
aib_qss,"cvd:aib_qss:AIB:full:bulk_as_surface:A=idn_2,I=n2,B=adn_2",idn_2,n2,adn_2,pattern,mse,409,2.0305779207881676e-06,7.844918108091601e-07,0.0008857154231519061,training_rmse_nm_s
aib_qss,"cvd:aib_qss:AIB:full:bulk_as_surface:A=idn_2,I=n2,B=adn_2",idn_2,n2,adn_2,pattern,mse,410,2.030755082467165e-06,7.844918108091601e-07,0.0008857154231519061,training_rmse_nm_s
aib_qss,"cvd:aib_qss:AIB:full:bulk_as_surface:A=idn_2,I=n2,B=adn_2",idn_2,n2,adn_2,pattern,mse,411,1.814789815338904e-05,7.844918108091601e-07,0.0008857154231519061,training_rmse_nm_s
aib_qss,"cvd:aib_qss:AIB:full:bulk_as_surface:A=idn_2,I=n2,B=adn_2",idn_2,n2,adn_2,pattern,mse,412,4.4911730349080825e-06,7.844918108091601e-07,0.0008857154231519061,training_rmse_nm_s
aib_qss,"cvd:aib_qss:AIB:full:bulk_as_surface:A=idn_2,I=n2,B=adn_2",idn_2,n2,adn_2,pattern,mse,413,3.309436047661603e-06,7.844918108091601e-07,0.0008857154231519061,training_rmse_nm_s
aib_qss,"cvd:aib_qss:AIB:full:bulk_as_surface:A=idn_2,I=n2,B=adn_2",idn_2,n2,adn_2,pattern,mse,414,5.169764177660087e-05,7.844918108091601e-07,0.0008857154231519061,training_rmse_nm_s
aib_qss,"cvd:aib_qss:AIB:full:bulk_as_surface:A=idn_2,I=n2,B=adn_2",idn_2,n2,adn_2,pattern,mse,415,2.03056446146181e-06,7.844918108091601e-07,0.0008857154231519061,training_rmse_nm_s
aib_qss,"cvd:aib_qss:AIB:full:bulk_as_surface:A=idn_2,I=n2,B=adn_2",idn_2,n2,adn_2,pattern,mse,416,2.030620483359261e-06,7.844918108091601e-07,0.0008857154231519061,training_rmse_nm_s
aib_qss,"cvd:aib_qss:AIB:full:bulk_as_surface:A=idn_2,I=n2,B=adn_2",idn_2,n2,adn_2,pattern,mse,417,1.814783895373167e-05,7.844918108091601e-07,0.0008857154231519061,training_rmse_nm_s
aib_qss,"cvd:aib_qss:AIB:full:bulk_as_surface:A=idn_2,I=n2,B=adn_2",idn_2,n2,adn_2,pattern,mse,418,4.4912022841957405e-06,7.844918108091601e-07,0.0008857154231519061,training_rmse_nm_s
aib_qss,"cvd:aib_qss:AIB:full:bulk_as_surface:A=idn_2,I=n2,B=adn_2",idn_2,n2,adn_2,pattern,mse,419,3.3094395608137636e-06,7.844918108091601e-07,0.0008857154231519061,training_rmse_nm_s
aib_qss,"cvd:aib_qss:AIB:full:bulk_as_surface:A=idn_2,I=n2,B=adn_2",idn_2,n2,adn_2,pattern,mse,420,5.1697489836342254e-05,7.844918108091601e-07,0.0008857154231519061,training_rmse_nm_s
aib_qss,"cvd:aib_qss:AIB:full:bulk_as_surface:A=idn_2,I=n2,B=adn_2",idn_2,n2,adn_2,pattern,mse,421,2.030560205263148e-06,7.844918108091601e-07,0.0008857154231519061,training_rmse_nm_s
aib_qss,"cvd:aib_qss:AIB:full:bulk_as_surface:A=idn_2,I=n2,B=adn_2",idn_2,n2,adn_2,pattern,mse,422,2.0305779207881676e-06,7.844918108091601e-07,0.0008857154231519061,training_rmse_nm_s
aib_qss,"cvd:aib_qss:AIB:full:bulk_as_surface:A=idn_2,I=n2,B=adn_2",idn_2,n2,adn_2,pattern,mse,423,8.384109479573302e-06,7.844918108091601e-07,0.0008857154231519061,training_rmse_nm_s
aib_qss,"cvd:aib_qss:AIB:full:bulk_as_surface:A=idn_2,I=n2,B=adn_2",idn_2,n2,adn_2,pattern,mse,424,1.0727864835008636e-06,7.844918108091601e-07,0.0008857154231519061,training_rmse_nm_s
aib_qss,"cvd:aib_qss:AIB:full:bulk_as_surface:A=idn_2,I=n2,B=adn_2",idn_2,n2,adn_2,pattern,mse,425,2.9914958482072828e-06,7.844918108091601e-07,0.0008857154231519061,training_rmse_nm_s
aib_qss,"cvd:aib_qss:AIB:full:bulk_as_surface:A=idn_2,I=n2,B=adn_2",idn_2,n2,adn_2,pattern,mse,426,3.2566985689932406e-06,7.844918108091601e-07,0.0008857154231519061,training_rmse_nm_s
aib_qss,"cvd:aib_qss:AIB:full:bulk_as_surface:A=idn_2,I=n2,B=adn_2",idn_2,n2,adn_2,pattern,mse,427,1.0727869561528071e-06,7.844918108091601e-07,0.0008857154231519061,training_rmse_nm_s
aib_qss,"cvd:aib_qss:AIB:full:bulk_as_surface:A=idn_2,I=n2,B=adn_2",idn_2,n2,adn_2,pattern,mse,428,1.072785642995043e-06,7.844918108091601e-07,0.0008857154231519061,training_rmse_nm_s
aib_qss,"cvd:aib_qss:AIB:full:bulk_as_surface:A=idn_2,I=n2,B=adn_2",idn_2,n2,adn_2,pattern,mse,429,2.0305617372172344e-06,7.844918108091601e-07,0.0008857154231519061,training_rmse_nm_s
aib_qss,"cvd:aib_qss:AIB:full:bulk_as_surface:A=idn_2,I=n2,B=adn_2",idn_2,n2,adn_2,pattern,mse,430,4.491208204467508e-06,7.844918108091601e-07,0.0008857154231519061,training_rmse_nm_s
aib_qss,"cvd:aib_qss:AIB:full:bulk_as_surface:A=idn_2,I=n2,B=adn_2",idn_2,n2,adn_2,pattern,mse,431,2.9914943119255473e-06,7.844918108091601e-07,0.0008857154231519061,training_rmse_nm_s
aib_qss,"cvd:aib_qss:AIB:full:bulk_as_surface:A=idn_2,I=n2,B=adn_2",idn_2,n2,adn_2,pattern,mse,432,3.2566997951259994e-06,7.844918108091601e-07,0.0008857154231519061,training_rmse_nm_s
aib_qss,"cvd:aib_qss:AIB:full:bulk_as_surface:A=idn_2,I=n2,B=adn_2",idn_2,n2,adn_2,pattern,mse,433,1.0727864835008636e-06,7.844918108091601e-07,0.0008857154231519061,training_rmse_nm_s
aib_qss,"cvd:aib_qss:AIB:full:bulk_as_surface:A=idn_2,I=n2,B=adn_2",idn_2,n2,adn_2,pattern,mse,434,1.072784148345291e-06,7.844918108091601e-07,0.0008857154231519061,training_rmse_nm_s
aib_qss,"cvd:aib_qss:AIB:full:bulk_as_surface:A=idn_2,I=n2,B=adn_2",idn_2,n2,adn_2,pattern,mse,435,2.03056446146181e-06,7.844918108091601e-07,0.0008857154231519061,training_rmse_nm_s
aib_qss,"cvd:aib_qss:AIB:full:bulk_as_surface:A=idn_2,I=n2,B=adn_2",idn_2,n2,adn_2,pattern,mse,436,4.4912022841957405e-06,7.844918108091601e-07,0.0008857154231519061,training_rmse_nm_s
aib_qss,"cvd:aib_qss:AIB:full:bulk_as_surface:A=idn_2,I=n2,B=adn_2",idn_2,n2,adn_2,pattern,mse,437,2.991491579991746e-06,7.844918108091601e-07,0.0008857154231519061,training_rmse_nm_s
aib_qss,"cvd:aib_qss:AIB:full:bulk_as_surface:A=idn_2,I=n2,B=adn_2",idn_2,n2,adn_2,pattern,mse,438,3.2567019755365824e-06,7.844918108091601e-07,0.0008857154231519061,training_rmse_nm_s
aib_qss,"cvd:aib_qss:AIB:full:bulk_as_surface:A=idn_2,I=n2,B=adn_2",idn_2,n2,adn_2,pattern,mse,439,1.072785642995043e-06,7.844918108091601e-07,0.0008857154231519061,training_rmse_nm_s
aib_qss,"cvd:aib_qss:AIB:full:bulk_as_surface:A=idn_2,I=n2,B=adn_2",idn_2,n2,adn_2,pattern,mse,440,1.0727814904544358e-06,7.844918108091601e-07,0.0008857154231519061,training_rmse_nm_s
aib_qss,"cvd:aib_qss:AIB:full:bulk_as_surface:A=idn_2,I=n2,B=adn_2",idn_2,n2,adn_2,pattern,mse,441,8.715735074419998e-07,7.844918108091601e-07,0.0008857154231519061,training_rmse_nm_s
aib_qss,"cvd:aib_qss:AIB:full:bulk_as_surface:A=idn_2,I=n2,B=adn_2",idn_2,n2,adn_2,pattern,mse,442,2.3963131669422555e-06,7.844918108091601e-07,0.0008857154231519061,training_rmse_nm_s
aib_qss,"cvd:aib_qss:AIB:full:bulk_as_surface:A=idn_2,I=n2,B=adn_2",idn_2,n2,adn_2,pattern,mse,443,9.96097620679584e-07,7.844918108091601e-07,0.0008857154231519061,training_rmse_nm_s
aib_qss,"cvd:aib_qss:AIB:full:bulk_as_surface:A=idn_2,I=n2,B=adn_2",idn_2,n2,adn_2,pattern,mse,444,2.272122111778402e-06,7.844918108091601e-07,0.0008857154231519061,training_rmse_nm_s
aib_qss,"cvd:aib_qss:AIB:full:bulk_as_surface:A=idn_2,I=n2,B=adn_2",idn_2,n2,adn_2,pattern,mse,445,8.715728669037324e-07,7.844918108091601e-07,0.0008857154231519061,training_rmse_nm_s
aib_qss,"cvd:aib_qss:AIB:full:bulk_as_surface:A=idn_2,I=n2,B=adn_2",idn_2,n2,adn_2,pattern,mse,446,8.715743616198568e-07,7.844918108091601e-07,0.0008857154231519061,training_rmse_nm_s
aib_qss,"cvd:aib_qss:AIB:full:bulk_as_surface:A=idn_2,I=n2,B=adn_2",idn_2,n2,adn_2,pattern,mse,447,2.030566537496895e-06,7.844918108091601e-07,0.0008857154231519061,training_rmse_nm_s
aib_qss,"cvd:aib_qss:AIB:full:bulk_as_surface:A=idn_2,I=n2,B=adn_2",idn_2,n2,adn_2,pattern,mse,448,1.0727830093388301e-06,7.844918108091601e-07,0.0008857154231519061,training_rmse_nm_s
aib_qss,"cvd:aib_qss:AIB:full:bulk_as_surface:A=idn_2,I=n2,B=adn_2",idn_2,n2,adn_2,pattern,mse,449,9.96098177316248e-07,7.844918108091601e-07,0.0008857154231519061,training_rmse_nm_s
aib_qss,"cvd:aib_qss:AIB:full:bulk_as_surface:A=idn_2,I=n2,B=adn_2",idn_2,n2,adn_2,pattern,mse,450,2.272119381478293e-06,7.844918108091601e-07,0.0008857154231519061,training_rmse_nm_s
aib_qss,"cvd:aib_qss:AIB:full:bulk_as_surface:A=idn_2,I=n2,B=adn_2",idn_2,n2,adn_2,pattern,mse,451,8.715723865704617e-07,7.844918108091601e-07,0.0008857154231519061,training_rmse_nm_s
aib_qss,"cvd:aib_qss:AIB:full:bulk_as_surface:A=idn_2,I=n2,B=adn_2",idn_2,n2,adn_2,pattern,mse,452,8.715735074419998e-07,7.844918108091601e-07,0.0008857154231519061,training_rmse_nm_s
aib_qss,"cvd:aib_qss:AIB:full:bulk_as_surface:A=idn_2,I=n2,B=adn_2",idn_2,n2,adn_2,pattern,mse,453,2.03056446146181e-06,7.844918108091601e-07,0.0008857154231519061,training_rmse_nm_s
aib_qss,"cvd:aib_qss:AIB:full:bulk_as_surface:A=idn_2,I=n2,B=adn_2",idn_2,n2,adn_2,pattern,mse,454,1.072784148345291e-06,7.844918108091601e-07,0.0008857154231519061,training_rmse_nm_s
aib_qss,"cvd:aib_qss:AIB:full:bulk_as_surface:A=idn_2,I=n2,B=adn_2",idn_2,n2,adn_2,pattern,mse,455,9.960985947375462e-07,7.844918108091601e-07,0.0008857154231519061,training_rmse_nm_s
aib_qss,"cvd:aib_qss:AIB:full:bulk_as_surface:A=idn_2,I=n2,B=adn_2",idn_2,n2,adn_2,pattern,mse,456,2.2721173340445605e-06,7.844918108091601e-07,0.0008857154231519061,training_rmse_nm_s
aib_qss,"cvd:aib_qss:AIB:full:bulk_as_surface:A=idn_2,I=n2,B=adn_2",idn_2,n2,adn_2,pattern,mse,457,8.715720263728408e-07,7.844918108091601e-07,0.0008857154231519061,training_rmse_nm_s
aib_qss,"cvd:aib_qss:AIB:full:bulk_as_surface:A=idn_2,I=n2,B=adn_2",idn_2,n2,adn_2,pattern,mse,458,8.715728669037324e-07,7.844918108091601e-07,0.0008857154231519061,training_rmse_nm_s
aib_qss,"cvd:aib_qss:AIB:full:bulk_as_surface:A=idn_2,I=n2,B=adn_2",idn_2,n2,adn_2,pattern,mse,459,1.2730951783058092e-06,7.844918108091601e-07,0.0008857154231519061,training_rmse_nm_s
aib_qss,"cvd:aib_qss:AIB:full:bulk_as_surface:A=idn_2,I=n2,B=adn_2",idn_2,n2,adn_2,pattern,mse,460,8.132440220975417e-07,7.844918108091601e-07,0.0008857154231519061,training_rmse_nm_s
aib_qss,"cvd:aib_qss:AIB:full:bulk_as_surface:A=idn_2,I=n2,B=adn_2",idn_2,n2,adn_2,pattern,mse,461,9.623154095700351e-07,7.844918108091601e-07,0.0008857154231519061,training_rmse_nm_s
aib_qss,"cvd:aib_qss:AIB:full:bulk_as_surface:A=idn_2,I=n2,B=adn_2",idn_2,n2,adn_2,pattern,mse,462,9.565791913415253e-07,7.844918108091601e-07,0.0008857154231519061,training_rmse_nm_s
aib_qss,"cvd:aib_qss:AIB:full:bulk_as_surface:A=idn_2,I=n2,B=adn_2",idn_2,n2,adn_2,pattern,mse,463,8.132441196427244e-07,7.844918108091601e-07,0.0008857154231519061,training_rmse_nm_s
aib_qss,"cvd:aib_qss:AIB:full:bulk_as_surface:A=idn_2,I=n2,B=adn_2",idn_2,n2,adn_2,pattern,mse,464,8.132439094544345e-07,7.844918108091601e-07,0.0008857154231519061,training_rmse_nm_s
aib_qss,"cvd:aib_qss:AIB:full:bulk_as_surface:A=idn_2,I=n2,B=adn_2",idn_2,n2,adn_2,pattern,mse,465,8.715721935346572e-07,7.844918108091601e-07,0.0008857154231519061,training_rmse_nm_s
aib_qss,"cvd:aib_qss:AIB:full:bulk_as_surface:A=idn_2,I=n2,B=adn_2",idn_2,n2,adn_2,pattern,mse,466,1.0727846060904212e-06,7.844918108091601e-07,0.0008857154231519061,training_rmse_nm_s
aib_qss,"cvd:aib_qss:AIB:full:bulk_as_surface:A=idn_2,I=n2,B=adn_2",idn_2,n2,adn_2,pattern,mse,467,9.623151507936682e-07,7.844918108091601e-07,0.0008857154231519061,training_rmse_nm_s
aib_qss,"cvd:aib_qss:AIB:full:bulk_as_surface:A=idn_2,I=n2,B=adn_2",idn_2,n2,adn_2,pattern,mse,468,9.565792716697923e-07,7.844918108091601e-07,0.0008857154231519061,training_rmse_nm_s
aib_qss,"cvd:aib_qss:AIB:full:bulk_as_surface:A=idn_2,I=n2,B=adn_2",idn_2,n2,adn_2,pattern,mse,469,8.132440220975417e-07,7.844918108091601e-07,0.0008857154231519061,training_rmse_nm_s
aib_qss,"cvd:aib_qss:AIB:full:bulk_as_surface:A=idn_2,I=n2,B=adn_2",idn_2,n2,adn_2,pattern,mse,470,8.132437793766196e-07,7.844918108091601e-07,0.0008857154231519061,training_rmse_nm_s
aib_qss,"cvd:aib_qss:AIB:full:bulk_as_surface:A=idn_2,I=n2,B=adn_2",idn_2,n2,adn_2,pattern,mse,471,8.715723865704617e-07,7.844918108091601e-07,0.0008857154231519061,training_rmse_nm_s
aib_qss,"cvd:aib_qss:AIB:full:bulk_as_surface:A=idn_2,I=n2,B=adn_2",idn_2,n2,adn_2,pattern,mse,472,1.072784148345291e-06,7.844918108091601e-07,0.0008857154231519061,training_rmse_nm_s
aib_qss,"cvd:aib_qss:AIB:full:bulk_as_surface:A=idn_2,I=n2,B=adn_2",idn_2,n2,adn_2,pattern,mse,473,9.623148519637984e-07,7.844918108091601e-07,0.0008857154231519061,training_rmse_nm_s
aib_qss,"cvd:aib_qss:AIB:full:bulk_as_surface:A=idn_2,I=n2,B=adn_2",idn_2,n2,adn_2,pattern,mse,474,9.565793644318313e-07,7.844918108091601e-07,0.0008857154231519061,training_rmse_nm_s
aib_qss,"cvd:aib_qss:AIB:full:bulk_as_surface:A=idn_2,I=n2,B=adn_2",idn_2,n2,adn_2,pattern,mse,475,8.132439094544345e-07,7.844918108091601e-07,0.0008857154231519061,training_rmse_nm_s
aib_qss,"cvd:aib_qss:AIB:full:bulk_as_surface:A=idn_2,I=n2,B=adn_2",idn_2,n2,adn_2,pattern,mse,476,8.132436291656589e-07,7.844918108091601e-07,0.0008857154231519061,training_rmse_nm_s
aib_qss,"cvd:aib_qss:AIB:full:bulk_as_surface:A=idn_2,I=n2,B=adn_2",idn_2,n2,adn_2,pattern,mse,477,8.008213066105192e-07,7.844918108091601e-07,0.0008857154231519061,training_rmse_nm_s
aib_qss,"cvd:aib_qss:AIB:full:bulk_as_surface:A=idn_2,I=n2,B=adn_2",idn_2,n2,adn_2,pattern,mse,478,9.052932299048914e-07,7.844918108091601e-07,0.0008857154231519061,training_rmse_nm_s
aib_qss,"cvd:aib_qss:AIB:full:bulk_as_surface:A=idn_2,I=n2,B=adn_2",idn_2,n2,adn_2,pattern,mse,479,7.901689102049111e-07,7.844918108091601e-07,0.0008857154231519061,training_rmse_nm_s
aib_qss,"cvd:aib_qss:AIB:full:bulk_as_surface:A=idn_2,I=n2,B=adn_2",idn_2,n2,adn_2,pattern,mse,480,8.937584942827237e-07,7.844918108091601e-07,0.0008857154231519061,training_rmse_nm_s
aib_qss,"cvd:aib_qss:AIB:full:bulk_as_surface:A=idn_2,I=n2,B=adn_2",idn_2,n2,adn_2,pattern,mse,481,7.901689508474868e-07,7.844918108091601e-07,0.0008857154231519061,training_rmse_nm_s
aib_qss,"cvd:aib_qss:AIB:full:bulk_as_surface:A=idn_2,I=n2,B=adn_2",idn_2,n2,adn_2,pattern,mse,482,7.901688665302379e-07,7.844918108091601e-07,0.0008857154231519061,training_rmse_nm_s
aib_qss,"cvd:aib_qss:AIB:full:bulk_as_surface:A=idn_2,I=n2,B=adn_2",idn_2,n2,adn_2,pattern,mse,483,8.005545953635426e-07,7.844918108091601e-07,0.0008857154231519061,training_rmse_nm_s
aib_qss,"cvd:aib_qss:AIB:full:bulk_as_surface:A=idn_2,I=n2,B=adn_2",idn_2,n2,adn_2,pattern,mse,484,8.580668970912429e-07,7.844918108091601e-07,0.0008857154231519061,training_rmse_nm_s
aib_qss,"cvd:aib_qss:AIB:full:bulk_as_surface:A=idn_2,I=n2,B=adn_2",idn_2,n2,adn_2,pattern,mse,485,8.4742006674785e-07,7.844918108091601e-07,0.0008857154231519061,training_rmse_nm_s
aib_qss,"cvd:aib_qss:AIB:full:bulk_as_surface:A=idn_2,I=n2,B=adn_2",idn_2,n2,adn_2,pattern,mse,486,8.008213271471948e-07,7.844918108091601e-07,0.0008857154231519061,training_rmse_nm_s
aib_qss,"cvd:aib_qss:AIB:full:bulk_as_surface:A=idn_2,I=n2,B=adn_2",idn_2,n2,adn_2,pattern,mse,487,7.901689102049111e-07,7.844918108091601e-07,0.0008857154231519061,training_rmse_nm_s
aib_qss,"cvd:aib_qss:AIB:full:bulk_as_surface:A=idn_2,I=n2,B=adn_2",idn_2,n2,adn_2,pattern,mse,488,7.901688195972827e-07,7.844918108091601e-07,0.0008857154231519061,training_rmse_nm_s
aib_qss,"cvd:aib_qss:AIB:full:bulk_as_surface:A=idn_2,I=n2,B=adn_2",idn_2,n2,adn_2,pattern,mse,489,8.005546524096002e-07,7.844918108091601e-07,0.0008857154231519061,training_rmse_nm_s
aib_qss,"cvd:aib_qss:AIB:full:bulk_as_surface:A=idn_2,I=n2,B=adn_2",idn_2,n2,adn_2,pattern,mse,490,8.580667448528606e-07,7.844918108091601e-07,0.0008857154231519061,training_rmse_nm_s
aib_qss,"cvd:aib_qss:AIB:full:bulk_as_surface:A=idn_2,I=n2,B=adn_2",idn_2,n2,adn_2,pattern,mse,491,8.474199599332107e-07,7.844918108091601e-07,0.0008857154231519061,training_rmse_nm_s
aib_qss,"cvd:aib_qss:AIB:full:bulk_as_surface:A=idn_2,I=n2,B=adn_2",idn_2,n2,adn_2,pattern,mse,492,8.008213492162544e-07,7.844918108091601e-07,0.0008857154231519061,training_rmse_nm_s
aib_qss,"cvd:aib_qss:AIB:full:bulk_as_surface:A=idn_2,I=n2,B=adn_2",idn_2,n2,adn_2,pattern,mse,493,7.901688665302379e-07,7.844918108091601e-07,0.0008857154231519061,training_rmse_nm_s
aib_qss,"cvd:aib_qss:AIB:full:bulk_as_surface:A=idn_2,I=n2,B=adn_2",idn_2,n2,adn_2,pattern,mse,494,7.901687691629782e-07,7.844918108091601e-07,0.0008857154231519061,training_rmse_nm_s
aib_qss,"cvd:aib_qss:AIB:full:bulk_as_surface:A=idn_2,I=n2,B=adn_2",idn_2,n2,adn_2,pattern,mse,495,7.853774892052951e-07,7.844918108091601e-07,0.0008857154231519061,training_rmse_nm_s
aib_qss,"cvd:aib_qss:AIB:full:bulk_as_surface:A=idn_2,I=n2,B=adn_2",idn_2,n2,adn_2,pattern,mse,496,8.145415140836001e-07,7.844918108091601e-07,0.0008857154231519061,training_rmse_nm_s
aib_qss,"cvd:aib_qss:AIB:full:bulk_as_surface:A=idn_2,I=n2,B=adn_2",idn_2,n2,adn_2,pattern,mse,497,7.932434586632083e-07,7.844918108091601e-07,0.0008857154231519061,training_rmse_nm_s
aib_qss,"cvd:aib_qss:AIB:full:bulk_as_surface:A=idn_2,I=n2,B=adn_2",idn_2,n2,adn_2,pattern,mse,498,7.955623296188614e-07,7.844918108091601e-07,0.0008857154231519061,training_rmse_nm_s
aib_qss,"cvd:aib_qss:AIB:full:bulk_as_surface:A=idn_2,I=n2,B=adn_2",idn_2,n2,adn_2,pattern,mse,499,7.853774863537813e-07,7.844918108091601e-07,0.0008857154231519061,training_rmse_nm_s
aib_qss,"cvd:aib_qss:AIB:full:bulk_as_surface:A=idn_2,I=n2,B=adn_2",idn_2,n2,adn_2,pattern,mse,500,7.853774921613235e-07,7.844918108091601e-07,0.0008857154231519061,training_rmse_nm_s
aib_qss,"cvd:aib_qss:AIB:full:bulk_as_surface:A=idn_2,I=n2,B=adn_2",idn_2,n2,adn_2,pattern,mse,501,8.005546825094193e-07,7.844918108091601e-07,0.0008857154231519061,training_rmse_nm_s
aib_qss,"cvd:aib_qss:AIB:full:bulk_as_surface:A=idn_2,I=n2,B=adn_2",idn_2,n2,adn_2,pattern,mse,502,7.901687948336792e-07,7.844918108091601e-07,0.0008857154231519061,training_rmse_nm_s
aib_qss,"cvd:aib_qss:AIB:full:bulk_as_surface:A=idn_2,I=n2,B=adn_2",idn_2,n2,adn_2,pattern,mse,503,7.932434736457855e-07,7.844918108091601e-07,0.0008857154231519061,training_rmse_nm_s
aib_qss,"cvd:aib_qss:AIB:full:bulk_as_surface:A=idn_2,I=n2,B=adn_2",idn_2,n2,adn_2,pattern,mse,504,7.955623076213644e-07,7.844918108091601e-07,0.0008857154231519061,training_rmse_nm_s
aib_qss,"cvd:aib_qss:AIB:full:bulk_as_surface:A=idn_2,I=n2,B=adn_2",idn_2,n2,adn_2,pattern,mse,505,7.853774836030905e-07,7.844918108091601e-07,0.0008857154231519061,training_rmse_nm_s
aib_qss,"cvd:aib_qss:AIB:full:bulk_as_surface:A=idn_2,I=n2,B=adn_2",idn_2,n2,adn_2,pattern,mse,506,7.853774892052951e-07,7.844918108091601e-07,0.0008857154231519061,training_rmse_nm_s
aib_qss,"cvd:aib_qss:AIB:full:bulk_as_surface:A=idn_2,I=n2,B=adn_2",idn_2,n2,adn_2,pattern,mse,507,8.005546524096002e-07,7.844918108091601e-07,0.0008857154231519061,training_rmse_nm_s
aib_qss,"cvd:aib_qss:AIB:full:bulk_as_surface:A=idn_2,I=n2,B=adn_2",idn_2,n2,adn_2,pattern,mse,508,7.901688195972827e-07,7.844918108091601e-07,0.0008857154231519061,training_rmse_nm_s
aib_qss,"cvd:aib_qss:AIB:full:bulk_as_surface:A=idn_2,I=n2,B=adn_2",idn_2,n2,adn_2,pattern,mse,509,7.932434880989623e-07,7.844918108091601e-07,0.0008857154231519061,training_rmse_nm_s
aib_qss,"cvd:aib_qss:AIB:full:bulk_as_surface:A=idn_2,I=n2,B=adn_2",idn_2,n2,adn_2,pattern,mse,510,7.955622864012727e-07,7.844918108091601e-07,0.0008857154231519061,training_rmse_nm_s
aib_qss,"cvd:aib_qss:AIB:full:bulk_as_surface:A=idn_2,I=n2,B=adn_2",idn_2,n2,adn_2,pattern,mse,511,7.853774809496493e-07,7.844918108091601e-07,0.0008857154231519061,training_rmse_nm_s
aib_qss,"cvd:aib_qss:AIB:full:bulk_as_surface:A=idn_2,I=n2,B=adn_2",idn_2,n2,adn_2,pattern,mse,512,7.853774863537813e-07,7.844918108091601e-07,0.0008857154231519061,training_rmse_nm_s
aib_qss,"cvd:aib_qss:AIB:full:bulk_as_surface:A=idn_2,I=n2,B=adn_2",idn_2,n2,adn_2,pattern,mse,513,7.904475080243321e-07,7.844918108091601e-07,0.0008857154231519061,training_rmse_nm_s
aib_qss,"cvd:aib_qss:AIB:full:bulk_as_surface:A=idn_2,I=n2,B=adn_2",idn_2,n2,adn_2,pattern,mse,514,7.85300274365365e-07,7.844918108091601e-07,0.0008857154231519061,training_rmse_nm_s
aib_qss,"cvd:aib_qss:AIB:full:bulk_as_surface:A=idn_2,I=n2,B=adn_2",idn_2,n2,adn_2,pattern,mse,515,7.904610394086391e-07,7.844918108091601e-07,0.0008857154231519061,training_rmse_nm_s
aib_qss,"cvd:aib_qss:AIB:full:bulk_as_surface:A=idn_2,I=n2,B=adn_2",idn_2,n2,adn_2,pattern,mse,516,7.845113403859982e-07,7.844918108091601e-07,0.0008857154231519061,training_rmse_nm_s
aib_qss,"cvd:aib_qss:AIB:full:bulk_as_surface:A=idn_2,I=n2,B=adn_2",idn_2,n2,adn_2,pattern,mse,517,7.845113413900061e-07,7.844918108091601e-07,0.0008857154231519061,training_rmse_nm_s
aib_qss,"cvd:aib_qss:AIB:full:bulk_as_surface:A=idn_2,I=n2,B=adn_2",idn_2,n2,adn_2,pattern,mse,518,7.845113393637784e-07,7.844918108091601e-07,0.0008857154231519061,training_rmse_nm_s
aib_qss,"cvd:aib_qss:AIB:full:bulk_as_surface:A=idn_2,I=n2,B=adn_2",idn_2,n2,adn_2,pattern,mse,519,7.881034631987386e-07,7.844918108091601e-07,0.0008857154231519061,training_rmse_nm_s
aib_qss,"cvd:aib_qss:AIB:full:bulk_as_surface:A=idn_2,I=n2,B=adn_2",idn_2,n2,adn_2,pattern,mse,520,7.859382816159507e-07,7.844918108091601e-07,0.0008857154231519061,training_rmse_nm_s
aib_qss,"cvd:aib_qss:AIB:full:bulk_as_surface:A=idn_2,I=n2,B=adn_2",idn_2,n2,adn_2,pattern,mse,521,7.85300269114521e-07,7.844918108091601e-07,0.0008857154231519061,training_rmse_nm_s
aib_qss,"cvd:aib_qss:AIB:full:bulk_as_surface:A=idn_2,I=n2,B=adn_2",idn_2,n2,adn_2,pattern,mse,522,7.883116440311937e-07,7.844918108091601e-07,0.0008857154231519061,training_rmse_nm_s
aib_qss,"cvd:aib_qss:AIB:full:bulk_as_surface:A=idn_2,I=n2,B=adn_2",idn_2,n2,adn_2,pattern,mse,523,7.845113403859982e-07,7.844918108091601e-07,0.0008857154231519061,training_rmse_nm_s
aib_qss,"cvd:aib_qss:AIB:full:bulk_as_surface:A=idn_2,I=n2,B=adn_2",idn_2,n2,adn_2,pattern,mse,524,7.845113383230172e-07,7.844918108091601e-07,0.0008857154231519061,training_rmse_nm_s
aib_qss,"cvd:aib_qss:AIB:full:bulk_as_surface:A=idn_2,I=n2,B=adn_2",idn_2,n2,adn_2,pattern,mse,525,7.881034689522285e-07,7.844918108091601e-07,0.0008857154231519061,training_rmse_nm_s
aib_qss,"cvd:aib_qss:AIB:full:bulk_as_surface:A=idn_2,I=n2,B=adn_2",idn_2,n2,adn_2,pattern,mse,526,7.859382737628141e-07,7.844918108091601e-07,0.0008857154231519061,training_rmse_nm_s
aib_qss,"cvd:aib_qss:AIB:full:bulk_as_surface:A=idn_2,I=n2,B=adn_2",idn_2,n2,adn_2,pattern,mse,527,7.853002637683822e-07,7.844918108091601e-07,0.0008857154231519061,training_rmse_nm_s
aib_qss,"cvd:aib_qss:AIB:full:bulk_as_surface:A=idn_2,I=n2,B=adn_2",idn_2,n2,adn_2,pattern,mse,528,7.883116474506274e-07,7.844918108091601e-07,0.0008857154231519061,training_rmse_nm_s
aib_qss,"cvd:aib_qss:AIB:full:bulk_as_surface:A=idn_2,I=n2,B=adn_2",idn_2,n2,adn_2,pattern,mse,529,7.845113393637784e-07,7.844918108091601e-07,0.0008857154231519061,training_rmse_nm_s
aib_qss,"cvd:aib_qss:AIB:full:bulk_as_surface:A=idn_2,I=n2,B=adn_2",idn_2,n2,adn_2,pattern,mse,530,7.845113372633737e-07,7.844918108091601e-07,0.0008857154231519061,training_rmse_nm_s
aib_qss,"cvd:aib_qss:AIB:full:bulk_as_surface:A=idn_2,I=n2,B=adn_2",idn_2,n2,adn_2,pattern,mse,531,2.6784998280457318e-05,7.844918108091601e-07,0.0008857154231519061,training_rmse_nm_s
aib_qss,"cvd:aib_qss:AIB:full:bulk_as_surface:A=idn_2,I=n2,B=adn_2",idn_2,n2,adn_2,pattern,mse,532,2.2556188496752677e-05,7.844918108091601e-07,0.0008857154231519061,training_rmse_nm_s
aib_qss,"cvd:aib_qss:AIB:full:bulk_as_surface:A=idn_2,I=n2,B=adn_2",idn_2,n2,adn_2,pattern,mse,533,8.004009896297974e-06,7.844918108091601e-07,0.0008857154231519061,training_rmse_nm_s
aib_qss,"cvd:aib_qss:AIB:full:bulk_as_surface:A=idn_2,I=n2,B=adn_2",idn_2,n2,adn_2,pattern,mse,534,8.003814770557681e-06,7.844918108091601e-07,0.0008857154231519061,training_rmse_nm_s
aib_qss,"cvd:aib_qss:AIB:full:bulk_as_surface:A=idn_2,I=n2,B=adn_2",idn_2,n2,adn_2,pattern,mse,535,8.003959942078212e-06,7.844918108091601e-07,0.0008857154231519061,training_rmse_nm_s
aib_qss,"cvd:aib_qss:AIB:full:bulk_as_surface:A=idn_2,I=n2,B=adn_2",idn_2,n2,adn_2,pattern,mse,536,7.9897686321944e-06,7.844918108091601e-07,0.0008857154231519061,training_rmse_nm_s
aib_qss,"cvd:aib_qss:AIB:full:bulk_as_surface:A=idn_2,I=n2,B=adn_2",idn_2,n2,adn_2,pattern,mse,537,2.678361664482223e-05,7.844918108091601e-07,0.0008857154231519061,training_rmse_nm_s
aib_qss,"cvd:aib_qss:AIB:full:bulk_as_surface:A=idn_2,I=n2,B=adn_2",idn_2,n2,adn_2,pattern,mse,538,2.211739095017248e-05,7.844918108091601e-07,0.0008857154231519061,training_rmse_nm_s
aib_qss,"cvd:aib_qss:AIB:full:bulk_as_surface:A=idn_2,I=n2,B=adn_2",idn_2,n2,adn_2,pattern,mse,539,7.989962320171724e-06,7.844918108091601e-07,0.0008857154231519061,training_rmse_nm_s
aib_qss,"cvd:aib_qss:AIB:full:bulk_as_surface:A=idn_2,I=n2,B=adn_2",idn_2,n2,adn_2,pattern,mse,540,7.970415213572807e-06,7.844918108091601e-07,0.0008857154231519061,training_rmse_nm_s
aib_qss,"cvd:aib_qss:AIB:full:bulk_as_surface:A=idn_2,I=n2,B=adn_2",idn_2,n2,adn_2,pattern,mse,541,7.98451061955517e-06,7.844918108091601e-07,0.0008857154231519061,training_rmse_nm_s
aib_qss,"cvd:aib_qss:AIB:full:bulk_as_surface:A=idn_2,I=n2,B=adn_2",idn_2,n2,adn_2,pattern,mse,542,8.924412324491046e-06,7.844918108091601e-07,0.0008857154231519061,training_rmse_nm_s
aib_qss,"cvd:aib_qss:AIB:full:bulk_as_surface:A=idn_2,I=n2,B=adn_2",idn_2,n2,adn_2,pattern,mse,543,2.676162876013164e-05,7.844918108091601e-07,0.0008857154231519061,training_rmse_nm_s
aib_qss,"cvd:aib_qss:AIB:full:bulk_as_surface:A=idn_2,I=n2,B=adn_2",idn_2,n2,adn_2,pattern,mse,544,2.211686229617398e-05,7.844918108091601e-07,0.0008857154231519061,training_rmse_nm_s
aib_qss,"cvd:aib_qss:AIB:full:bulk_as_surface:A=idn_2,I=n2,B=adn_2",idn_2,n2,adn_2,pattern,mse,545,7.9897686321944e-06,7.844918108091601e-07,0.0008857154231519061,training_rmse_nm_s
aib_qss,"cvd:aib_qss:AIB:full:bulk_as_surface:A=idn_2,I=n2,B=adn_2",idn_2,n2,adn_2,pattern,mse,546,6.186848099093083e-06,7.844918108091601e-07,0.0008857154231519061,training_rmse_nm_s
aib_qss,"cvd:aib_qss:AIB:full:bulk_as_surface:A=idn_2,I=n2,B=adn_2",idn_2,n2,adn_2,pattern,mse,547,6.204385845134724e-06,7.844918108091601e-07,0.0008857154231519061,training_rmse_nm_s
aib_qss,"cvd:aib_qss:AIB:full:bulk_as_surface:A=idn_2,I=n2,B=adn_2",idn_2,n2,adn_2,pattern,mse,548,7.094736286337296e-06,7.844918108091601e-07,0.0008857154231519061,training_rmse_nm_s
aib_qss,"cvd:aib_qss:AIB:full:bulk_as_surface:A=idn_2,I=n2,B=adn_2",idn_2,n2,adn_2,pattern,mse,549,1.8848307939039502e-05,7.844918108091601e-07,0.0008857154231519061,training_rmse_nm_s
aib_qss,"cvd:aib_qss:AIB:full:bulk_as_surface:A=idn_2,I=n2,B=adn_2",idn_2,n2,adn_2,pattern,mse,550,1.7622495315513223e-05,7.844918108091601e-07,0.0008857154231519061,training_rmse_nm_s
aib_qss,"cvd:aib_qss:AIB:full:bulk_as_surface:A=idn_2,I=n2,B=adn_2",idn_2,n2,adn_2,pattern,mse,551,7.795870039232654e-06,7.844918108091601e-07,0.0008857154231519061,training_rmse_nm_s
aib_qss,"cvd:aib_qss:AIB:full:bulk_as_surface:A=idn_2,I=n2,B=adn_2",idn_2,n2,adn_2,pattern,mse,552,2.093517190673084e-06,7.844918108091601e-07,0.0008857154231519061,training_rmse_nm_s
aib_qss,"cvd:aib_qss:AIB:full:bulk_as_surface:A=idn_2,I=n2,B=adn_2",idn_2,n2,adn_2,pattern,mse,553,2.0367900199265817e-06,7.844918108091601e-07,0.0008857154231519061,training_rmse_nm_s
aib_qss,"cvd:aib_qss:AIB:full:bulk_as_surface:A=idn_2,I=n2,B=adn_2",idn_2,n2,adn_2,pattern,mse,554,2.7173522604789786e-06,7.844918108091601e-07,0.0008857154231519061,training_rmse_nm_s
aib_qss,"cvd:aib_qss:AIB:full:bulk_as_surface:A=idn_2,I=n2,B=adn_2",idn_2,n2,adn_2,pattern,mse,555,3.608760549239229e-05,7.844918108091601e-07,0.0008857154231519061,training_rmse_nm_s
aib_qss,"cvd:aib_qss:AIB:full:bulk_as_surface:A=idn_2,I=n2,B=adn_2",idn_2,n2,adn_2,pattern,mse,556,1.418370895626745e-05,7.844918108091601e-07,0.0008857154231519061,training_rmse_nm_s
aib_qss,"cvd:aib_qss:AIB:full:bulk_as_surface:A=idn_2,I=n2,B=adn_2",idn_2,n2,adn_2,pattern,mse,557,6.202748296414707e-06,7.844918108091601e-07,0.0008857154231519061,training_rmse_nm_s
aib_qss,"cvd:aib_qss:AIB:full:bulk_as_surface:A=idn_2,I=n2,B=adn_2",idn_2,n2,adn_2,pattern,mse,558,0.00037757389034374933,7.844918108091601e-07,0.0008857154231519061,training_rmse_nm_s
aib_qss,"cvd:aib_qss:AIB:full:bulk_as_surface:A=idn_2,I=n2,B=adn_2",idn_2,n2,adn_2,pattern,mse,559,2.0311807666160878e-06,7.844918108091601e-07,0.0008857154231519061,training_rmse_nm_s
aib_qss,"cvd:aib_qss:AIB:full:bulk_as_surface:A=idn_2,I=n2,B=adn_2",idn_2,n2,adn_2,pattern,mse,560,2.093517190673084e-06,7.844918108091601e-07,0.0008857154231519061,training_rmse_nm_s
aib_qss,"cvd:aib_qss:AIB:full:bulk_as_surface:A=idn_2,I=n2,B=adn_2",idn_2,n2,adn_2,pattern,mse,561,3.6044733737053065e-05,7.844918108091601e-07,0.0008857154231519061,training_rmse_nm_s
aib_qss,"cvd:aib_qss:AIB:full:bulk_as_surface:A=idn_2,I=n2,B=adn_2",idn_2,n2,adn_2,pattern,mse,562,1.4211977420254588e-05,7.844918108091601e-07,0.0008857154231519061,training_rmse_nm_s
aib_qss,"cvd:aib_qss:AIB:full:bulk_as_surface:A=idn_2,I=n2,B=adn_2",idn_2,n2,adn_2,pattern,mse,563,6.204385845134724e-06,7.844918108091601e-07,0.0008857154231519061,training_rmse_nm_s
aib_qss,"cvd:aib_qss:AIB:full:bulk_as_surface:A=idn_2,I=n2,B=adn_2",idn_2,n2,adn_2,pattern,mse,564,0.00037731099317716145,7.844918108091601e-07,0.0008857154231519061,training_rmse_nm_s
aib_qss,"cvd:aib_qss:AIB:full:bulk_as_surface:A=idn_2,I=n2,B=adn_2",idn_2,n2,adn_2,pattern,mse,565,2.030620483359261e-06,7.844918108091601e-07,0.0008857154231519061,training_rmse_nm_s
aib_qss,"cvd:aib_qss:AIB:full:bulk_as_surface:A=idn_2,I=n2,B=adn_2",idn_2,n2,adn_2,pattern,mse,566,2.0367900199265817e-06,7.844918108091601e-07,0.0008857154231519061,training_rmse_nm_s
aib_qss,"cvd:aib_qss:AIB:full:bulk_as_surface:A=idn_2,I=n2,B=adn_2",idn_2,n2,adn_2,pattern,mse,567,1.8148085359607467e-05,7.844918108091601e-07,0.0008857154231519061,training_rmse_nm_s
aib_qss,"cvd:aib_qss:AIB:full:bulk_as_surface:A=idn_2,I=n2,B=adn_2",idn_2,n2,adn_2,pattern,mse,568,4.491080542213192e-06,7.844918108091601e-07,0.0008857154231519061,training_rmse_nm_s
aib_qss,"cvd:aib_qss:AIB:full:bulk_as_surface:A=idn_2,I=n2,B=adn_2",idn_2,n2,adn_2,pattern,mse,569,3.3094249384919327e-06,7.844918108091601e-07,0.0008857154231519061,training_rmse_nm_s
aib_qss,"cvd:aib_qss:AIB:full:bulk_as_surface:A=idn_2,I=n2,B=adn_2",idn_2,n2,adn_2,pattern,mse,570,5.1698122253310006e-05,7.844918108091601e-07,0.0008857154231519061,training_rmse_nm_s
aib_qss,"cvd:aib_qss:AIB:full:bulk_as_surface:A=idn_2,I=n2,B=adn_2",idn_2,n2,adn_2,pattern,mse,571,2.0305779207881676e-06,7.844918108091601e-07,0.0008857154231519061,training_rmse_nm_s
aib_qss,"cvd:aib_qss:AIB:full:bulk_as_surface:A=idn_2,I=n2,B=adn_2",idn_2,n2,adn_2,pattern,mse,572,2.030755082467165e-06,7.844918108091601e-07,0.0008857154231519061,training_rmse_nm_s
aib_qss,"cvd:aib_qss:AIB:full:bulk_as_surface:A=idn_2,I=n2,B=adn_2",idn_2,n2,adn_2,pattern,mse,573,1.814789815338904e-05,7.844918108091601e-07,0.0008857154231519061,training_rmse_nm_s
aib_qss,"cvd:aib_qss:AIB:full:bulk_as_surface:A=idn_2,I=n2,B=adn_2",idn_2,n2,adn_2,pattern,mse,574,4.4911730349080825e-06,7.844918108091601e-07,0.0008857154231519061,training_rmse_nm_s
aib_qss,"cvd:aib_qss:AIB:full:bulk_as_surface:A=idn_2,I=n2,B=adn_2",idn_2,n2,adn_2,pattern,mse,575,3.309436047661603e-06,7.844918108091601e-07,0.0008857154231519061,training_rmse_nm_s
aib_qss,"cvd:aib_qss:AIB:full:bulk_as_surface:A=idn_2,I=n2,B=adn_2",idn_2,n2,adn_2,pattern,mse,576,5.169764177660087e-05,7.844918108091601e-07,0.0008857154231519061,training_rmse_nm_s
aib_qss,"cvd:aib_qss:AIB:full:bulk_as_surface:A=idn_2,I=n2,B=adn_2",idn_2,n2,adn_2,pattern,mse,577,2.03056446146181e-06,7.844918108091601e-07,0.0008857154231519061,training_rmse_nm_s
aib_qss,"cvd:aib_qss:AIB:full:bulk_as_surface:A=idn_2,I=n2,B=adn_2",idn_2,n2,adn_2,pattern,mse,578,2.030620483359261e-06,7.844918108091601e-07,0.0008857154231519061,training_rmse_nm_s
aib_qss,"cvd:aib_qss:AIB:full:bulk_as_surface:A=idn_2,I=n2,B=adn_2",idn_2,n2,adn_2,pattern,mse,579,1.814783895373167e-05,7.844918108091601e-07,0.0008857154231519061,training_rmse_nm_s
aib_qss,"cvd:aib_qss:AIB:full:bulk_as_surface:A=idn_2,I=n2,B=adn_2",idn_2,n2,adn_2,pattern,mse,580,4.4912022841957405e-06,7.844918108091601e-07,0.0008857154231519061,training_rmse_nm_s
aib_qss,"cvd:aib_qss:AIB:full:bulk_as_surface:A=idn_2,I=n2,B=adn_2",idn_2,n2,adn_2,pattern,mse,581,3.3094395608137636e-06,7.844918108091601e-07,0.0008857154231519061,training_rmse_nm_s
aib_qss,"cvd:aib_qss:AIB:full:bulk_as_surface:A=idn_2,I=n2,B=adn_2",idn_2,n2,adn_2,pattern,mse,582,5.1697489836342254e-05,7.844918108091601e-07,0.0008857154231519061,training_rmse_nm_s
aib_qss,"cvd:aib_qss:AIB:full:bulk_as_surface:A=idn_2,I=n2,B=adn_2",idn_2,n2,adn_2,pattern,mse,583,2.030560205263148e-06,7.844918108091601e-07,0.0008857154231519061,training_rmse_nm_s
aib_qss,"cvd:aib_qss:AIB:full:bulk_as_surface:A=idn_2,I=n2,B=adn_2",idn_2,n2,adn_2,pattern,mse,584,2.0305779207881676e-06,7.844918108091601e-07,0.0008857154231519061,training_rmse_nm_s
aib_qss,"cvd:aib_qss:AIB:full:bulk_as_surface:A=idn_2,I=n2,B=adn_2",idn_2,n2,adn_2,pattern,mse,585,8.384109479573302e-06,7.844918108091601e-07,0.0008857154231519061,training_rmse_nm_s
aib_qss,"cvd:aib_qss:AIB:full:bulk_as_surface:A=idn_2,I=n2,B=adn_2",idn_2,n2,adn_2,pattern,mse,586,1.0727864835008636e-06,7.844918108091601e-07,0.0008857154231519061,training_rmse_nm_s
aib_qss,"cvd:aib_qss:AIB:full:bulk_as_surface:A=idn_2,I=n2,B=adn_2",idn_2,n2,adn_2,pattern,mse,587,2.9914958482072828e-06,7.844918108091601e-07,0.0008857154231519061,training_rmse_nm_s
aib_qss,"cvd:aib_qss:AIB:full:bulk_as_surface:A=idn_2,I=n2,B=adn_2",idn_2,n2,adn_2,pattern,mse,588,3.2566985689932406e-06,7.844918108091601e-07,0.0008857154231519061,training_rmse_nm_s
aib_qss,"cvd:aib_qss:AIB:full:bulk_as_surface:A=idn_2,I=n2,B=adn_2",idn_2,n2,adn_2,pattern,mse,589,1.0727869561528071e-06,7.844918108091601e-07,0.0008857154231519061,training_rmse_nm_s
aib_qss,"cvd:aib_qss:AIB:full:bulk_as_surface:A=idn_2,I=n2,B=adn_2",idn_2,n2,adn_2,pattern,mse,590,1.072785642995043e-06,7.844918108091601e-07,0.0008857154231519061,training_rmse_nm_s
aib_qss,"cvd:aib_qss:AIB:full:bulk_as_surface:A=idn_2,I=n2,B=adn_2",idn_2,n2,adn_2,pattern,mse,591,2.0305617372172344e-06,7.844918108091601e-07,0.0008857154231519061,training_rmse_nm_s
aib_qss,"cvd:aib_qss:AIB:full:bulk_as_surface:A=idn_2,I=n2,B=adn_2",idn_2,n2,adn_2,pattern,mse,592,4.491208204467508e-06,7.844918108091601e-07,0.0008857154231519061,training_rmse_nm_s
aib_qss,"cvd:aib_qss:AIB:full:bulk_as_surface:A=idn_2,I=n2,B=adn_2",idn_2,n2,adn_2,pattern,mse,593,2.9914943119255473e-06,7.844918108091601e-07,0.0008857154231519061,training_rmse_nm_s
aib_qss,"cvd:aib_qss:AIB:full:bulk_as_surface:A=idn_2,I=n2,B=adn_2",idn_2,n2,adn_2,pattern,mse,594,3.2566997951259994e-06,7.844918108091601e-07,0.0008857154231519061,training_rmse_nm_s
aib_qss,"cvd:aib_qss:AIB:full:bulk_as_surface:A=idn_2,I=n2,B=adn_2",idn_2,n2,adn_2,pattern,mse,595,1.0727864835008636e-06,7.844918108091601e-07,0.0008857154231519061,training_rmse_nm_s
aib_qss,"cvd:aib_qss:AIB:full:bulk_as_surface:A=idn_2,I=n2,B=adn_2",idn_2,n2,adn_2,pattern,mse,596,1.072784148345291e-06,7.844918108091601e-07,0.0008857154231519061,training_rmse_nm_s
aib_qss,"cvd:aib_qss:AIB:full:bulk_as_surface:A=idn_2,I=n2,B=adn_2",idn_2,n2,adn_2,pattern,mse,597,2.03056446146181e-06,7.844918108091601e-07,0.0008857154231519061,training_rmse_nm_s
aib_qss,"cvd:aib_qss:AIB:full:bulk_as_surface:A=idn_2,I=n2,B=adn_2",idn_2,n2,adn_2,pattern,mse,598,4.4912022841957405e-06,7.844918108091601e-07,0.0008857154231519061,training_rmse_nm_s
aib_qss,"cvd:aib_qss:AIB:full:bulk_as_surface:A=idn_2,I=n2,B=adn_2",idn_2,n2,adn_2,pattern,mse,599,2.991491579991746e-06,7.844918108091601e-07,0.0008857154231519061,training_rmse_nm_s
aib_qss,"cvd:aib_qss:AIB:full:bulk_as_surface:A=idn_2,I=n2,B=adn_2",idn_2,n2,adn_2,pattern,mse,600,3.2567019755365824e-06,7.844918108091601e-07,0.0008857154231519061,training_rmse_nm_s
aib_qss,"cvd:aib_qss:AIB:full:bulk_as_surface:A=idn_2,I=n2,B=adn_2",idn_2,n2,adn_2,pattern,mse,601,1.072785642995043e-06,7.844918108091601e-07,0.0008857154231519061,training_rmse_nm_s
aib_qss,"cvd:aib_qss:AIB:full:bulk_as_surface:A=idn_2,I=n2,B=adn_2",idn_2,n2,adn_2,pattern,mse,602,1.0727814904544358e-06,7.844918108091601e-07,0.0008857154231519061,training_rmse_nm_s
aib_qss,"cvd:aib_qss:AIB:full:bulk_as_surface:A=idn_2,I=n2,B=adn_2",idn_2,n2,adn_2,pattern,mse,603,8.715735074419998e-07,7.844918108091601e-07,0.0008857154231519061,training_rmse_nm_s
aib_qss,"cvd:aib_qss:AIB:full:bulk_as_surface:A=idn_2,I=n2,B=adn_2",idn_2,n2,adn_2,pattern,mse,604,2.3963131669422555e-06,7.844918108091601e-07,0.0008857154231519061,training_rmse_nm_s
aib_qss,"cvd:aib_qss:AIB:full:bulk_as_surface:A=idn_2,I=n2,B=adn_2",idn_2,n2,adn_2,pattern,mse,605,9.96097620679584e-07,7.844918108091601e-07,0.0008857154231519061,training_rmse_nm_s
aib_qss,"cvd:aib_qss:AIB:full:bulk_as_surface:A=idn_2,I=n2,B=adn_2",idn_2,n2,adn_2,pattern,mse,606,2.272122111778402e-06,7.844918108091601e-07,0.0008857154231519061,training_rmse_nm_s
aib_qss,"cvd:aib_qss:AIB:full:bulk_as_surface:A=idn_2,I=n2,B=adn_2",idn_2,n2,adn_2,pattern,mse,607,8.715728669037324e-07,7.844918108091601e-07,0.0008857154231519061,training_rmse_nm_s
aib_qss,"cvd:aib_qss:AIB:full:bulk_as_surface:A=idn_2,I=n2,B=adn_2",idn_2,n2,adn_2,pattern,mse,608,8.715743616198568e-07,7.844918108091601e-07,0.0008857154231519061,training_rmse_nm_s
aib_qss,"cvd:aib_qss:AIB:full:bulk_as_surface:A=idn_2,I=n2,B=adn_2",idn_2,n2,adn_2,pattern,mse,609,2.030566537496895e-06,7.844918108091601e-07,0.0008857154231519061,training_rmse_nm_s
aib_qss,"cvd:aib_qss:AIB:full:bulk_as_surface:A=idn_2,I=n2,B=adn_2",idn_2,n2,adn_2,pattern,mse,610,1.0727830093388301e-06,7.844918108091601e-07,0.0008857154231519061,training_rmse_nm_s
aib_qss,"cvd:aib_qss:AIB:full:bulk_as_surface:A=idn_2,I=n2,B=adn_2",idn_2,n2,adn_2,pattern,mse,611,9.96098177316248e-07,7.844918108091601e-07,0.0008857154231519061,training_rmse_nm_s
aib_qss,"cvd:aib_qss:AIB:full:bulk_as_surface:A=idn_2,I=n2,B=adn_2",idn_2,n2,adn_2,pattern,mse,612,2.272119381478293e-06,7.844918108091601e-07,0.0008857154231519061,training_rmse_nm_s
aib_qss,"cvd:aib_qss:AIB:full:bulk_as_surface:A=idn_2,I=n2,B=adn_2",idn_2,n2,adn_2,pattern,mse,613,8.715723865704617e-07,7.844918108091601e-07,0.0008857154231519061,training_rmse_nm_s
aib_qss,"cvd:aib_qss:AIB:full:bulk_as_surface:A=idn_2,I=n2,B=adn_2",idn_2,n2,adn_2,pattern,mse,614,8.715735074419998e-07,7.844918108091601e-07,0.0008857154231519061,training_rmse_nm_s
aib_qss,"cvd:aib_qss:AIB:full:bulk_as_surface:A=idn_2,I=n2,B=adn_2",idn_2,n2,adn_2,pattern,mse,615,2.03056446146181e-06,7.844918108091601e-07,0.0008857154231519061,training_rmse_nm_s
aib_qss,"cvd:aib_qss:AIB:full:bulk_as_surface:A=idn_2,I=n2,B=adn_2",idn_2,n2,adn_2,pattern,mse,616,1.072784148345291e-06,7.844918108091601e-07,0.0008857154231519061,training_rmse_nm_s
aib_qss,"cvd:aib_qss:AIB:full:bulk_as_surface:A=idn_2,I=n2,B=adn_2",idn_2,n2,adn_2,pattern,mse,617,9.960985947375462e-07,7.844918108091601e-07,0.0008857154231519061,training_rmse_nm_s
aib_qss,"cvd:aib_qss:AIB:full:bulk_as_surface:A=idn_2,I=n2,B=adn_2",idn_2,n2,adn_2,pattern,mse,618,2.2721173340445605e-06,7.844918108091601e-07,0.0008857154231519061,training_rmse_nm_s
aib_qss,"cvd:aib_qss:AIB:full:bulk_as_surface:A=idn_2,I=n2,B=adn_2",idn_2,n2,adn_2,pattern,mse,619,8.715720263728408e-07,7.844918108091601e-07,0.0008857154231519061,training_rmse_nm_s
aib_qss,"cvd:aib_qss:AIB:full:bulk_as_surface:A=idn_2,I=n2,B=adn_2",idn_2,n2,adn_2,pattern,mse,620,8.715728669037324e-07,7.844918108091601e-07,0.0008857154231519061,training_rmse_nm_s
aib_qss,"cvd:aib_qss:AIB:full:bulk_as_surface:A=idn_2,I=n2,B=adn_2",idn_2,n2,adn_2,pattern,mse,621,1.2730951783058092e-06,7.844918108091601e-07,0.0008857154231519061,training_rmse_nm_s
aib_qss,"cvd:aib_qss:AIB:full:bulk_as_surface:A=idn_2,I=n2,B=adn_2",idn_2,n2,adn_2,pattern,mse,622,8.132440220975417e-07,7.844918108091601e-07,0.0008857154231519061,training_rmse_nm_s
aib_qss,"cvd:aib_qss:AIB:full:bulk_as_surface:A=idn_2,I=n2,B=adn_2",idn_2,n2,adn_2,pattern,mse,623,9.623154095700351e-07,7.844918108091601e-07,0.0008857154231519061,training_rmse_nm_s
aib_qss,"cvd:aib_qss:AIB:full:bulk_as_surface:A=idn_2,I=n2,B=adn_2",idn_2,n2,adn_2,pattern,mse,624,9.565791913415253e-07,7.844918108091601e-07,0.0008857154231519061,training_rmse_nm_s
aib_qss,"cvd:aib_qss:AIB:full:bulk_as_surface:A=idn_2,I=n2,B=adn_2",idn_2,n2,adn_2,pattern,mse,625,8.132441196427244e-07,7.844918108091601e-07,0.0008857154231519061,training_rmse_nm_s
aib_qss,"cvd:aib_qss:AIB:full:bulk_as_surface:A=idn_2,I=n2,B=adn_2",idn_2,n2,adn_2,pattern,mse,626,8.132439094544345e-07,7.844918108091601e-07,0.0008857154231519061,training_rmse_nm_s
aib_qss,"cvd:aib_qss:AIB:full:bulk_as_surface:A=idn_2,I=n2,B=adn_2",idn_2,n2,adn_2,pattern,mse,627,8.715721935346572e-07,7.844918108091601e-07,0.0008857154231519061,training_rmse_nm_s
aib_qss,"cvd:aib_qss:AIB:full:bulk_as_surface:A=idn_2,I=n2,B=adn_2",idn_2,n2,adn_2,pattern,mse,628,1.0727846060904212e-06,7.844918108091601e-07,0.0008857154231519061,training_rmse_nm_s
aib_qss,"cvd:aib_qss:AIB:full:bulk_as_surface:A=idn_2,I=n2,B=adn_2",idn_2,n2,adn_2,pattern,mse,629,9.623151507936682e-07,7.844918108091601e-07,0.0008857154231519061,training_rmse_nm_s
aib_qss,"cvd:aib_qss:AIB:full:bulk_as_surface:A=idn_2,I=n2,B=adn_2",idn_2,n2,adn_2,pattern,mse,630,9.565792716697923e-07,7.844918108091601e-07,0.0008857154231519061,training_rmse_nm_s
aib_qss,"cvd:aib_qss:AIB:full:bulk_as_surface:A=idn_2,I=n2,B=adn_2",idn_2,n2,adn_2,pattern,mse,631,8.132440220975417e-07,7.844918108091601e-07,0.0008857154231519061,training_rmse_nm_s
aib_qss,"cvd:aib_qss:AIB:full:bulk_as_surface:A=idn_2,I=n2,B=adn_2",idn_2,n2,adn_2,pattern,mse,632,8.132437793766196e-07,7.844918108091601e-07,0.0008857154231519061,training_rmse_nm_s
aib_qss,"cvd:aib_qss:AIB:full:bulk_as_surface:A=idn_2,I=n2,B=adn_2",idn_2,n2,adn_2,pattern,mse,633,8.715723865704617e-07,7.844918108091601e-07,0.0008857154231519061,training_rmse_nm_s
aib_qss,"cvd:aib_qss:AIB:full:bulk_as_surface:A=idn_2,I=n2,B=adn_2",idn_2,n2,adn_2,pattern,mse,634,1.072784148345291e-06,7.844918108091601e-07,0.0008857154231519061,training_rmse_nm_s
aib_qss,"cvd:aib_qss:AIB:full:bulk_as_surface:A=idn_2,I=n2,B=adn_2",idn_2,n2,adn_2,pattern,mse,635,9.623148519637984e-07,7.844918108091601e-07,0.0008857154231519061,training_rmse_nm_s
aib_qss,"cvd:aib_qss:AIB:full:bulk_as_surface:A=idn_2,I=n2,B=adn_2",idn_2,n2,adn_2,pattern,mse,636,9.565793644318313e-07,7.844918108091601e-07,0.0008857154231519061,training_rmse_nm_s
aib_qss,"cvd:aib_qss:AIB:full:bulk_as_surface:A=idn_2,I=n2,B=adn_2",idn_2,n2,adn_2,pattern,mse,637,8.132439094544345e-07,7.844918108091601e-07,0.0008857154231519061,training_rmse_nm_s
aib_qss,"cvd:aib_qss:AIB:full:bulk_as_surface:A=idn_2,I=n2,B=adn_2",idn_2,n2,adn_2,pattern,mse,638,8.132436291656589e-07,7.844918108091601e-07,0.0008857154231519061,training_rmse_nm_s
aib_qss,"cvd:aib_qss:AIB:full:bulk_as_surface:A=idn_2,I=n2,B=adn_2",idn_2,n2,adn_2,pattern,mse,639,8.008213066105192e-07,7.844918108091601e-07,0.0008857154231519061,training_rmse_nm_s
aib_qss,"cvd:aib_qss:AIB:full:bulk_as_surface:A=idn_2,I=n2,B=adn_2",idn_2,n2,adn_2,pattern,mse,640,9.052932299048914e-07,7.844918108091601e-07,0.0008857154231519061,training_rmse_nm_s
aib_qss,"cvd:aib_qss:AIB:full:bulk_as_surface:A=idn_2,I=n2,B=adn_2",idn_2,n2,adn_2,pattern,mse,641,7.901689102049111e-07,7.844918108091601e-07,0.0008857154231519061,training_rmse_nm_s
aib_qss,"cvd:aib_qss:AIB:full:bulk_as_surface:A=idn_2,I=n2,B=adn_2",idn_2,n2,adn_2,pattern,mse,642,8.937584942827237e-07,7.844918108091601e-07,0.0008857154231519061,training_rmse_nm_s
aib_qss,"cvd:aib_qss:AIB:full:bulk_as_surface:A=idn_2,I=n2,B=adn_2",idn_2,n2,adn_2,pattern,mse,643,7.901689508474868e-07,7.844918108091601e-07,0.0008857154231519061,training_rmse_nm_s
aib_qss,"cvd:aib_qss:AIB:full:bulk_as_surface:A=idn_2,I=n2,B=adn_2",idn_2,n2,adn_2,pattern,mse,644,7.901688665302379e-07,7.844918108091601e-07,0.0008857154231519061,training_rmse_nm_s
aib_qss,"cvd:aib_qss:AIB:full:bulk_as_surface:A=idn_2,I=n2,B=adn_2",idn_2,n2,adn_2,pattern,mse,645,8.005545953635426e-07,7.844918108091601e-07,0.0008857154231519061,training_rmse_nm_s
aib_qss,"cvd:aib_qss:AIB:full:bulk_as_surface:A=idn_2,I=n2,B=adn_2",idn_2,n2,adn_2,pattern,mse,646,8.580668970912429e-07,7.844918108091601e-07,0.0008857154231519061,training_rmse_nm_s
aib_qss,"cvd:aib_qss:AIB:full:bulk_as_surface:A=idn_2,I=n2,B=adn_2",idn_2,n2,adn_2,pattern,mse,647,8.4742006674785e-07,7.844918108091601e-07,0.0008857154231519061,training_rmse_nm_s
aib_qss,"cvd:aib_qss:AIB:full:bulk_as_surface:A=idn_2,I=n2,B=adn_2",idn_2,n2,adn_2,pattern,mse,648,8.008213271471948e-07,7.844918108091601e-07,0.0008857154231519061,training_rmse_nm_s
aib_qss,"cvd:aib_qss:AIB:full:bulk_as_surface:A=idn_2,I=n2,B=adn_2",idn_2,n2,adn_2,pattern,mse,649,7.901689102049111e-07,7.844918108091601e-07,0.0008857154231519061,training_rmse_nm_s
aib_qss,"cvd:aib_qss:AIB:full:bulk_as_surface:A=idn_2,I=n2,B=adn_2",idn_2,n2,adn_2,pattern,mse,650,7.901688195972827e-07,7.844918108091601e-07,0.0008857154231519061,training_rmse_nm_s
aib_qss,"cvd:aib_qss:AIB:full:bulk_as_surface:A=idn_2,I=n2,B=adn_2",idn_2,n2,adn_2,pattern,mse,651,8.005546524096002e-07,7.844918108091601e-07,0.0008857154231519061,training_rmse_nm_s
aib_qss,"cvd:aib_qss:AIB:full:bulk_as_surface:A=idn_2,I=n2,B=adn_2",idn_2,n2,adn_2,pattern,mse,652,8.580667448528606e-07,7.844918108091601e-07,0.0008857154231519061,training_rmse_nm_s
aib_qss,"cvd:aib_qss:AIB:full:bulk_as_surface:A=idn_2,I=n2,B=adn_2",idn_2,n2,adn_2,pattern,mse,653,8.474199599332107e-07,7.844918108091601e-07,0.0008857154231519061,training_rmse_nm_s
aib_qss,"cvd:aib_qss:AIB:full:bulk_as_surface:A=idn_2,I=n2,B=adn_2",idn_2,n2,adn_2,pattern,mse,654,8.008213492162544e-07,7.844918108091601e-07,0.0008857154231519061,training_rmse_nm_s
aib_qss,"cvd:aib_qss:AIB:full:bulk_as_surface:A=idn_2,I=n2,B=adn_2",idn_2,n2,adn_2,pattern,mse,655,7.901688665302379e-07,7.844918108091601e-07,0.0008857154231519061,training_rmse_nm_s
aib_qss,"cvd:aib_qss:AIB:full:bulk_as_surface:A=idn_2,I=n2,B=adn_2",idn_2,n2,adn_2,pattern,mse,656,7.901687691629782e-07,7.844918108091601e-07,0.0008857154231519061,training_rmse_nm_s
aib_qss,"cvd:aib_qss:AIB:full:bulk_as_surface:A=idn_2,I=n2,B=adn_2",idn_2,n2,adn_2,pattern,mse,657,7.853774892052951e-07,7.844918108091601e-07,0.0008857154231519061,training_rmse_nm_s
aib_qss,"cvd:aib_qss:AIB:full:bulk_as_surface:A=idn_2,I=n2,B=adn_2",idn_2,n2,adn_2,pattern,mse,658,8.145415140836001e-07,7.844918108091601e-07,0.0008857154231519061,training_rmse_nm_s
aib_qss,"cvd:aib_qss:AIB:full:bulk_as_surface:A=idn_2,I=n2,B=adn_2",idn_2,n2,adn_2,pattern,mse,659,7.932434586632083e-07,7.844918108091601e-07,0.0008857154231519061,training_rmse_nm_s
aib_qss,"cvd:aib_qss:AIB:full:bulk_as_surface:A=idn_2,I=n2,B=adn_2",idn_2,n2,adn_2,pattern,mse,660,7.955623296188614e-07,7.844918108091601e-07,0.0008857154231519061,training_rmse_nm_s
aib_qss,"cvd:aib_qss:AIB:full:bulk_as_surface:A=idn_2,I=n2,B=adn_2",idn_2,n2,adn_2,pattern,mse,661,7.853774863537813e-07,7.844918108091601e-07,0.0008857154231519061,training_rmse_nm_s
aib_qss,"cvd:aib_qss:AIB:full:bulk_as_surface:A=idn_2,I=n2,B=adn_2",idn_2,n2,adn_2,pattern,mse,662,7.853774921613235e-07,7.844918108091601e-07,0.0008857154231519061,training_rmse_nm_s
aib_qss,"cvd:aib_qss:AIB:full:bulk_as_surface:A=idn_2,I=n2,B=adn_2",idn_2,n2,adn_2,pattern,mse,663,8.005546825094193e-07,7.844918108091601e-07,0.0008857154231519061,training_rmse_nm_s
aib_qss,"cvd:aib_qss:AIB:full:bulk_as_surface:A=idn_2,I=n2,B=adn_2",idn_2,n2,adn_2,pattern,mse,664,7.901687948336792e-07,7.844918108091601e-07,0.0008857154231519061,training_rmse_nm_s
aib_qss,"cvd:aib_qss:AIB:full:bulk_as_surface:A=idn_2,I=n2,B=adn_2",idn_2,n2,adn_2,pattern,mse,665,7.932434736457855e-07,7.844918108091601e-07,0.0008857154231519061,training_rmse_nm_s
aib_qss,"cvd:aib_qss:AIB:full:bulk_as_surface:A=idn_2,I=n2,B=adn_2",idn_2,n2,adn_2,pattern,mse,666,7.955623076213644e-07,7.844918108091601e-07,0.0008857154231519061,training_rmse_nm_s
aib_qss,"cvd:aib_qss:AIB:full:bulk_as_surface:A=idn_2,I=n2,B=adn_2",idn_2,n2,adn_2,pattern,mse,667,7.853774836030905e-07,7.844918108091601e-07,0.0008857154231519061,training_rmse_nm_s
aib_qss,"cvd:aib_qss:AIB:full:bulk_as_surface:A=idn_2,I=n2,B=adn_2",idn_2,n2,adn_2,pattern,mse,668,7.853774892052951e-07,7.844918108091601e-07,0.0008857154231519061,training_rmse_nm_s
aib_qss,"cvd:aib_qss:AIB:full:bulk_as_surface:A=idn_2,I=n2,B=adn_2",idn_2,n2,adn_2,pattern,mse,669,8.005546524096002e-07,7.844918108091601e-07,0.0008857154231519061,training_rmse_nm_s
aib_qss,"cvd:aib_qss:AIB:full:bulk_as_surface:A=idn_2,I=n2,B=adn_2",idn_2,n2,adn_2,pattern,mse,670,7.901688195972827e-07,7.844918108091601e-07,0.0008857154231519061,training_rmse_nm_s
aib_qss,"cvd:aib_qss:AIB:full:bulk_as_surface:A=idn_2,I=n2,B=adn_2",idn_2,n2,adn_2,pattern,mse,671,7.932434880989623e-07,7.844918108091601e-07,0.0008857154231519061,training_rmse_nm_s
aib_qss,"cvd:aib_qss:AIB:full:bulk_as_surface:A=idn_2,I=n2,B=adn_2",idn_2,n2,adn_2,pattern,mse,672,7.955622864012727e-07,7.844918108091601e-07,0.0008857154231519061,training_rmse_nm_s
aib_qss,"cvd:aib_qss:AIB:full:bulk_as_surface:A=idn_2,I=n2,B=adn_2",idn_2,n2,adn_2,pattern,mse,673,7.853774809496493e-07,7.844918108091601e-07,0.0008857154231519061,training_rmse_nm_s
aib_qss,"cvd:aib_qss:AIB:full:bulk_as_surface:A=idn_2,I=n2,B=adn_2",idn_2,n2,adn_2,pattern,mse,674,7.853774863537813e-07,7.844918108091601e-07,0.0008857154231519061,training_rmse_nm_s
aib_qss,"cvd:aib_qss:AIB:full:bulk_as_surface:A=idn_2,I=n2,B=adn_2",idn_2,n2,adn_2,pattern,mse,675,7.904475080243321e-07,7.844918108091601e-07,0.0008857154231519061,training_rmse_nm_s
aib_qss,"cvd:aib_qss:AIB:full:bulk_as_surface:A=idn_2,I=n2,B=adn_2",idn_2,n2,adn_2,pattern,mse,676,7.85300274365365e-07,7.844918108091601e-07,0.0008857154231519061,training_rmse_nm_s
aib_qss,"cvd:aib_qss:AIB:full:bulk_as_surface:A=idn_2,I=n2,B=adn_2",idn_2,n2,adn_2,pattern,mse,677,7.904610394086391e-07,7.844918108091601e-07,0.0008857154231519061,training_rmse_nm_s
aib_qss,"cvd:aib_qss:AIB:full:bulk_as_surface:A=idn_2,I=n2,B=adn_2",idn_2,n2,adn_2,pattern,mse,678,7.845113403859982e-07,7.844918108091601e-07,0.0008857154231519061,training_rmse_nm_s
aib_qss,"cvd:aib_qss:AIB:full:bulk_as_surface:A=idn_2,I=n2,B=adn_2",idn_2,n2,adn_2,pattern,mse,679,7.845113413900061e-07,7.844918108091601e-07,0.0008857154231519061,training_rmse_nm_s
aib_qss,"cvd:aib_qss:AIB:full:bulk_as_surface:A=idn_2,I=n2,B=adn_2",idn_2,n2,adn_2,pattern,mse,680,7.845113393637784e-07,7.844918108091601e-07,0.0008857154231519061,training_rmse_nm_s
aib_qss,"cvd:aib_qss:AIB:full:bulk_as_surface:A=idn_2,I=n2,B=adn_2",idn_2,n2,adn_2,pattern,mse,681,7.881034631987386e-07,7.844918108091601e-07,0.0008857154231519061,training_rmse_nm_s
aib_qss,"cvd:aib_qss:AIB:full:bulk_as_surface:A=idn_2,I=n2,B=adn_2",idn_2,n2,adn_2,pattern,mse,682,7.859382816159507e-07,7.844918108091601e-07,0.0008857154231519061,training_rmse_nm_s
aib_qss,"cvd:aib_qss:AIB:full:bulk_as_surface:A=idn_2,I=n2,B=adn_2",idn_2,n2,adn_2,pattern,mse,683,7.85300269114521e-07,7.844918108091601e-07,0.0008857154231519061,training_rmse_nm_s
aib_qss,"cvd:aib_qss:AIB:full:bulk_as_surface:A=idn_2,I=n2,B=adn_2",idn_2,n2,adn_2,pattern,mse,684,7.883116440311937e-07,7.844918108091601e-07,0.0008857154231519061,training_rmse_nm_s
aib_qss,"cvd:aib_qss:AIB:full:bulk_as_surface:A=idn_2,I=n2,B=adn_2",idn_2,n2,adn_2,pattern,mse,685,7.845113403859982e-07,7.844918108091601e-07,0.0008857154231519061,training_rmse_nm_s
aib_qss,"cvd:aib_qss:AIB:full:bulk_as_surface:A=idn_2,I=n2,B=adn_2",idn_2,n2,adn_2,pattern,mse,686,7.845113383230172e-07,7.844918108091601e-07,0.0008857154231519061,training_rmse_nm_s
aib_qss,"cvd:aib_qss:AIB:full:bulk_as_surface:A=idn_2,I=n2,B=adn_2",idn_2,n2,adn_2,pattern,mse,687,7.881034689522285e-07,7.844918108091601e-07,0.0008857154231519061,training_rmse_nm_s
aib_qss,"cvd:aib_qss:AIB:full:bulk_as_surface:A=idn_2,I=n2,B=adn_2",idn_2,n2,adn_2,pattern,mse,688,7.859382737628141e-07,7.844918108091601e-07,0.0008857154231519061,training_rmse_nm_s
aib_qss,"cvd:aib_qss:AIB:full:bulk_as_surface:A=idn_2,I=n2,B=adn_2",idn_2,n2,adn_2,pattern,mse,689,7.853002637683822e-07,7.844918108091601e-07,0.0008857154231519061,training_rmse_nm_s
aib_qss,"cvd:aib_qss:AIB:full:bulk_as_surface:A=idn_2,I=n2,B=adn_2",idn_2,n2,adn_2,pattern,mse,690,7.883116474506274e-07,7.844918108091601e-07,0.0008857154231519061,training_rmse_nm_s
aib_qss,"cvd:aib_qss:AIB:full:bulk_as_surface:A=idn_2,I=n2,B=adn_2",idn_2,n2,adn_2,pattern,mse,691,7.845113393637784e-07,7.844918108091601e-07,0.0008857154231519061,training_rmse_nm_s
aib_qss,"cvd:aib_qss:AIB:full:bulk_as_surface:A=idn_2,I=n2,B=adn_2",idn_2,n2,adn_2,pattern,mse,692,7.845113372633737e-07,7.844918108091601e-07,0.0008857154231519061,training_rmse_nm_s
aib_qss,"cvd:aib_qss:AIB:full:bulk_as_surface:A=idn_2,I=n2,B=adn_2",idn_2,n2,adn_2,pattern,mse,693,2.678501001046302e-05,7.844918108091601e-07,0.0008857154231519061,training_rmse_nm_s
aib_qss,"cvd:aib_qss:AIB:full:bulk_as_surface:A=idn_2,I=n2,B=adn_2",idn_2,n2,adn_2,pattern,mse,694,2.2560694466744576e-05,7.844918108091601e-07,0.0008857154231519061,training_rmse_nm_s
aib_qss,"cvd:aib_qss:AIB:full:bulk_as_surface:A=idn_2,I=n2,B=adn_2",idn_2,n2,adn_2,pattern,mse,695,8.004156514905521e-06,7.844918108091601e-07,0.0008857154231519061,training_rmse_nm_s
aib_qss,"cvd:aib_qss:AIB:full:bulk_as_surface:A=idn_2,I=n2,B=adn_2",idn_2,n2,adn_2,pattern,mse,696,8.003961394268436e-06,7.844918108091601e-07,0.0008857154231519061,training_rmse_nm_s
aib_qss,"cvd:aib_qss:AIB:full:bulk_as_surface:A=idn_2,I=n2,B=adn_2",idn_2,n2,adn_2,pattern,mse,697,8.003961408790377e-06,7.844918108091601e-07,0.0008857154231519061,training_rmse_nm_s
aib_qss,"cvd:aib_qss:AIB:full:bulk_as_surface:A=idn_2,I=n2,B=adn_2",idn_2,n2,adn_2,pattern,mse,698,8.003959942078212e-06,7.844918108091601e-07,0.0008857154231519061,training_rmse_nm_s
aib_qss,"cvd:aib_qss:AIB:full:bulk_as_surface:A=idn_2,I=n2,B=adn_2",idn_2,n2,adn_2,pattern,mse,699,2.6784790948397577e-05,7.844918108091601e-07,0.0008857154231519061,training_rmse_nm_s
aib_qss,"cvd:aib_qss:AIB:full:bulk_as_surface:A=idn_2,I=n2,B=adn_2",idn_2,n2,adn_2,pattern,mse,700,2.2560644537684117e-05,7.844918108091601e-07,0.0008857154231519061,training_rmse_nm_s
aib_qss,"cvd:aib_qss:AIB:full:bulk_as_surface:A=idn_2,I=n2,B=adn_2",idn_2,n2,adn_2,pattern,mse,701,8.004153130862765e-06,7.844918108091601e-07,0.0008857154231519061,training_rmse_nm_s
aib_qss,"cvd:aib_qss:AIB:full:bulk_as_surface:A=idn_2,I=n2,B=adn_2",idn_2,n2,adn_2,pattern,mse,702,7.984656289820776e-06,7.844918108091601e-07,0.0008857154231519061,training_rmse_nm_s
aib_qss,"cvd:aib_qss:AIB:full:bulk_as_surface:A=idn_2,I=n2,B=adn_2",idn_2,n2,adn_2,pattern,mse,703,7.984657746999057e-06,7.844918108091601e-07,0.0008857154231519061,training_rmse_nm_s
aib_qss,"cvd:aib_qss:AIB:full:bulk_as_surface:A=idn_2,I=n2,B=adn_2",idn_2,n2,adn_2,pattern,mse,704,7.98451061955517e-06,7.844918108091601e-07,0.0008857154231519061,training_rmse_nm_s
aib_qss,"cvd:aib_qss:AIB:full:bulk_as_surface:A=idn_2,I=n2,B=adn_2",idn_2,n2,adn_2,pattern,mse,705,2.6762939260283444e-05,7.844918108091601e-07,0.0008857154231519061,training_rmse_nm_s
aib_qss,"cvd:aib_qss:AIB:full:bulk_as_surface:A=idn_2,I=n2,B=adn_2",idn_2,n2,adn_2,pattern,mse,706,2.2555652402766034e-05,7.844918108091601e-07,0.0008857154231519061,training_rmse_nm_s
aib_qss,"cvd:aib_qss:AIB:full:bulk_as_surface:A=idn_2,I=n2,B=adn_2",idn_2,n2,adn_2,pattern,mse,707,8.003814770557681e-06,7.844918108091601e-07,0.0008857154231519061,training_rmse_nm_s
aib_qss,"cvd:aib_qss:AIB:full:bulk_as_surface:A=idn_2,I=n2,B=adn_2",idn_2,n2,adn_2,pattern,mse,708,6.204385845134724e-06,7.844918108091601e-07,0.0008857154231519061,training_rmse_nm_s
aib_qss,"cvd:aib_qss:AIB:full:bulk_as_surface:A=idn_2,I=n2,B=adn_2",idn_2,n2,adn_2,pattern,mse,709,6.204566507525395e-06,7.844918108091601e-07,0.0008857154231519061,training_rmse_nm_s
aib_qss,"cvd:aib_qss:AIB:full:bulk_as_surface:A=idn_2,I=n2,B=adn_2",idn_2,n2,adn_2,pattern,mse,710,6.186848099093083e-06,7.844918108091601e-07,0.0008857154231519061,training_rmse_nm_s
aib_qss,"cvd:aib_qss:AIB:full:bulk_as_surface:A=idn_2,I=n2,B=adn_2",idn_2,n2,adn_2,pattern,mse,711,1.8848307939039502e-05,7.844918108091601e-07,0.0008857154231519061,training_rmse_nm_s
aib_qss,"cvd:aib_qss:AIB:full:bulk_as_surface:A=idn_2,I=n2,B=adn_2",idn_2,n2,adn_2,pattern,mse,712,1.7622495315513223e-05,7.844918108091601e-07,0.0008857154231519061,training_rmse_nm_s
aib_qss,"cvd:aib_qss:AIB:full:bulk_as_surface:A=idn_2,I=n2,B=adn_2",idn_2,n2,adn_2,pattern,mse,713,7.795870039232654e-06,7.844918108091601e-07,0.0008857154231519061,training_rmse_nm_s
aib_qss,"cvd:aib_qss:AIB:full:bulk_as_surface:A=idn_2,I=n2,B=adn_2",idn_2,n2,adn_2,pattern,mse,714,2.093517190673084e-06,7.844918108091601e-07,0.0008857154231519061,training_rmse_nm_s
aib_qss,"cvd:aib_qss:AIB:full:bulk_as_surface:A=idn_2,I=n2,B=adn_2",idn_2,n2,adn_2,pattern,mse,715,2.0367900199265817e-06,7.844918108091601e-07,0.0008857154231519061,training_rmse_nm_s
aib_qss,"cvd:aib_qss:AIB:full:bulk_as_surface:A=idn_2,I=n2,B=adn_2",idn_2,n2,adn_2,pattern,mse,716,2.7173522604789786e-06,7.844918108091601e-07,0.0008857154231519061,training_rmse_nm_s
aib_qss,"cvd:aib_qss:AIB:full:bulk_as_surface:A=idn_2,I=n2,B=adn_2",idn_2,n2,adn_2,pattern,mse,717,3.608760549239229e-05,7.844918108091601e-07,0.0008857154231519061,training_rmse_nm_s
aib_qss,"cvd:aib_qss:AIB:full:bulk_as_surface:A=idn_2,I=n2,B=adn_2",idn_2,n2,adn_2,pattern,mse,718,1.418370895626745e-05,7.844918108091601e-07,0.0008857154231519061,training_rmse_nm_s
aib_qss,"cvd:aib_qss:AIB:full:bulk_as_surface:A=idn_2,I=n2,B=adn_2",idn_2,n2,adn_2,pattern,mse,719,6.202748296414707e-06,7.844918108091601e-07,0.0008857154231519061,training_rmse_nm_s
aib_qss,"cvd:aib_qss:AIB:full:bulk_as_surface:A=idn_2,I=n2,B=adn_2",idn_2,n2,adn_2,pattern,mse,720,0.00037757389034374933,7.844918108091601e-07,0.0008857154231519061,training_rmse_nm_s
aib_qss,"cvd:aib_qss:AIB:full:bulk_as_surface:A=idn_2,I=n2,B=adn_2",idn_2,n2,adn_2,pattern,mse,721,2.0311807666160878e-06,7.844918108091601e-07,0.0008857154231519061,training_rmse_nm_s
aib_qss,"cvd:aib_qss:AIB:full:bulk_as_surface:A=idn_2,I=n2,B=adn_2",idn_2,n2,adn_2,pattern,mse,722,2.093517190673084e-06,7.844918108091601e-07,0.0008857154231519061,training_rmse_nm_s
aib_qss,"cvd:aib_qss:AIB:full:bulk_as_surface:A=idn_2,I=n2,B=adn_2",idn_2,n2,adn_2,pattern,mse,723,3.6044733737053065e-05,7.844918108091601e-07,0.0008857154231519061,training_rmse_nm_s
aib_qss,"cvd:aib_qss:AIB:full:bulk_as_surface:A=idn_2,I=n2,B=adn_2",idn_2,n2,adn_2,pattern,mse,724,1.4211977420254588e-05,7.844918108091601e-07,0.0008857154231519061,training_rmse_nm_s
aib_qss,"cvd:aib_qss:AIB:full:bulk_as_surface:A=idn_2,I=n2,B=adn_2",idn_2,n2,adn_2,pattern,mse,725,6.204385845134724e-06,7.844918108091601e-07,0.0008857154231519061,training_rmse_nm_s
aib_qss,"cvd:aib_qss:AIB:full:bulk_as_surface:A=idn_2,I=n2,B=adn_2",idn_2,n2,adn_2,pattern,mse,726,0.00037731099317716145,7.844918108091601e-07,0.0008857154231519061,training_rmse_nm_s
aib_qss,"cvd:aib_qss:AIB:full:bulk_as_surface:A=idn_2,I=n2,B=adn_2",idn_2,n2,adn_2,pattern,mse,727,2.030620483359261e-06,7.844918108091601e-07,0.0008857154231519061,training_rmse_nm_s
aib_qss,"cvd:aib_qss:AIB:full:bulk_as_surface:A=idn_2,I=n2,B=adn_2",idn_2,n2,adn_2,pattern,mse,728,2.0367900199265817e-06,7.844918108091601e-07,0.0008857154231519061,training_rmse_nm_s
aib_qss,"cvd:aib_qss:AIB:full:bulk_as_surface:A=idn_2,I=n2,B=adn_2",idn_2,n2,adn_2,pattern,mse,729,1.8148085359607467e-05,7.844918108091601e-07,0.0008857154231519061,training_rmse_nm_s
aib_qss,"cvd:aib_qss:AIB:full:bulk_as_surface:A=idn_2,I=n2,B=adn_2",idn_2,n2,adn_2,pattern,mse,730,4.491080542213192e-06,7.844918108091601e-07,0.0008857154231519061,training_rmse_nm_s
aib_qss,"cvd:aib_qss:AIB:full:bulk_as_surface:A=idn_2,I=n2,B=adn_2",idn_2,n2,adn_2,pattern,mse,731,3.3094249384919327e-06,7.844918108091601e-07,0.0008857154231519061,training_rmse_nm_s
aib_qss,"cvd:aib_qss:AIB:full:bulk_as_surface:A=idn_2,I=n2,B=adn_2",idn_2,n2,adn_2,pattern,mse,732,5.1698122253310006e-05,7.844918108091601e-07,0.0008857154231519061,training_rmse_nm_s
aib_qss,"cvd:aib_qss:AIB:full:bulk_as_surface:A=idn_2,I=n2,B=adn_2",idn_2,n2,adn_2,pattern,mse,733,2.0305779207881676e-06,7.844918108091601e-07,0.0008857154231519061,training_rmse_nm_s
aib_qss,"cvd:aib_qss:AIB:full:bulk_as_surface:A=idn_2,I=n2,B=adn_2",idn_2,n2,adn_2,pattern,mse,734,2.030755082467165e-06,7.844918108091601e-07,0.0008857154231519061,training_rmse_nm_s
aib_qss,"cvd:aib_qss:AIB:full:bulk_as_surface:A=idn_2,I=n2,B=adn_2",idn_2,n2,adn_2,pattern,mse,735,1.814789815338904e-05,7.844918108091601e-07,0.0008857154231519061,training_rmse_nm_s
aib_qss,"cvd:aib_qss:AIB:full:bulk_as_surface:A=idn_2,I=n2,B=adn_2",idn_2,n2,adn_2,pattern,mse,736,4.4911730349080825e-06,7.844918108091601e-07,0.0008857154231519061,training_rmse_nm_s
aib_qss,"cvd:aib_qss:AIB:full:bulk_as_surface:A=idn_2,I=n2,B=adn_2",idn_2,n2,adn_2,pattern,mse,737,3.309436047661603e-06,7.844918108091601e-07,0.0008857154231519061,training_rmse_nm_s
aib_qss,"cvd:aib_qss:AIB:full:bulk_as_surface:A=idn_2,I=n2,B=adn_2",idn_2,n2,adn_2,pattern,mse,738,5.169764177660087e-05,7.844918108091601e-07,0.0008857154231519061,training_rmse_nm_s
aib_qss,"cvd:aib_qss:AIB:full:bulk_as_surface:A=idn_2,I=n2,B=adn_2",idn_2,n2,adn_2,pattern,mse,739,2.03056446146181e-06,7.844918108091601e-07,0.0008857154231519061,training_rmse_nm_s
aib_qss,"cvd:aib_qss:AIB:full:bulk_as_surface:A=idn_2,I=n2,B=adn_2",idn_2,n2,adn_2,pattern,mse,740,2.030620483359261e-06,7.844918108091601e-07,0.0008857154231519061,training_rmse_nm_s
aib_qss,"cvd:aib_qss:AIB:full:bulk_as_surface:A=idn_2,I=n2,B=adn_2",idn_2,n2,adn_2,pattern,mse,741,1.814783895373167e-05,7.844918108091601e-07,0.0008857154231519061,training_rmse_nm_s
aib_qss,"cvd:aib_qss:AIB:full:bulk_as_surface:A=idn_2,I=n2,B=adn_2",idn_2,n2,adn_2,pattern,mse,742,4.4912022841957405e-06,7.844918108091601e-07,0.0008857154231519061,training_rmse_nm_s
aib_qss,"cvd:aib_qss:AIB:full:bulk_as_surface:A=idn_2,I=n2,B=adn_2",idn_2,n2,adn_2,pattern,mse,743,3.3094395608137636e-06,7.844918108091601e-07,0.0008857154231519061,training_rmse_nm_s
aib_qss,"cvd:aib_qss:AIB:full:bulk_as_surface:A=idn_2,I=n2,B=adn_2",idn_2,n2,adn_2,pattern,mse,744,5.1697489836342254e-05,7.844918108091601e-07,0.0008857154231519061,training_rmse_nm_s
aib_qss,"cvd:aib_qss:AIB:full:bulk_as_surface:A=idn_2,I=n2,B=adn_2",idn_2,n2,adn_2,pattern,mse,745,2.030560205263148e-06,7.844918108091601e-07,0.0008857154231519061,training_rmse_nm_s
aib_qss,"cvd:aib_qss:AIB:full:bulk_as_surface:A=idn_2,I=n2,B=adn_2",idn_2,n2,adn_2,pattern,mse,746,2.0305779207881676e-06,7.844918108091601e-07,0.0008857154231519061,training_rmse_nm_s
aib_qss,"cvd:aib_qss:AIB:full:bulk_as_surface:A=idn_2,I=n2,B=adn_2",idn_2,n2,adn_2,pattern,mse,747,8.384109479573302e-06,7.844918108091601e-07,0.0008857154231519061,training_rmse_nm_s
aib_qss,"cvd:aib_qss:AIB:full:bulk_as_surface:A=idn_2,I=n2,B=adn_2",idn_2,n2,adn_2,pattern,mse,748,1.0727864835008636e-06,7.844918108091601e-07,0.0008857154231519061,training_rmse_nm_s
aib_qss,"cvd:aib_qss:AIB:full:bulk_as_surface:A=idn_2,I=n2,B=adn_2",idn_2,n2,adn_2,pattern,mse,749,2.9914958482072828e-06,7.844918108091601e-07,0.0008857154231519061,training_rmse_nm_s
aib_qss,"cvd:aib_qss:AIB:full:bulk_as_surface:A=idn_2,I=n2,B=adn_2",idn_2,n2,adn_2,pattern,mse,750,3.2566985689932406e-06,7.844918108091601e-07,0.0008857154231519061,training_rmse_nm_s
aib_qss,"cvd:aib_qss:AIB:full:bulk_as_surface:A=idn_2,I=n2,B=adn_2",idn_2,n2,adn_2,pattern,mse,751,1.0727869561528071e-06,7.844918108091601e-07,0.0008857154231519061,training_rmse_nm_s
aib_qss,"cvd:aib_qss:AIB:full:bulk_as_surface:A=idn_2,I=n2,B=adn_2",idn_2,n2,adn_2,pattern,mse,752,1.072785642995043e-06,7.844918108091601e-07,0.0008857154231519061,training_rmse_nm_s
aib_qss,"cvd:aib_qss:AIB:full:bulk_as_surface:A=idn_2,I=n2,B=adn_2",idn_2,n2,adn_2,pattern,mse,753,2.0305617372172344e-06,7.844918108091601e-07,0.0008857154231519061,training_rmse_nm_s
aib_qss,"cvd:aib_qss:AIB:full:bulk_as_surface:A=idn_2,I=n2,B=adn_2",idn_2,n2,adn_2,pattern,mse,754,4.491208204467508e-06,7.844918108091601e-07,0.0008857154231519061,training_rmse_nm_s
aib_qss,"cvd:aib_qss:AIB:full:bulk_as_surface:A=idn_2,I=n2,B=adn_2",idn_2,n2,adn_2,pattern,mse,755,2.9914943119255473e-06,7.844918108091601e-07,0.0008857154231519061,training_rmse_nm_s
aib_qss,"cvd:aib_qss:AIB:full:bulk_as_surface:A=idn_2,I=n2,B=adn_2",idn_2,n2,adn_2,pattern,mse,756,3.2566997951259994e-06,7.844918108091601e-07,0.0008857154231519061,training_rmse_nm_s
aib_qss,"cvd:aib_qss:AIB:full:bulk_as_surface:A=idn_2,I=n2,B=adn_2",idn_2,n2,adn_2,pattern,mse,757,1.0727864835008636e-06,7.844918108091601e-07,0.0008857154231519061,training_rmse_nm_s
aib_qss,"cvd:aib_qss:AIB:full:bulk_as_surface:A=idn_2,I=n2,B=adn_2",idn_2,n2,adn_2,pattern,mse,758,1.072784148345291e-06,7.844918108091601e-07,0.0008857154231519061,training_rmse_nm_s
aib_qss,"cvd:aib_qss:AIB:full:bulk_as_surface:A=idn_2,I=n2,B=adn_2",idn_2,n2,adn_2,pattern,mse,759,2.03056446146181e-06,7.844918108091601e-07,0.0008857154231519061,training_rmse_nm_s
aib_qss,"cvd:aib_qss:AIB:full:bulk_as_surface:A=idn_2,I=n2,B=adn_2",idn_2,n2,adn_2,pattern,mse,760,4.4912022841957405e-06,7.844918108091601e-07,0.0008857154231519061,training_rmse_nm_s
aib_qss,"cvd:aib_qss:AIB:full:bulk_as_surface:A=idn_2,I=n2,B=adn_2",idn_2,n2,adn_2,pattern,mse,761,2.991491579991746e-06,7.844918108091601e-07,0.0008857154231519061,training_rmse_nm_s
aib_qss,"cvd:aib_qss:AIB:full:bulk_as_surface:A=idn_2,I=n2,B=adn_2",idn_2,n2,adn_2,pattern,mse,762,3.2567019755365824e-06,7.844918108091601e-07,0.0008857154231519061,training_rmse_nm_s
aib_qss,"cvd:aib_qss:AIB:full:bulk_as_surface:A=idn_2,I=n2,B=adn_2",idn_2,n2,adn_2,pattern,mse,763,1.072785642995043e-06,7.844918108091601e-07,0.0008857154231519061,training_rmse_nm_s
aib_qss,"cvd:aib_qss:AIB:full:bulk_as_surface:A=idn_2,I=n2,B=adn_2",idn_2,n2,adn_2,pattern,mse,764,1.0727814904544358e-06,7.844918108091601e-07,0.0008857154231519061,training_rmse_nm_s
aib_qss,"cvd:aib_qss:AIB:full:bulk_as_surface:A=idn_2,I=n2,B=adn_2",idn_2,n2,adn_2,pattern,mse,765,8.715735074419998e-07,7.844918108091601e-07,0.0008857154231519061,training_rmse_nm_s
aib_qss,"cvd:aib_qss:AIB:full:bulk_as_surface:A=idn_2,I=n2,B=adn_2",idn_2,n2,adn_2,pattern,mse,766,2.3963131669422555e-06,7.844918108091601e-07,0.0008857154231519061,training_rmse_nm_s
aib_qss,"cvd:aib_qss:AIB:full:bulk_as_surface:A=idn_2,I=n2,B=adn_2",idn_2,n2,adn_2,pattern,mse,767,9.96097620679584e-07,7.844918108091601e-07,0.0008857154231519061,training_rmse_nm_s
aib_qss,"cvd:aib_qss:AIB:full:bulk_as_surface:A=idn_2,I=n2,B=adn_2",idn_2,n2,adn_2,pattern,mse,768,2.272122111778402e-06,7.844918108091601e-07,0.0008857154231519061,training_rmse_nm_s
aib_qss,"cvd:aib_qss:AIB:full:bulk_as_surface:A=idn_2,I=n2,B=adn_2",idn_2,n2,adn_2,pattern,mse,769,8.715728669037324e-07,7.844918108091601e-07,0.0008857154231519061,training_rmse_nm_s
aib_qss,"cvd:aib_qss:AIB:full:bulk_as_surface:A=idn_2,I=n2,B=adn_2",idn_2,n2,adn_2,pattern,mse,770,8.715743616198568e-07,7.844918108091601e-07,0.0008857154231519061,training_rmse_nm_s
aib_qss,"cvd:aib_qss:AIB:full:bulk_as_surface:A=idn_2,I=n2,B=adn_2",idn_2,n2,adn_2,pattern,mse,771,2.030566537496895e-06,7.844918108091601e-07,0.0008857154231519061,training_rmse_nm_s
aib_qss,"cvd:aib_qss:AIB:full:bulk_as_surface:A=idn_2,I=n2,B=adn_2",idn_2,n2,adn_2,pattern,mse,772,1.0727830093388301e-06,7.844918108091601e-07,0.0008857154231519061,training_rmse_nm_s
aib_qss,"cvd:aib_qss:AIB:full:bulk_as_surface:A=idn_2,I=n2,B=adn_2",idn_2,n2,adn_2,pattern,mse,773,9.96098177316248e-07,7.844918108091601e-07,0.0008857154231519061,training_rmse_nm_s
aib_qss,"cvd:aib_qss:AIB:full:bulk_as_surface:A=idn_2,I=n2,B=adn_2",idn_2,n2,adn_2,pattern,mse,774,2.272119381478293e-06,7.844918108091601e-07,0.0008857154231519061,training_rmse_nm_s
aib_qss,"cvd:aib_qss:AIB:full:bulk_as_surface:A=idn_2,I=n2,B=adn_2",idn_2,n2,adn_2,pattern,mse,775,8.715723865704617e-07,7.844918108091601e-07,0.0008857154231519061,training_rmse_nm_s
aib_qss,"cvd:aib_qss:AIB:full:bulk_as_surface:A=idn_2,I=n2,B=adn_2",idn_2,n2,adn_2,pattern,mse,776,8.715735074419998e-07,7.844918108091601e-07,0.0008857154231519061,training_rmse_nm_s
aib_qss,"cvd:aib_qss:AIB:full:bulk_as_surface:A=idn_2,I=n2,B=adn_2",idn_2,n2,adn_2,pattern,mse,777,2.03056446146181e-06,7.844918108091601e-07,0.0008857154231519061,training_rmse_nm_s
aib_qss,"cvd:aib_qss:AIB:full:bulk_as_surface:A=idn_2,I=n2,B=adn_2",idn_2,n2,adn_2,pattern,mse,778,1.072784148345291e-06,7.844918108091601e-07,0.0008857154231519061,training_rmse_nm_s
aib_qss,"cvd:aib_qss:AIB:full:bulk_as_surface:A=idn_2,I=n2,B=adn_2",idn_2,n2,adn_2,pattern,mse,779,9.960985947375462e-07,7.844918108091601e-07,0.0008857154231519061,training_rmse_nm_s
aib_qss,"cvd:aib_qss:AIB:full:bulk_as_surface:A=idn_2,I=n2,B=adn_2",idn_2,n2,adn_2,pattern,mse,780,2.2721173340445605e-06,7.844918108091601e-07,0.0008857154231519061,training_rmse_nm_s
aib_qss,"cvd:aib_qss:AIB:full:bulk_as_surface:A=idn_2,I=n2,B=adn_2",idn_2,n2,adn_2,pattern,mse,781,8.715720263728408e-07,7.844918108091601e-07,0.0008857154231519061,training_rmse_nm_s
aib_qss,"cvd:aib_qss:AIB:full:bulk_as_surface:A=idn_2,I=n2,B=adn_2",idn_2,n2,adn_2,pattern,mse,782,8.715728669037324e-07,7.844918108091601e-07,0.0008857154231519061,training_rmse_nm_s
aib_qss,"cvd:aib_qss:AIB:full:bulk_as_surface:A=idn_2,I=n2,B=adn_2",idn_2,n2,adn_2,pattern,mse,783,1.2730951783058092e-06,7.844918108091601e-07,0.0008857154231519061,training_rmse_nm_s
aib_qss,"cvd:aib_qss:AIB:full:bulk_as_surface:A=idn_2,I=n2,B=adn_2",idn_2,n2,adn_2,pattern,mse,784,8.132440220975417e-07,7.844918108091601e-07,0.0008857154231519061,training_rmse_nm_s
aib_qss,"cvd:aib_qss:AIB:full:bulk_as_surface:A=idn_2,I=n2,B=adn_2",idn_2,n2,adn_2,pattern,mse,785,9.623154095700351e-07,7.844918108091601e-07,0.0008857154231519061,training_rmse_nm_s
aib_qss,"cvd:aib_qss:AIB:full:bulk_as_surface:A=idn_2,I=n2,B=adn_2",idn_2,n2,adn_2,pattern,mse,786,9.565791913415253e-07,7.844918108091601e-07,0.0008857154231519061,training_rmse_nm_s
aib_qss,"cvd:aib_qss:AIB:full:bulk_as_surface:A=idn_2,I=n2,B=adn_2",idn_2,n2,adn_2,pattern,mse,787,8.132441196427244e-07,7.844918108091601e-07,0.0008857154231519061,training_rmse_nm_s
aib_qss,"cvd:aib_qss:AIB:full:bulk_as_surface:A=idn_2,I=n2,B=adn_2",idn_2,n2,adn_2,pattern,mse,788,8.132439094544345e-07,7.844918108091601e-07,0.0008857154231519061,training_rmse_nm_s
aib_qss,"cvd:aib_qss:AIB:full:bulk_as_surface:A=idn_2,I=n2,B=adn_2",idn_2,n2,adn_2,pattern,mse,789,8.715721935346572e-07,7.844918108091601e-07,0.0008857154231519061,training_rmse_nm_s
aib_qss,"cvd:aib_qss:AIB:full:bulk_as_surface:A=idn_2,I=n2,B=adn_2",idn_2,n2,adn_2,pattern,mse,790,1.0727846060904212e-06,7.844918108091601e-07,0.0008857154231519061,training_rmse_nm_s
aib_qss,"cvd:aib_qss:AIB:full:bulk_as_surface:A=idn_2,I=n2,B=adn_2",idn_2,n2,adn_2,pattern,mse,791,9.623151507936682e-07,7.844918108091601e-07,0.0008857154231519061,training_rmse_nm_s
aib_qss,"cvd:aib_qss:AIB:full:bulk_as_surface:A=idn_2,I=n2,B=adn_2",idn_2,n2,adn_2,pattern,mse,792,9.565792716697923e-07,7.844918108091601e-07,0.0008857154231519061,training_rmse_nm_s
aib_qss,"cvd:aib_qss:AIB:full:bulk_as_surface:A=idn_2,I=n2,B=adn_2",idn_2,n2,adn_2,pattern,mse,793,8.132440220975417e-07,7.844918108091601e-07,0.0008857154231519061,training_rmse_nm_s
aib_qss,"cvd:aib_qss:AIB:full:bulk_as_surface:A=idn_2,I=n2,B=adn_2",idn_2,n2,adn_2,pattern,mse,794,8.132437793766196e-07,7.844918108091601e-07,0.0008857154231519061,training_rmse_nm_s
aib_qss,"cvd:aib_qss:AIB:full:bulk_as_surface:A=idn_2,I=n2,B=adn_2",idn_2,n2,adn_2,pattern,mse,795,8.715723865704617e-07,7.844918108091601e-07,0.0008857154231519061,training_rmse_nm_s
aib_qss,"cvd:aib_qss:AIB:full:bulk_as_surface:A=idn_2,I=n2,B=adn_2",idn_2,n2,adn_2,pattern,mse,796,1.072784148345291e-06,7.844918108091601e-07,0.0008857154231519061,training_rmse_nm_s
aib_qss,"cvd:aib_qss:AIB:full:bulk_as_surface:A=idn_2,I=n2,B=adn_2",idn_2,n2,adn_2,pattern,mse,797,9.623148519637984e-07,7.844918108091601e-07,0.0008857154231519061,training_rmse_nm_s
aib_qss,"cvd:aib_qss:AIB:full:bulk_as_surface:A=idn_2,I=n2,B=adn_2",idn_2,n2,adn_2,pattern,mse,798,9.565793644318313e-07,7.844918108091601e-07,0.0008857154231519061,training_rmse_nm_s
aib_qss,"cvd:aib_qss:AIB:full:bulk_as_surface:A=idn_2,I=n2,B=adn_2",idn_2,n2,adn_2,pattern,mse,799,8.132439094544345e-07,7.844918108091601e-07,0.0008857154231519061,training_rmse_nm_s
aib_qss,"cvd:aib_qss:AIB:full:bulk_as_surface:A=idn_2,I=n2,B=adn_2",idn_2,n2,adn_2,pattern,mse,800,8.132436291656589e-07,7.844918108091601e-07,0.0008857154231519061,training_rmse_nm_s
aib_qss,"cvd:aib_qss:AIB:full:bulk_as_surface:A=idn_2,I=n2,B=adn_2",idn_2,n2,adn_2,pattern,mse,801,8.008213066105192e-07,7.844918108091601e-07,0.0008857154231519061,training_rmse_nm_s
aib_qss,"cvd:aib_qss:AIB:full:bulk_as_surface:A=idn_2,I=n2,B=adn_2",idn_2,n2,adn_2,pattern,mse,802,9.052932299048914e-07,7.844918108091601e-07,0.0008857154231519061,training_rmse_nm_s
aib_qss,"cvd:aib_qss:AIB:full:bulk_as_surface:A=idn_2,I=n2,B=adn_2",idn_2,n2,adn_2,pattern,mse,803,7.901689102049111e-07,7.844918108091601e-07,0.0008857154231519061,training_rmse_nm_s
aib_qss,"cvd:aib_qss:AIB:full:bulk_as_surface:A=idn_2,I=n2,B=adn_2",idn_2,n2,adn_2,pattern,mse,804,8.937584942827237e-07,7.844918108091601e-07,0.0008857154231519061,training_rmse_nm_s
aib_qss,"cvd:aib_qss:AIB:full:bulk_as_surface:A=idn_2,I=n2,B=adn_2",idn_2,n2,adn_2,pattern,mse,805,7.901689508474868e-07,7.844918108091601e-07,0.0008857154231519061,training_rmse_nm_s
aib_qss,"cvd:aib_qss:AIB:full:bulk_as_surface:A=idn_2,I=n2,B=adn_2",idn_2,n2,adn_2,pattern,mse,806,7.901688665302379e-07,7.844918108091601e-07,0.0008857154231519061,training_rmse_nm_s
aib_qss,"cvd:aib_qss:AIB:full:bulk_as_surface:A=idn_2,I=n2,B=adn_2",idn_2,n2,adn_2,pattern,mse,807,8.005545953635426e-07,7.844918108091601e-07,0.0008857154231519061,training_rmse_nm_s
aib_qss,"cvd:aib_qss:AIB:full:bulk_as_surface:A=idn_2,I=n2,B=adn_2",idn_2,n2,adn_2,pattern,mse,808,8.580668970912429e-07,7.844918108091601e-07,0.0008857154231519061,training_rmse_nm_s
aib_qss,"cvd:aib_qss:AIB:full:bulk_as_surface:A=idn_2,I=n2,B=adn_2",idn_2,n2,adn_2,pattern,mse,809,8.4742006674785e-07,7.844918108091601e-07,0.0008857154231519061,training_rmse_nm_s
aib_qss,"cvd:aib_qss:AIB:full:bulk_as_surface:A=idn_2,I=n2,B=adn_2",idn_2,n2,adn_2,pattern,mse,810,8.008213271471948e-07,7.844918108091601e-07,0.0008857154231519061,training_rmse_nm_s
aib_qss,"cvd:aib_qss:AIB:full:bulk_as_surface:A=idn_2,I=n2,B=adn_2",idn_2,n2,adn_2,pattern,mse,811,7.901689102049111e-07,7.844918108091601e-07,0.0008857154231519061,training_rmse_nm_s
aib_qss,"cvd:aib_qss:AIB:full:bulk_as_surface:A=idn_2,I=n2,B=adn_2",idn_2,n2,adn_2,pattern,mse,812,7.901688195972827e-07,7.844918108091601e-07,0.0008857154231519061,training_rmse_nm_s
aib_qss,"cvd:aib_qss:AIB:full:bulk_as_surface:A=idn_2,I=n2,B=adn_2",idn_2,n2,adn_2,pattern,mse,813,8.005546524096002e-07,7.844918108091601e-07,0.0008857154231519061,training_rmse_nm_s
aib_qss,"cvd:aib_qss:AIB:full:bulk_as_surface:A=idn_2,I=n2,B=adn_2",idn_2,n2,adn_2,pattern,mse,814,8.580667448528606e-07,7.844918108091601e-07,0.0008857154231519061,training_rmse_nm_s
aib_qss,"cvd:aib_qss:AIB:full:bulk_as_surface:A=idn_2,I=n2,B=adn_2",idn_2,n2,adn_2,pattern,mse,815,8.474199599332107e-07,7.844918108091601e-07,0.0008857154231519061,training_rmse_nm_s
aib_qss,"cvd:aib_qss:AIB:full:bulk_as_surface:A=idn_2,I=n2,B=adn_2",idn_2,n2,adn_2,pattern,mse,816,8.008213492162544e-07,7.844918108091601e-07,0.0008857154231519061,training_rmse_nm_s
aib_qss,"cvd:aib_qss:AIB:full:bulk_as_surface:A=idn_2,I=n2,B=adn_2",idn_2,n2,adn_2,pattern,mse,817,7.901688665302379e-07,7.844918108091601e-07,0.0008857154231519061,training_rmse_nm_s
aib_qss,"cvd:aib_qss:AIB:full:bulk_as_surface:A=idn_2,I=n2,B=adn_2",idn_2,n2,adn_2,pattern,mse,818,7.901687691629782e-07,7.844918108091601e-07,0.0008857154231519061,training_rmse_nm_s
aib_qss,"cvd:aib_qss:AIB:full:bulk_as_surface:A=idn_2,I=n2,B=adn_2",idn_2,n2,adn_2,pattern,mse,819,7.853774892052951e-07,7.844918108091601e-07,0.0008857154231519061,training_rmse_nm_s
aib_qss,"cvd:aib_qss:AIB:full:bulk_as_surface:A=idn_2,I=n2,B=adn_2",idn_2,n2,adn_2,pattern,mse,820,8.145415140836001e-07,7.844918108091601e-07,0.0008857154231519061,training_rmse_nm_s
aib_qss,"cvd:aib_qss:AIB:full:bulk_as_surface:A=idn_2,I=n2,B=adn_2",idn_2,n2,adn_2,pattern,mse,821,7.932434586632083e-07,7.844918108091601e-07,0.0008857154231519061,training_rmse_nm_s
aib_qss,"cvd:aib_qss:AIB:full:bulk_as_surface:A=idn_2,I=n2,B=adn_2",idn_2,n2,adn_2,pattern,mse,822,7.955623296188614e-07,7.844918108091601e-07,0.0008857154231519061,training_rmse_nm_s
aib_qss,"cvd:aib_qss:AIB:full:bulk_as_surface:A=idn_2,I=n2,B=adn_2",idn_2,n2,adn_2,pattern,mse,823,7.853774863537813e-07,7.844918108091601e-07,0.0008857154231519061,training_rmse_nm_s
aib_qss,"cvd:aib_qss:AIB:full:bulk_as_surface:A=idn_2,I=n2,B=adn_2",idn_2,n2,adn_2,pattern,mse,824,7.853774921613235e-07,7.844918108091601e-07,0.0008857154231519061,training_rmse_nm_s
aib_qss,"cvd:aib_qss:AIB:full:bulk_as_surface:A=idn_2,I=n2,B=adn_2",idn_2,n2,adn_2,pattern,mse,825,8.005546825094193e-07,7.844918108091601e-07,0.0008857154231519061,training_rmse_nm_s
aib_qss,"cvd:aib_qss:AIB:full:bulk_as_surface:A=idn_2,I=n2,B=adn_2",idn_2,n2,adn_2,pattern,mse,826,7.901687948336792e-07,7.844918108091601e-07,0.0008857154231519061,training_rmse_nm_s
aib_qss,"cvd:aib_qss:AIB:full:bulk_as_surface:A=idn_2,I=n2,B=adn_2",idn_2,n2,adn_2,pattern,mse,827,7.932434736457855e-07,7.844918108091601e-07,0.0008857154231519061,training_rmse_nm_s
aib_qss,"cvd:aib_qss:AIB:full:bulk_as_surface:A=idn_2,I=n2,B=adn_2",idn_2,n2,adn_2,pattern,mse,828,7.955623076213644e-07,7.844918108091601e-07,0.0008857154231519061,training_rmse_nm_s
aib_qss,"cvd:aib_qss:AIB:full:bulk_as_surface:A=idn_2,I=n2,B=adn_2",idn_2,n2,adn_2,pattern,mse,829,7.853774836030905e-07,7.844918108091601e-07,0.0008857154231519061,training_rmse_nm_s
aib_qss,"cvd:aib_qss:AIB:full:bulk_as_surface:A=idn_2,I=n2,B=adn_2",idn_2,n2,adn_2,pattern,mse,830,7.853774892052951e-07,7.844918108091601e-07,0.0008857154231519061,training_rmse_nm_s
aib_qss,"cvd:aib_qss:AIB:full:bulk_as_surface:A=idn_2,I=n2,B=adn_2",idn_2,n2,adn_2,pattern,mse,831,8.005546524096002e-07,7.844918108091601e-07,0.0008857154231519061,training_rmse_nm_s
aib_qss,"cvd:aib_qss:AIB:full:bulk_as_surface:A=idn_2,I=n2,B=adn_2",idn_2,n2,adn_2,pattern,mse,832,7.901688195972827e-07,7.844918108091601e-07,0.0008857154231519061,training_rmse_nm_s
aib_qss,"cvd:aib_qss:AIB:full:bulk_as_surface:A=idn_2,I=n2,B=adn_2",idn_2,n2,adn_2,pattern,mse,833,7.932434880989623e-07,7.844918108091601e-07,0.0008857154231519061,training_rmse_nm_s
aib_qss,"cvd:aib_qss:AIB:full:bulk_as_surface:A=idn_2,I=n2,B=adn_2",idn_2,n2,adn_2,pattern,mse,834,7.955622864012727e-07,7.844918108091601e-07,0.0008857154231519061,training_rmse_nm_s
aib_qss,"cvd:aib_qss:AIB:full:bulk_as_surface:A=idn_2,I=n2,B=adn_2",idn_2,n2,adn_2,pattern,mse,835,7.853774809496493e-07,7.844918108091601e-07,0.0008857154231519061,training_rmse_nm_s
aib_qss,"cvd:aib_qss:AIB:full:bulk_as_surface:A=idn_2,I=n2,B=adn_2",idn_2,n2,adn_2,pattern,mse,836,7.853774863537813e-07,7.844918108091601e-07,0.0008857154231519061,training_rmse_nm_s
aib_qss,"cvd:aib_qss:AIB:full:bulk_as_surface:A=idn_2,I=n2,B=adn_2",idn_2,n2,adn_2,pattern,mse,837,7.904475080243321e-07,7.844918108091601e-07,0.0008857154231519061,training_rmse_nm_s
aib_qss,"cvd:aib_qss:AIB:full:bulk_as_surface:A=idn_2,I=n2,B=adn_2",idn_2,n2,adn_2,pattern,mse,838,7.85300274365365e-07,7.844918108091601e-07,0.0008857154231519061,training_rmse_nm_s
aib_qss,"cvd:aib_qss:AIB:full:bulk_as_surface:A=idn_2,I=n2,B=adn_2",idn_2,n2,adn_2,pattern,mse,839,7.904610394086391e-07,7.844918108091601e-07,0.0008857154231519061,training_rmse_nm_s
aib_qss,"cvd:aib_qss:AIB:full:bulk_as_surface:A=idn_2,I=n2,B=adn_2",idn_2,n2,adn_2,pattern,mse,840,7.845113403859982e-07,7.844918108091601e-07,0.0008857154231519061,training_rmse_nm_s
aib_qss,"cvd:aib_qss:AIB:full:bulk_as_surface:A=idn_2,I=n2,B=adn_2",idn_2,n2,adn_2,pattern,mse,841,7.845113413900061e-07,7.844918108091601e-07,0.0008857154231519061,training_rmse_nm_s
aib_qss,"cvd:aib_qss:AIB:full:bulk_as_surface:A=idn_2,I=n2,B=adn_2",idn_2,n2,adn_2,pattern,mse,842,7.845113393637784e-07,7.844918108091601e-07,0.0008857154231519061,training_rmse_nm_s
aib_qss,"cvd:aib_qss:AIB:full:bulk_as_surface:A=idn_2,I=n2,B=adn_2",idn_2,n2,adn_2,pattern,mse,843,7.881034631987386e-07,7.844918108091601e-07,0.0008857154231519061,training_rmse_nm_s
aib_qss,"cvd:aib_qss:AIB:full:bulk_as_surface:A=idn_2,I=n2,B=adn_2",idn_2,n2,adn_2,pattern,mse,844,7.859382816159507e-07,7.844918108091601e-07,0.0008857154231519061,training_rmse_nm_s
aib_qss,"cvd:aib_qss:AIB:full:bulk_as_surface:A=idn_2,I=n2,B=adn_2",idn_2,n2,adn_2,pattern,mse,845,7.85300269114521e-07,7.844918108091601e-07,0.0008857154231519061,training_rmse_nm_s
aib_qss,"cvd:aib_qss:AIB:full:bulk_as_surface:A=idn_2,I=n2,B=adn_2",idn_2,n2,adn_2,pattern,mse,846,7.883116440311937e-07,7.844918108091601e-07,0.0008857154231519061,training_rmse_nm_s
aib_qss,"cvd:aib_qss:AIB:full:bulk_as_surface:A=idn_2,I=n2,B=adn_2",idn_2,n2,adn_2,pattern,mse,847,7.845113403859982e-07,7.844918108091601e-07,0.0008857154231519061,training_rmse_nm_s
aib_qss,"cvd:aib_qss:AIB:full:bulk_as_surface:A=idn_2,I=n2,B=adn_2",idn_2,n2,adn_2,pattern,mse,848,7.845113383230172e-07,7.844918108091601e-07,0.0008857154231519061,training_rmse_nm_s
aib_qss,"cvd:aib_qss:AIB:full:bulk_as_surface:A=idn_2,I=n2,B=adn_2",idn_2,n2,adn_2,pattern,mse,849,7.881034689522285e-07,7.844918108091601e-07,0.0008857154231519061,training_rmse_nm_s
aib_qss,"cvd:aib_qss:AIB:full:bulk_as_surface:A=idn_2,I=n2,B=adn_2",idn_2,n2,adn_2,pattern,mse,850,7.859382737628141e-07,7.844918108091601e-07,0.0008857154231519061,training_rmse_nm_s
aib_qss,"cvd:aib_qss:AIB:full:bulk_as_surface:A=idn_2,I=n2,B=adn_2",idn_2,n2,adn_2,pattern,mse,851,7.853002637683822e-07,7.844918108091601e-07,0.0008857154231519061,training_rmse_nm_s
aib_qss,"cvd:aib_qss:AIB:full:bulk_as_surface:A=idn_2,I=n2,B=adn_2",idn_2,n2,adn_2,pattern,mse,852,7.883116474506274e-07,7.844918108091601e-07,0.0008857154231519061,training_rmse_nm_s
aib_qss,"cvd:aib_qss:AIB:full:bulk_as_surface:A=idn_2,I=n2,B=adn_2",idn_2,n2,adn_2,pattern,mse,853,7.845113393637784e-07,7.844918108091601e-07,0.0008857154231519061,training_rmse_nm_s
aib_qss,"cvd:aib_qss:AIB:full:bulk_as_surface:A=idn_2,I=n2,B=adn_2",idn_2,n2,adn_2,pattern,mse,854,7.845113372633737e-07,7.844918108091601e-07,0.0008857154231519061,training_rmse_nm_s
aib_qss,"cvd:aib_qss:AIB:full:bulk_as_surface:A=idn_2,I=n2,B=adn_2",idn_2,n2,adn_2,pattern,mse,855,2.6632823389609138e-05,7.844918108091601e-07,0.0008857154231519061,training_rmse_nm_s
aib_qss,"cvd:aib_qss:AIB:full:bulk_as_surface:A=idn_2,I=n2,B=adn_2",idn_2,n2,adn_2,pattern,mse,856,9.349435009451083e-06,7.844918108091601e-07,0.0008857154231519061,training_rmse_nm_s
aib_qss,"cvd:aib_qss:AIB:full:bulk_as_surface:A=idn_2,I=n2,B=adn_2",idn_2,n2,adn_2,pattern,mse,857,8.94537315672076e-06,7.844918108091601e-07,0.0008857154231519061,training_rmse_nm_s
aib_qss,"cvd:aib_qss:AIB:full:bulk_as_surface:A=idn_2,I=n2,B=adn_2",idn_2,n2,adn_2,pattern,mse,858,7.094736286337296e-06,7.844918108091601e-07,0.0008857154231519061,training_rmse_nm_s
aib_qss,"cvd:aib_qss:AIB:full:bulk_as_surface:A=idn_2,I=n2,B=adn_2",idn_2,n2,adn_2,pattern,mse,859,6.186848099093083e-06,7.844918108091601e-07,0.0008857154231519061,training_rmse_nm_s
aib_qss,"cvd:aib_qss:AIB:full:bulk_as_surface:A=idn_2,I=n2,B=adn_2",idn_2,n2,adn_2,pattern,mse,860,2.3179676402871637e-05,7.844918108091601e-07,0.0008857154231519061,training_rmse_nm_s
aib_qss,"cvd:aib_qss:AIB:full:bulk_as_surface:A=idn_2,I=n2,B=adn_2",idn_2,n2,adn_2,pattern,mse,861,2.5118852355676368e-05,7.844918108091601e-07,0.0008857154231519061,training_rmse_nm_s
aib_qss,"cvd:aib_qss:AIB:full:bulk_as_surface:A=idn_2,I=n2,B=adn_2",idn_2,n2,adn_2,pattern,mse,862,2.2064058742774043e-05,7.844918108091601e-07,0.0008857154231519061,training_rmse_nm_s
aib_qss,"cvd:aib_qss:AIB:full:bulk_as_surface:A=idn_2,I=n2,B=adn_2",idn_2,n2,adn_2,pattern,mse,863,7.970415213572807e-06,7.844918108091601e-07,0.0008857154231519061,training_rmse_nm_s
aib_qss,"cvd:aib_qss:AIB:full:bulk_as_surface:A=idn_2,I=n2,B=adn_2",idn_2,n2,adn_2,pattern,mse,864,0.00038019155845253855,7.844918108091601e-07,0.0008857154231519061,training_rmse_nm_s
aib_qss,"cvd:aib_qss:AIB:full:bulk_as_surface:A=idn_2,I=n2,B=adn_2",idn_2,n2,adn_2,pattern,mse,865,6.204385845134724e-06,7.844918108091601e-07,0.0008857154231519061,training_rmse_nm_s
aib_qss,"cvd:aib_qss:AIB:full:bulk_as_surface:A=idn_2,I=n2,B=adn_2",idn_2,n2,adn_2,pattern,mse,866,7.094736286337296e-06,7.844918108091601e-07,0.0008857154231519061,training_rmse_nm_s
aib_qss,"cvd:aib_qss:AIB:full:bulk_as_surface:A=idn_2,I=n2,B=adn_2",idn_2,n2,adn_2,pattern,mse,867,1.8848307939039502e-05,7.844918108091601e-07,0.0008857154231519061,training_rmse_nm_s
aib_qss,"cvd:aib_qss:AIB:full:bulk_as_surface:A=idn_2,I=n2,B=adn_2",idn_2,n2,adn_2,pattern,mse,868,1.7622495315513223e-05,7.844918108091601e-07,0.0008857154231519061,training_rmse_nm_s
aib_qss,"cvd:aib_qss:AIB:full:bulk_as_surface:A=idn_2,I=n2,B=adn_2",idn_2,n2,adn_2,pattern,mse,869,7.795870039232654e-06,7.844918108091601e-07,0.0008857154231519061,training_rmse_nm_s
aib_qss,"cvd:aib_qss:AIB:full:bulk_as_surface:A=idn_2,I=n2,B=adn_2",idn_2,n2,adn_2,pattern,mse,870,2.093517190673084e-06,7.844918108091601e-07,0.0008857154231519061,training_rmse_nm_s
aib_qss,"cvd:aib_qss:AIB:full:bulk_as_surface:A=idn_2,I=n2,B=adn_2",idn_2,n2,adn_2,pattern,mse,871,2.0367900199265817e-06,7.844918108091601e-07,0.0008857154231519061,training_rmse_nm_s
aib_qss,"cvd:aib_qss:AIB:full:bulk_as_surface:A=idn_2,I=n2,B=adn_2",idn_2,n2,adn_2,pattern,mse,872,2.7173522604789786e-06,7.844918108091601e-07,0.0008857154231519061,training_rmse_nm_s
aib_qss,"cvd:aib_qss:AIB:full:bulk_as_surface:A=idn_2,I=n2,B=adn_2",idn_2,n2,adn_2,pattern,mse,873,3.608760549239229e-05,7.844918108091601e-07,0.0008857154231519061,training_rmse_nm_s
aib_qss,"cvd:aib_qss:AIB:full:bulk_as_surface:A=idn_2,I=n2,B=adn_2",idn_2,n2,adn_2,pattern,mse,874,1.418370895626745e-05,7.844918108091601e-07,0.0008857154231519061,training_rmse_nm_s
aib_qss,"cvd:aib_qss:AIB:full:bulk_as_surface:A=idn_2,I=n2,B=adn_2",idn_2,n2,adn_2,pattern,mse,875,6.202748296414707e-06,7.844918108091601e-07,0.0008857154231519061,training_rmse_nm_s
aib_qss,"cvd:aib_qss:AIB:full:bulk_as_surface:A=idn_2,I=n2,B=adn_2",idn_2,n2,adn_2,pattern,mse,876,0.00037757389034374933,7.844918108091601e-07,0.0008857154231519061,training_rmse_nm_s
aib_qss,"cvd:aib_qss:AIB:full:bulk_as_surface:A=idn_2,I=n2,B=adn_2",idn_2,n2,adn_2,pattern,mse,877,2.0311807666160878e-06,7.844918108091601e-07,0.0008857154231519061,training_rmse_nm_s
aib_qss,"cvd:aib_qss:AIB:full:bulk_as_surface:A=idn_2,I=n2,B=adn_2",idn_2,n2,adn_2,pattern,mse,878,2.093517190673084e-06,7.844918108091601e-07,0.0008857154231519061,training_rmse_nm_s
aib_qss,"cvd:aib_qss:AIB:full:bulk_as_surface:A=idn_2,I=n2,B=adn_2",idn_2,n2,adn_2,pattern,mse,879,3.6044733737053065e-05,7.844918108091601e-07,0.0008857154231519061,training_rmse_nm_s
aib_qss,"cvd:aib_qss:AIB:full:bulk_as_surface:A=idn_2,I=n2,B=adn_2",idn_2,n2,adn_2,pattern,mse,880,1.4211977420254588e-05,7.844918108091601e-07,0.0008857154231519061,training_rmse_nm_s
aib_qss,"cvd:aib_qss:AIB:full:bulk_as_surface:A=idn_2,I=n2,B=adn_2",idn_2,n2,adn_2,pattern,mse,881,6.204385845134724e-06,7.844918108091601e-07,0.0008857154231519061,training_rmse_nm_s
aib_qss,"cvd:aib_qss:AIB:full:bulk_as_surface:A=idn_2,I=n2,B=adn_2",idn_2,n2,adn_2,pattern,mse,882,0.00037731099317716145,7.844918108091601e-07,0.0008857154231519061,training_rmse_nm_s
aib_qss,"cvd:aib_qss:AIB:full:bulk_as_surface:A=idn_2,I=n2,B=adn_2",idn_2,n2,adn_2,pattern,mse,883,2.030620483359261e-06,7.844918108091601e-07,0.0008857154231519061,training_rmse_nm_s
aib_qss,"cvd:aib_qss:AIB:full:bulk_as_surface:A=idn_2,I=n2,B=adn_2",idn_2,n2,adn_2,pattern,mse,884,2.0367900199265817e-06,7.844918108091601e-07,0.0008857154231519061,training_rmse_nm_s
aib_qss,"cvd:aib_qss:AIB:full:bulk_as_surface:A=idn_2,I=n2,B=adn_2",idn_2,n2,adn_2,pattern,mse,885,1.8148085359607467e-05,7.844918108091601e-07,0.0008857154231519061,training_rmse_nm_s
aib_qss,"cvd:aib_qss:AIB:full:bulk_as_surface:A=idn_2,I=n2,B=adn_2",idn_2,n2,adn_2,pattern,mse,886,4.491080542213192e-06,7.844918108091601e-07,0.0008857154231519061,training_rmse_nm_s
aib_qss,"cvd:aib_qss:AIB:full:bulk_as_surface:A=idn_2,I=n2,B=adn_2",idn_2,n2,adn_2,pattern,mse,887,3.3094249384919327e-06,7.844918108091601e-07,0.0008857154231519061,training_rmse_nm_s
aib_qss,"cvd:aib_qss:AIB:full:bulk_as_surface:A=idn_2,I=n2,B=adn_2",idn_2,n2,adn_2,pattern,mse,888,5.1698122253310006e-05,7.844918108091601e-07,0.0008857154231519061,training_rmse_nm_s
aib_qss,"cvd:aib_qss:AIB:full:bulk_as_surface:A=idn_2,I=n2,B=adn_2",idn_2,n2,adn_2,pattern,mse,889,2.0305779207881676e-06,7.844918108091601e-07,0.0008857154231519061,training_rmse_nm_s
aib_qss,"cvd:aib_qss:AIB:full:bulk_as_surface:A=idn_2,I=n2,B=adn_2",idn_2,n2,adn_2,pattern,mse,890,2.030755082467165e-06,7.844918108091601e-07,0.0008857154231519061,training_rmse_nm_s
aib_qss,"cvd:aib_qss:AIB:full:bulk_as_surface:A=idn_2,I=n2,B=adn_2",idn_2,n2,adn_2,pattern,mse,891,1.814789815338904e-05,7.844918108091601e-07,0.0008857154231519061,training_rmse_nm_s
aib_qss,"cvd:aib_qss:AIB:full:bulk_as_surface:A=idn_2,I=n2,B=adn_2",idn_2,n2,adn_2,pattern,mse,892,4.4911730349080825e-06,7.844918108091601e-07,0.0008857154231519061,training_rmse_nm_s
aib_qss,"cvd:aib_qss:AIB:full:bulk_as_surface:A=idn_2,I=n2,B=adn_2",idn_2,n2,adn_2,pattern,mse,893,3.309436047661603e-06,7.844918108091601e-07,0.0008857154231519061,training_rmse_nm_s
aib_qss,"cvd:aib_qss:AIB:full:bulk_as_surface:A=idn_2,I=n2,B=adn_2",idn_2,n2,adn_2,pattern,mse,894,5.169764177660087e-05,7.844918108091601e-07,0.0008857154231519061,training_rmse_nm_s
aib_qss,"cvd:aib_qss:AIB:full:bulk_as_surface:A=idn_2,I=n2,B=adn_2",idn_2,n2,adn_2,pattern,mse,895,2.03056446146181e-06,7.844918108091601e-07,0.0008857154231519061,training_rmse_nm_s
aib_qss,"cvd:aib_qss:AIB:full:bulk_as_surface:A=idn_2,I=n2,B=adn_2",idn_2,n2,adn_2,pattern,mse,896,2.030620483359261e-06,7.844918108091601e-07,0.0008857154231519061,training_rmse_nm_s
aib_qss,"cvd:aib_qss:AIB:full:bulk_as_surface:A=idn_2,I=n2,B=adn_2",idn_2,n2,adn_2,pattern,mse,897,1.814783895373167e-05,7.844918108091601e-07,0.0008857154231519061,training_rmse_nm_s
aib_qss,"cvd:aib_qss:AIB:full:bulk_as_surface:A=idn_2,I=n2,B=adn_2",idn_2,n2,adn_2,pattern,mse,898,4.4912022841957405e-06,7.844918108091601e-07,0.0008857154231519061,training_rmse_nm_s
aib_qss,"cvd:aib_qss:AIB:full:bulk_as_surface:A=idn_2,I=n2,B=adn_2",idn_2,n2,adn_2,pattern,mse,899,3.3094395608137636e-06,7.844918108091601e-07,0.0008857154231519061,training_rmse_nm_s
aib_qss,"cvd:aib_qss:AIB:full:bulk_as_surface:A=idn_2,I=n2,B=adn_2",idn_2,n2,adn_2,pattern,mse,900,5.1697489836342254e-05,7.844918108091601e-07,0.0008857154231519061,training_rmse_nm_s
aib_qss,"cvd:aib_qss:AIB:full:bulk_as_surface:A=idn_2,I=n2,B=adn_2",idn_2,n2,adn_2,pattern,mse,901,2.030560205263148e-06,7.844918108091601e-07,0.0008857154231519061,training_rmse_nm_s
aib_qss,"cvd:aib_qss:AIB:full:bulk_as_surface:A=idn_2,I=n2,B=adn_2",idn_2,n2,adn_2,pattern,mse,902,2.0305779207881676e-06,7.844918108091601e-07,0.0008857154231519061,training_rmse_nm_s
aib_qss,"cvd:aib_qss:AIB:full:bulk_as_surface:A=idn_2,I=n2,B=adn_2",idn_2,n2,adn_2,pattern,mse,903,8.384109479573302e-06,7.844918108091601e-07,0.0008857154231519061,training_rmse_nm_s
aib_qss,"cvd:aib_qss:AIB:full:bulk_as_surface:A=idn_2,I=n2,B=adn_2",idn_2,n2,adn_2,pattern,mse,904,1.0727864835008636e-06,7.844918108091601e-07,0.0008857154231519061,training_rmse_nm_s
aib_qss,"cvd:aib_qss:AIB:full:bulk_as_surface:A=idn_2,I=n2,B=adn_2",idn_2,n2,adn_2,pattern,mse,905,2.9914958482072828e-06,7.844918108091601e-07,0.0008857154231519061,training_rmse_nm_s
aib_qss,"cvd:aib_qss:AIB:full:bulk_as_surface:A=idn_2,I=n2,B=adn_2",idn_2,n2,adn_2,pattern,mse,906,3.2566985689932406e-06,7.844918108091601e-07,0.0008857154231519061,training_rmse_nm_s
aib_qss,"cvd:aib_qss:AIB:full:bulk_as_surface:A=idn_2,I=n2,B=adn_2",idn_2,n2,adn_2,pattern,mse,907,1.0727869561528071e-06,7.844918108091601e-07,0.0008857154231519061,training_rmse_nm_s
aib_qss,"cvd:aib_qss:AIB:full:bulk_as_surface:A=idn_2,I=n2,B=adn_2",idn_2,n2,adn_2,pattern,mse,908,1.072785642995043e-06,7.844918108091601e-07,0.0008857154231519061,training_rmse_nm_s
aib_qss,"cvd:aib_qss:AIB:full:bulk_as_surface:A=idn_2,I=n2,B=adn_2",idn_2,n2,adn_2,pattern,mse,909,2.0305617372172344e-06,7.844918108091601e-07,0.0008857154231519061,training_rmse_nm_s
aib_qss,"cvd:aib_qss:AIB:full:bulk_as_surface:A=idn_2,I=n2,B=adn_2",idn_2,n2,adn_2,pattern,mse,910,4.491208204467508e-06,7.844918108091601e-07,0.0008857154231519061,training_rmse_nm_s
aib_qss,"cvd:aib_qss:AIB:full:bulk_as_surface:A=idn_2,I=n2,B=adn_2",idn_2,n2,adn_2,pattern,mse,911,2.9914943119255473e-06,7.844918108091601e-07,0.0008857154231519061,training_rmse_nm_s
aib_qss,"cvd:aib_qss:AIB:full:bulk_as_surface:A=idn_2,I=n2,B=adn_2",idn_2,n2,adn_2,pattern,mse,912,3.2566997951259994e-06,7.844918108091601e-07,0.0008857154231519061,training_rmse_nm_s
aib_qss,"cvd:aib_qss:AIB:full:bulk_as_surface:A=idn_2,I=n2,B=adn_2",idn_2,n2,adn_2,pattern,mse,913,1.0727864835008636e-06,7.844918108091601e-07,0.0008857154231519061,training_rmse_nm_s
aib_qss,"cvd:aib_qss:AIB:full:bulk_as_surface:A=idn_2,I=n2,B=adn_2",idn_2,n2,adn_2,pattern,mse,914,1.072784148345291e-06,7.844918108091601e-07,0.0008857154231519061,training_rmse_nm_s
aib_qss,"cvd:aib_qss:AIB:full:bulk_as_surface:A=idn_2,I=n2,B=adn_2",idn_2,n2,adn_2,pattern,mse,915,2.03056446146181e-06,7.844918108091601e-07,0.0008857154231519061,training_rmse_nm_s
aib_qss,"cvd:aib_qss:AIB:full:bulk_as_surface:A=idn_2,I=n2,B=adn_2",idn_2,n2,adn_2,pattern,mse,916,4.4912022841957405e-06,7.844918108091601e-07,0.0008857154231519061,training_rmse_nm_s
aib_qss,"cvd:aib_qss:AIB:full:bulk_as_surface:A=idn_2,I=n2,B=adn_2",idn_2,n2,adn_2,pattern,mse,917,2.991491579991746e-06,7.844918108091601e-07,0.0008857154231519061,training_rmse_nm_s
aib_qss,"cvd:aib_qss:AIB:full:bulk_as_surface:A=idn_2,I=n2,B=adn_2",idn_2,n2,adn_2,pattern,mse,918,3.2567019755365824e-06,7.844918108091601e-07,0.0008857154231519061,training_rmse_nm_s
aib_qss,"cvd:aib_qss:AIB:full:bulk_as_surface:A=idn_2,I=n2,B=adn_2",idn_2,n2,adn_2,pattern,mse,919,1.072785642995043e-06,7.844918108091601e-07,0.0008857154231519061,training_rmse_nm_s
aib_qss,"cvd:aib_qss:AIB:full:bulk_as_surface:A=idn_2,I=n2,B=adn_2",idn_2,n2,adn_2,pattern,mse,920,1.0727814904544358e-06,7.844918108091601e-07,0.0008857154231519061,training_rmse_nm_s
aib_qss,"cvd:aib_qss:AIB:full:bulk_as_surface:A=idn_2,I=n2,B=adn_2",idn_2,n2,adn_2,pattern,mse,921,8.715735074419998e-07,7.844918108091601e-07,0.0008857154231519061,training_rmse_nm_s
aib_qss,"cvd:aib_qss:AIB:full:bulk_as_surface:A=idn_2,I=n2,B=adn_2",idn_2,n2,adn_2,pattern,mse,922,2.3963131669422555e-06,7.844918108091601e-07,0.0008857154231519061,training_rmse_nm_s
aib_qss,"cvd:aib_qss:AIB:full:bulk_as_surface:A=idn_2,I=n2,B=adn_2",idn_2,n2,adn_2,pattern,mse,923,9.96097620679584e-07,7.844918108091601e-07,0.0008857154231519061,training_rmse_nm_s
aib_qss,"cvd:aib_qss:AIB:full:bulk_as_surface:A=idn_2,I=n2,B=adn_2",idn_2,n2,adn_2,pattern,mse,924,2.272122111778402e-06,7.844918108091601e-07,0.0008857154231519061,training_rmse_nm_s
aib_qss,"cvd:aib_qss:AIB:full:bulk_as_surface:A=idn_2,I=n2,B=adn_2",idn_2,n2,adn_2,pattern,mse,925,8.715728669037324e-07,7.844918108091601e-07,0.0008857154231519061,training_rmse_nm_s
aib_qss,"cvd:aib_qss:AIB:full:bulk_as_surface:A=idn_2,I=n2,B=adn_2",idn_2,n2,adn_2,pattern,mse,926,8.715743616198568e-07,7.844918108091601e-07,0.0008857154231519061,training_rmse_nm_s
aib_qss,"cvd:aib_qss:AIB:full:bulk_as_surface:A=idn_2,I=n2,B=adn_2",idn_2,n2,adn_2,pattern,mse,927,2.030566537496895e-06,7.844918108091601e-07,0.0008857154231519061,training_rmse_nm_s
aib_qss,"cvd:aib_qss:AIB:full:bulk_as_surface:A=idn_2,I=n2,B=adn_2",idn_2,n2,adn_2,pattern,mse,928,1.0727830093388301e-06,7.844918108091601e-07,0.0008857154231519061,training_rmse_nm_s
aib_qss,"cvd:aib_qss:AIB:full:bulk_as_surface:A=idn_2,I=n2,B=adn_2",idn_2,n2,adn_2,pattern,mse,929,9.96098177316248e-07,7.844918108091601e-07,0.0008857154231519061,training_rmse_nm_s
aib_qss,"cvd:aib_qss:AIB:full:bulk_as_surface:A=idn_2,I=n2,B=adn_2",idn_2,n2,adn_2,pattern,mse,930,2.272119381478293e-06,7.844918108091601e-07,0.0008857154231519061,training_rmse_nm_s
aib_qss,"cvd:aib_qss:AIB:full:bulk_as_surface:A=idn_2,I=n2,B=adn_2",idn_2,n2,adn_2,pattern,mse,931,8.715723865704617e-07,7.844918108091601e-07,0.0008857154231519061,training_rmse_nm_s
aib_qss,"cvd:aib_qss:AIB:full:bulk_as_surface:A=idn_2,I=n2,B=adn_2",idn_2,n2,adn_2,pattern,mse,932,8.715735074419998e-07,7.844918108091601e-07,0.0008857154231519061,training_rmse_nm_s
aib_qss,"cvd:aib_qss:AIB:full:bulk_as_surface:A=idn_2,I=n2,B=adn_2",idn_2,n2,adn_2,pattern,mse,933,2.03056446146181e-06,7.844918108091601e-07,0.0008857154231519061,training_rmse_nm_s
aib_qss,"cvd:aib_qss:AIB:full:bulk_as_surface:A=idn_2,I=n2,B=adn_2",idn_2,n2,adn_2,pattern,mse,934,1.072784148345291e-06,7.844918108091601e-07,0.0008857154231519061,training_rmse_nm_s
aib_qss,"cvd:aib_qss:AIB:full:bulk_as_surface:A=idn_2,I=n2,B=adn_2",idn_2,n2,adn_2,pattern,mse,935,9.960985947375462e-07,7.844918108091601e-07,0.0008857154231519061,training_rmse_nm_s
aib_qss,"cvd:aib_qss:AIB:full:bulk_as_surface:A=idn_2,I=n2,B=adn_2",idn_2,n2,adn_2,pattern,mse,936,2.2721173340445605e-06,7.844918108091601e-07,0.0008857154231519061,training_rmse_nm_s
aib_qss,"cvd:aib_qss:AIB:full:bulk_as_surface:A=idn_2,I=n2,B=adn_2",idn_2,n2,adn_2,pattern,mse,937,8.715720263728408e-07,7.844918108091601e-07,0.0008857154231519061,training_rmse_nm_s
aib_qss,"cvd:aib_qss:AIB:full:bulk_as_surface:A=idn_2,I=n2,B=adn_2",idn_2,n2,adn_2,pattern,mse,938,8.715728669037324e-07,7.844918108091601e-07,0.0008857154231519061,training_rmse_nm_s
aib_qss,"cvd:aib_qss:AIB:full:bulk_as_surface:A=idn_2,I=n2,B=adn_2",idn_2,n2,adn_2,pattern,mse,939,1.2730951783058092e-06,7.844918108091601e-07,0.0008857154231519061,training_rmse_nm_s
aib_qss,"cvd:aib_qss:AIB:full:bulk_as_surface:A=idn_2,I=n2,B=adn_2",idn_2,n2,adn_2,pattern,mse,940,8.132440220975417e-07,7.844918108091601e-07,0.0008857154231519061,training_rmse_nm_s
aib_qss,"cvd:aib_qss:AIB:full:bulk_as_surface:A=idn_2,I=n2,B=adn_2",idn_2,n2,adn_2,pattern,mse,941,9.623154095700351e-07,7.844918108091601e-07,0.0008857154231519061,training_rmse_nm_s
aib_qss,"cvd:aib_qss:AIB:full:bulk_as_surface:A=idn_2,I=n2,B=adn_2",idn_2,n2,adn_2,pattern,mse,942,9.565791913415253e-07,7.844918108091601e-07,0.0008857154231519061,training_rmse_nm_s
aib_qss,"cvd:aib_qss:AIB:full:bulk_as_surface:A=idn_2,I=n2,B=adn_2",idn_2,n2,adn_2,pattern,mse,943,8.132441196427244e-07,7.844918108091601e-07,0.0008857154231519061,training_rmse_nm_s
aib_qss,"cvd:aib_qss:AIB:full:bulk_as_surface:A=idn_2,I=n2,B=adn_2",idn_2,n2,adn_2,pattern,mse,944,8.132439094544345e-07,7.844918108091601e-07,0.0008857154231519061,training_rmse_nm_s
aib_qss,"cvd:aib_qss:AIB:full:bulk_as_surface:A=idn_2,I=n2,B=adn_2",idn_2,n2,adn_2,pattern,mse,945,8.715721935346572e-07,7.844918108091601e-07,0.0008857154231519061,training_rmse_nm_s
aib_qss,"cvd:aib_qss:AIB:full:bulk_as_surface:A=idn_2,I=n2,B=adn_2",idn_2,n2,adn_2,pattern,mse,946,1.0727846060904212e-06,7.844918108091601e-07,0.0008857154231519061,training_rmse_nm_s
aib_qss,"cvd:aib_qss:AIB:full:bulk_as_surface:A=idn_2,I=n2,B=adn_2",idn_2,n2,adn_2,pattern,mse,947,9.623151507936682e-07,7.844918108091601e-07,0.0008857154231519061,training_rmse_nm_s
aib_qss,"cvd:aib_qss:AIB:full:bulk_as_surface:A=idn_2,I=n2,B=adn_2",idn_2,n2,adn_2,pattern,mse,948,9.565792716697923e-07,7.844918108091601e-07,0.0008857154231519061,training_rmse_nm_s
aib_qss,"cvd:aib_qss:AIB:full:bulk_as_surface:A=idn_2,I=n2,B=adn_2",idn_2,n2,adn_2,pattern,mse,949,8.132440220975417e-07,7.844918108091601e-07,0.0008857154231519061,training_rmse_nm_s
aib_qss,"cvd:aib_qss:AIB:full:bulk_as_surface:A=idn_2,I=n2,B=adn_2",idn_2,n2,adn_2,pattern,mse,950,8.132437793766196e-07,7.844918108091601e-07,0.0008857154231519061,training_rmse_nm_s
aib_qss,"cvd:aib_qss:AIB:full:bulk_as_surface:A=idn_2,I=n2,B=adn_2",idn_2,n2,adn_2,pattern,mse,951,8.715723865704617e-07,7.844918108091601e-07,0.0008857154231519061,training_rmse_nm_s
aib_qss,"cvd:aib_qss:AIB:full:bulk_as_surface:A=idn_2,I=n2,B=adn_2",idn_2,n2,adn_2,pattern,mse,952,1.072784148345291e-06,7.844918108091601e-07,0.0008857154231519061,training_rmse_nm_s
aib_qss,"cvd:aib_qss:AIB:full:bulk_as_surface:A=idn_2,I=n2,B=adn_2",idn_2,n2,adn_2,pattern,mse,953,9.623148519637984e-07,7.844918108091601e-07,0.0008857154231519061,training_rmse_nm_s
aib_qss,"cvd:aib_qss:AIB:full:bulk_as_surface:A=idn_2,I=n2,B=adn_2",idn_2,n2,adn_2,pattern,mse,954,9.565793644318313e-07,7.844918108091601e-07,0.0008857154231519061,training_rmse_nm_s
aib_qss,"cvd:aib_qss:AIB:full:bulk_as_surface:A=idn_2,I=n2,B=adn_2",idn_2,n2,adn_2,pattern,mse,955,8.132439094544345e-07,7.844918108091601e-07,0.0008857154231519061,training_rmse_nm_s
aib_qss,"cvd:aib_qss:AIB:full:bulk_as_surface:A=idn_2,I=n2,B=adn_2",idn_2,n2,adn_2,pattern,mse,956,8.132436291656589e-07,7.844918108091601e-07,0.0008857154231519061,training_rmse_nm_s
aib_qss,"cvd:aib_qss:AIB:full:bulk_as_surface:A=idn_2,I=n2,B=adn_2",idn_2,n2,adn_2,pattern,mse,957,8.008213066105192e-07,7.844918108091601e-07,0.0008857154231519061,training_rmse_nm_s
aib_qss,"cvd:aib_qss:AIB:full:bulk_as_surface:A=idn_2,I=n2,B=adn_2",idn_2,n2,adn_2,pattern,mse,958,9.052932299048914e-07,7.844918108091601e-07,0.0008857154231519061,training_rmse_nm_s
aib_qss,"cvd:aib_qss:AIB:full:bulk_as_surface:A=idn_2,I=n2,B=adn_2",idn_2,n2,adn_2,pattern,mse,959,7.901689102049111e-07,7.844918108091601e-07,0.0008857154231519061,training_rmse_nm_s
aib_qss,"cvd:aib_qss:AIB:full:bulk_as_surface:A=idn_2,I=n2,B=adn_2",idn_2,n2,adn_2,pattern,mse,960,8.937584942827237e-07,7.844918108091601e-07,0.0008857154231519061,training_rmse_nm_s
aib_qss,"cvd:aib_qss:AIB:full:bulk_as_surface:A=idn_2,I=n2,B=adn_2",idn_2,n2,adn_2,pattern,mse,961,7.901689508474868e-07,7.844918108091601e-07,0.0008857154231519061,training_rmse_nm_s
aib_qss,"cvd:aib_qss:AIB:full:bulk_as_surface:A=idn_2,I=n2,B=adn_2",idn_2,n2,adn_2,pattern,mse,962,7.901688665302379e-07,7.844918108091601e-07,0.0008857154231519061,training_rmse_nm_s
aib_qss,"cvd:aib_qss:AIB:full:bulk_as_surface:A=idn_2,I=n2,B=adn_2",idn_2,n2,adn_2,pattern,mse,963,8.005545953635426e-07,7.844918108091601e-07,0.0008857154231519061,training_rmse_nm_s
aib_qss,"cvd:aib_qss:AIB:full:bulk_as_surface:A=idn_2,I=n2,B=adn_2",idn_2,n2,adn_2,pattern,mse,964,8.580668970912429e-07,7.844918108091601e-07,0.0008857154231519061,training_rmse_nm_s
aib_qss,"cvd:aib_qss:AIB:full:bulk_as_surface:A=idn_2,I=n2,B=adn_2",idn_2,n2,adn_2,pattern,mse,965,8.4742006674785e-07,7.844918108091601e-07,0.0008857154231519061,training_rmse_nm_s
aib_qss,"cvd:aib_qss:AIB:full:bulk_as_surface:A=idn_2,I=n2,B=adn_2",idn_2,n2,adn_2,pattern,mse,966,8.008213271471948e-07,7.844918108091601e-07,0.0008857154231519061,training_rmse_nm_s
aib_qss,"cvd:aib_qss:AIB:full:bulk_as_surface:A=idn_2,I=n2,B=adn_2",idn_2,n2,adn_2,pattern,mse,967,7.901689102049111e-07,7.844918108091601e-07,0.0008857154231519061,training_rmse_nm_s
aib_qss,"cvd:aib_qss:AIB:full:bulk_as_surface:A=idn_2,I=n2,B=adn_2",idn_2,n2,adn_2,pattern,mse,968,7.901688195972827e-07,7.844918108091601e-07,0.0008857154231519061,training_rmse_nm_s
aib_qss,"cvd:aib_qss:AIB:full:bulk_as_surface:A=idn_2,I=n2,B=adn_2",idn_2,n2,adn_2,pattern,mse,969,8.005546524096002e-07,7.844918108091601e-07,0.0008857154231519061,training_rmse_nm_s
aib_qss,"cvd:aib_qss:AIB:full:bulk_as_surface:A=idn_2,I=n2,B=adn_2",idn_2,n2,adn_2,pattern,mse,970,8.580667448528606e-07,7.844918108091601e-07,0.0008857154231519061,training_rmse_nm_s
aib_qss,"cvd:aib_qss:AIB:full:bulk_as_surface:A=idn_2,I=n2,B=adn_2",idn_2,n2,adn_2,pattern,mse,971,8.474199599332107e-07,7.844918108091601e-07,0.0008857154231519061,training_rmse_nm_s
aib_qss,"cvd:aib_qss:AIB:full:bulk_as_surface:A=idn_2,I=n2,B=adn_2",idn_2,n2,adn_2,pattern,mse,972,8.008213492162544e-07,7.844918108091601e-07,0.0008857154231519061,training_rmse_nm_s
aib_qss,"cvd:aib_qss:AIB:full:bulk_as_surface:A=idn_2,I=n2,B=adn_2",idn_2,n2,adn_2,pattern,mse,973,7.901688665302379e-07,7.844918108091601e-07,0.0008857154231519061,training_rmse_nm_s
aib_qss,"cvd:aib_qss:AIB:full:bulk_as_surface:A=idn_2,I=n2,B=adn_2",idn_2,n2,adn_2,pattern,mse,974,7.901687691629782e-07,7.844918108091601e-07,0.0008857154231519061,training_rmse_nm_s
aib_qss,"cvd:aib_qss:AIB:full:bulk_as_surface:A=idn_2,I=n2,B=adn_2",idn_2,n2,adn_2,pattern,mse,975,7.853774892052951e-07,7.844918108091601e-07,0.0008857154231519061,training_rmse_nm_s
aib_qss,"cvd:aib_qss:AIB:full:bulk_as_surface:A=idn_2,I=n2,B=adn_2",idn_2,n2,adn_2,pattern,mse,976,8.145415140836001e-07,7.844918108091601e-07,0.0008857154231519061,training_rmse_nm_s
aib_qss,"cvd:aib_qss:AIB:full:bulk_as_surface:A=idn_2,I=n2,B=adn_2",idn_2,n2,adn_2,pattern,mse,977,7.932434586632083e-07,7.844918108091601e-07,0.0008857154231519061,training_rmse_nm_s
aib_qss,"cvd:aib_qss:AIB:full:bulk_as_surface:A=idn_2,I=n2,B=adn_2",idn_2,n2,adn_2,pattern,mse,978,7.955623296188614e-07,7.844918108091601e-07,0.0008857154231519061,training_rmse_nm_s
aib_qss,"cvd:aib_qss:AIB:full:bulk_as_surface:A=idn_2,I=n2,B=adn_2",idn_2,n2,adn_2,pattern,mse,979,7.853774863537813e-07,7.844918108091601e-07,0.0008857154231519061,training_rmse_nm_s
aib_qss,"cvd:aib_qss:AIB:full:bulk_as_surface:A=idn_2,I=n2,B=adn_2",idn_2,n2,adn_2,pattern,mse,980,7.853774921613235e-07,7.844918108091601e-07,0.0008857154231519061,training_rmse_nm_s
aib_qss,"cvd:aib_qss:AIB:full:bulk_as_surface:A=idn_2,I=n2,B=adn_2",idn_2,n2,adn_2,pattern,mse,981,8.005546825094193e-07,7.844918108091601e-07,0.0008857154231519061,training_rmse_nm_s
aib_qss,"cvd:aib_qss:AIB:full:bulk_as_surface:A=idn_2,I=n2,B=adn_2",idn_2,n2,adn_2,pattern,mse,982,7.901687948336792e-07,7.844918108091601e-07,0.0008857154231519061,training_rmse_nm_s
aib_qss,"cvd:aib_qss:AIB:full:bulk_as_surface:A=idn_2,I=n2,B=adn_2",idn_2,n2,adn_2,pattern,mse,983,7.932434736457855e-07,7.844918108091601e-07,0.0008857154231519061,training_rmse_nm_s
aib_qss,"cvd:aib_qss:AIB:full:bulk_as_surface:A=idn_2,I=n2,B=adn_2",idn_2,n2,adn_2,pattern,mse,984,7.955623076213644e-07,7.844918108091601e-07,0.0008857154231519061,training_rmse_nm_s
aib_qss,"cvd:aib_qss:AIB:full:bulk_as_surface:A=idn_2,I=n2,B=adn_2",idn_2,n2,adn_2,pattern,mse,985,7.853774836030905e-07,7.844918108091601e-07,0.0008857154231519061,training_rmse_nm_s
aib_qss,"cvd:aib_qss:AIB:full:bulk_as_surface:A=idn_2,I=n2,B=adn_2",idn_2,n2,adn_2,pattern,mse,986,7.853774892052951e-07,7.844918108091601e-07,0.0008857154231519061,training_rmse_nm_s
aib_qss,"cvd:aib_qss:AIB:full:bulk_as_surface:A=idn_2,I=n2,B=adn_2",idn_2,n2,adn_2,pattern,mse,987,8.005546524096002e-07,7.844918108091601e-07,0.0008857154231519061,training_rmse_nm_s
aib_qss,"cvd:aib_qss:AIB:full:bulk_as_surface:A=idn_2,I=n2,B=adn_2",idn_2,n2,adn_2,pattern,mse,988,7.901688195972827e-07,7.844918108091601e-07,0.0008857154231519061,training_rmse_nm_s
aib_qss,"cvd:aib_qss:AIB:full:bulk_as_surface:A=idn_2,I=n2,B=adn_2",idn_2,n2,adn_2,pattern,mse,989,7.932434880989623e-07,7.844918108091601e-07,0.0008857154231519061,training_rmse_nm_s
aib_qss,"cvd:aib_qss:AIB:full:bulk_as_surface:A=idn_2,I=n2,B=adn_2",idn_2,n2,adn_2,pattern,mse,990,7.955622864012727e-07,7.844918108091601e-07,0.0008857154231519061,training_rmse_nm_s
aib_qss,"cvd:aib_qss:AIB:full:bulk_as_surface:A=idn_2,I=n2,B=adn_2",idn_2,n2,adn_2,pattern,mse,991,7.853774809496493e-07,7.844918108091601e-07,0.0008857154231519061,training_rmse_nm_s
aib_qss,"cvd:aib_qss:AIB:full:bulk_as_surface:A=idn_2,I=n2,B=adn_2",idn_2,n2,adn_2,pattern,mse,992,7.853774863537813e-07,7.844918108091601e-07,0.0008857154231519061,training_rmse_nm_s
aib_qss,"cvd:aib_qss:AIB:full:bulk_as_surface:A=idn_2,I=n2,B=adn_2",idn_2,n2,adn_2,pattern,mse,993,7.904475080243321e-07,7.844918108091601e-07,0.0008857154231519061,training_rmse_nm_s
aib_qss,"cvd:aib_qss:AIB:full:bulk_as_surface:A=idn_2,I=n2,B=adn_2",idn_2,n2,adn_2,pattern,mse,994,7.85300274365365e-07,7.844918108091601e-07,0.0008857154231519061,training_rmse_nm_s
aib_qss,"cvd:aib_qss:AIB:full:bulk_as_surface:A=idn_2,I=n2,B=adn_2",idn_2,n2,adn_2,pattern,mse,995,7.904610394086391e-07,7.844918108091601e-07,0.0008857154231519061,training_rmse_nm_s
aib_qss,"cvd:aib_qss:AIB:full:bulk_as_surface:A=idn_2,I=n2,B=adn_2",idn_2,n2,adn_2,pattern,mse,996,7.845113403859982e-07,7.844918108091601e-07,0.0008857154231519061,training_rmse_nm_s
aib_qss,"cvd:aib_qss:AIB:full:bulk_as_surface:A=idn_2,I=n2,B=adn_2",idn_2,n2,adn_2,pattern,mse,997,7.845113413900061e-07,7.844918108091601e-07,0.0008857154231519061,training_rmse_nm_s
aib_qss,"cvd:aib_qss:AIB:full:bulk_as_surface:A=idn_2,I=n2,B=adn_2",idn_2,n2,adn_2,pattern,mse,998,7.845113393637784e-07,7.844918108091601e-07,0.0008857154231519061,training_rmse_nm_s
aib_qss,"cvd:aib_qss:AIB:full:bulk_as_surface:A=idn_2,I=n2,B=adn_2",idn_2,n2,adn_2,pattern,mse,999,7.881034631987386e-07,7.844918108091601e-07,0.0008857154231519061,training_rmse_nm_s
aib_qss,"cvd:aib_qss:AIB:full:bulk_as_surface:A=idn_2,I=n2,B=adn_2",idn_2,n2,adn_2,pattern,mse,1000,7.859382816159507e-07,7.844918108091601e-07,0.0008857154231519061,training_rmse_nm_s
aib_qss,"cvd:aib_qss:AIB:full:bulk_as_surface:A=idn_2,I=n2,B=adn_2",idn_2,n2,adn_2,pattern,mse,1001,7.85300269114521e-07,7.844918108091601e-07,0.0008857154231519061,training_rmse_nm_s
aib_qss,"cvd:aib_qss:AIB:full:bulk_as_surface:A=idn_2,I=n2,B=adn_2",idn_2,n2,adn_2,pattern,mse,1002,7.883116440311937e-07,7.844918108091601e-07,0.0008857154231519061,training_rmse_nm_s
aib_qss,"cvd:aib_qss:AIB:full:bulk_as_surface:A=idn_2,I=n2,B=adn_2",idn_2,n2,adn_2,pattern,mse,1003,7.845113403859982e-07,7.844918108091601e-07,0.0008857154231519061,training_rmse_nm_s
aib_qss,"cvd:aib_qss:AIB:full:bulk_as_surface:A=idn_2,I=n2,B=adn_2",idn_2,n2,adn_2,pattern,mse,1004,7.845113383230172e-07,7.844918108091601e-07,0.0008857154231519061,training_rmse_nm_s
aib_qss,"cvd:aib_qss:AIB:full:bulk_as_surface:A=idn_2,I=n2,B=adn_2",idn_2,n2,adn_2,pattern,mse,1005,7.881034689522285e-07,7.844918108091601e-07,0.0008857154231519061,training_rmse_nm_s
aib_qss,"cvd:aib_qss:AIB:full:bulk_as_surface:A=idn_2,I=n2,B=adn_2",idn_2,n2,adn_2,pattern,mse,1006,7.859382737628141e-07,7.844918108091601e-07,0.0008857154231519061,training_rmse_nm_s
aib_qss,"cvd:aib_qss:AIB:full:bulk_as_surface:A=idn_2,I=n2,B=adn_2",idn_2,n2,adn_2,pattern,mse,1007,7.853002637683822e-07,7.844918108091601e-07,0.0008857154231519061,training_rmse_nm_s
aib_qss,"cvd:aib_qss:AIB:full:bulk_as_surface:A=idn_2,I=n2,B=adn_2",idn_2,n2,adn_2,pattern,mse,1008,7.883116474506274e-07,7.844918108091601e-07,0.0008857154231519061,training_rmse_nm_s
aib_qss,"cvd:aib_qss:AIB:full:bulk_as_surface:A=idn_2,I=n2,B=adn_2",idn_2,n2,adn_2,pattern,mse,1009,7.845113393637784e-07,7.844918108091601e-07,0.0008857154231519061,training_rmse_nm_s
aib_qss,"cvd:aib_qss:AIB:full:bulk_as_surface:A=idn_2,I=n2,B=adn_2",idn_2,n2,adn_2,pattern,mse,1010,7.845113372633737e-07,7.844918108091601e-07,0.0008857154231519061,training_rmse_nm_s
parallel_a_ab_qss,"cvd:parallel_a_ab_qss:AB:full:bulk_as_surface:A=adn_2,B=idn_2",adn_2,,idn_2,pattern,mse,1,0.0026128385868184074,0.0026128385868184074,0.051115932807867324,training_rmse_nm_s
parallel_a_ab_qss,"cvd:parallel_a_ab_qss:AB:full:bulk_as_surface:A=adn_2,B=idn_2",adn_2,,idn_2,pattern,mse,2,0.002503552750637991,0.002503552750637991,0.05003551489330345,training_rmse_nm_s
parallel_a_ab_qss,"cvd:parallel_a_ab_qss:AB:full:bulk_as_surface:A=adn_2,B=idn_2",adn_2,,idn_2,pattern,mse,3,0.0008494925246797638,0.0008494925246797638,0.029146055044890103,training_rmse_nm_s
parallel_a_ab_qss,"cvd:parallel_a_ab_qss:AB:full:bulk_as_surface:A=adn_2,B=idn_2",adn_2,,idn_2,pattern,mse,4,2.7605941298637578e-05,2.7605941298637578e-05,0.005254135637632281,training_rmse_nm_s
parallel_a_ab_qss,"cvd:parallel_a_ab_qss:AB:full:bulk_as_surface:A=adn_2,B=idn_2",adn_2,,idn_2,pattern,mse,5,2.7627877482714167e-05,2.7605941298637578e-05,0.005254135637632281,training_rmse_nm_s
parallel_a_ab_qss,"cvd:parallel_a_ab_qss:AB:full:bulk_as_surface:A=adn_2,B=idn_2",adn_2,,idn_2,pattern,mse,6,0.002612462773282279,2.7605941298637578e-05,0.005254135637632281,training_rmse_nm_s
parallel_a_ab_qss,"cvd:parallel_a_ab_qss:AB:full:bulk_as_surface:A=adn_2,B=idn_2",adn_2,,idn_2,pattern,mse,7,0.002503177786202019,2.7605941298637578e-05,0.005254135637632281,training_rmse_nm_s
parallel_a_ab_qss,"cvd:parallel_a_ab_qss:AB:full:bulk_as_surface:A=adn_2,B=idn_2",adn_2,,idn_2,pattern,mse,8,0.000849411901359519,2.7605941298637578e-05,0.005254135637632281,training_rmse_nm_s
parallel_a_ab_qss,"cvd:parallel_a_ab_qss:AB:full:bulk_as_surface:A=adn_2,B=idn_2",adn_2,,idn_2,pattern,mse,9,2.7605940436432068e-05,2.7605940436432068e-05,0.005254135555582105,training_rmse_nm_s
parallel_a_ab_qss,"cvd:parallel_a_ab_qss:AB:full:bulk_as_surface:A=adn_2,B=idn_2",adn_2,,idn_2,pattern,mse,10,2.7627877482627966e-05,2.7605940436432068e-05,0.005254135555582105,training_rmse_nm_s
parallel_a_ab_qss,"cvd:parallel_a_ab_qss:AB:full:bulk_as_surface:A=adn_2,B=idn_2",adn_2,,idn_2,pattern,mse,11,0.0008593915939655995,2.7605940436432068e-05,0.005254135555582105,training_rmse_nm_s
parallel_a_ab_qss,"cvd:parallel_a_ab_qss:AB:full:bulk_as_surface:A=adn_2,B=idn_2",adn_2,,idn_2,pattern,mse,12,0.0007862779681341724,2.7605940436432068e-05,0.005254135555582105,training_rmse_nm_s
parallel_a_ab_qss,"cvd:parallel_a_ab_qss:AB:full:bulk_as_surface:A=adn_2,B=idn_2",adn_2,,idn_2,pattern,mse,13,0.0003772817681457858,2.7605940436432068e-05,0.005254135555582105,training_rmse_nm_s
parallel_a_ab_qss,"cvd:parallel_a_ab_qss:AB:full:bulk_as_surface:A=adn_2,B=idn_2",adn_2,,idn_2,pattern,mse,14,2.7597320345183885e-05,2.7597320345183885e-05,0.005253315176646446,training_rmse_nm_s
parallel_a_ab_qss,"cvd:parallel_a_ab_qss:AB:full:bulk_as_surface:A=adn_2,B=idn_2",adn_2,,idn_2,pattern,mse,15,2.76278766205483e-05,2.7597320345183885e-05,0.005253315176646446,training_rmse_nm_s
parallel_a_ab_qss,"cvd:parallel_a_ab_qss:AB:full:bulk_as_surface:A=adn_2,B=idn_2",adn_2,,idn_2,pattern,mse,16,7.667488124532132e-06,7.667488124532132e-06,0.0027690229548582895,training_rmse_nm_s
parallel_a_ab_qss,"cvd:parallel_a_ab_qss:AB:full:bulk_as_surface:A=adn_2,B=idn_2",adn_2,,idn_2,pattern,mse,17,2.3048049967250444e-05,7.667488124532132e-06,0.0027690229548582895,training_rmse_nm_s
parallel_a_ab_qss,"cvd:parallel_a_ab_qss:AB:full:bulk_as_surface:A=adn_2,B=idn_2",adn_2,,idn_2,pattern,mse,18,2.3049162471429596e-05,7.667488124532132e-06,0.0027690229548582895,training_rmse_nm_s
parallel_a_ab_qss,"cvd:parallel_a_ab_qss:AB:full:bulk_as_surface:A=adn_2,B=idn_2",adn_2,,idn_2,pattern,mse,19,7.984657761716581e-06,7.667488124532132e-06,0.0027690229548582895,training_rmse_nm_s
parallel_a_ab_qss,"cvd:parallel_a_ab_qss:AB:full:bulk_as_surface:A=adn_2,B=idn_2",adn_2,,idn_2,pattern,mse,20,2.7619257786854174e-05,7.667488124532132e-06,0.0027690229548582895,training_rmse_nm_s
parallel_a_ab_qss,"cvd:parallel_a_ab_qss:AB:full:bulk_as_surface:A=adn_2,B=idn_2",adn_2,,idn_2,pattern,mse,21,7.703547254033953e-06,7.667488124532132e-06,0.0027690229548582895,training_rmse_nm_s
parallel_a_ab_qss,"cvd:parallel_a_ab_qss:AB:full:bulk_as_surface:A=adn_2,B=idn_2",adn_2,,idn_2,pattern,mse,22,2.3102417173030807e-05,7.667488124532132e-06,0.0027690229548582895,training_rmse_nm_s
parallel_a_ab_qss,"cvd:parallel_a_ab_qss:AB:full:bulk_as_surface:A=adn_2,B=idn_2",adn_2,,idn_2,pattern,mse,23,2.310910567226527e-05,7.667488124532132e-06,0.0027690229548582895,training_rmse_nm_s
parallel_a_ab_qss,"cvd:parallel_a_ab_qss:AB:full:bulk_as_surface:A=adn_2,B=idn_2",adn_2,,idn_2,pattern,mse,24,2.3103524615858065e-05,7.667488124532132e-06,0.0027690229548582895,training_rmse_nm_s
parallel_a_ab_qss,"cvd:parallel_a_ab_qss:AB:full:bulk_as_surface:A=adn_2,B=idn_2",adn_2,,idn_2,pattern,mse,25,8.00415459767109e-06,7.667488124532132e-06,0.0027690229548582895,training_rmse_nm_s
parallel_a_ab_qss,"cvd:parallel_a_ab_qss:AB:full:bulk_as_surface:A=adn_2,B=idn_2",adn_2,,idn_2,pattern,mse,26,0.0027756265214684316,7.667488124532132e-06,0.0027690229548582895,training_rmse_nm_s
parallel_a_ab_qss,"cvd:parallel_a_ab_qss:AB:full:bulk_as_surface:A=adn_2,B=idn_2",adn_2,,idn_2,pattern,mse,27,0.0026121113878362348,7.667488124532132e-06,0.0027690229548582895,training_rmse_nm_s
parallel_a_ab_qss,"cvd:parallel_a_ab_qss:AB:full:bulk_as_surface:A=adn_2,B=idn_2",adn_2,,idn_2,pattern,mse,28,0.0008494338146320078,7.667488124532132e-06,0.0027690229548582895,training_rmse_nm_s
parallel_a_ab_qss,"cvd:parallel_a_ab_qss:AB:full:bulk_as_surface:A=adn_2,B=idn_2",adn_2,,idn_2,pattern,mse,29,2.7605941298960866e-05,7.667488124532132e-06,0.0027690229548582895,training_rmse_nm_s
parallel_a_ab_qss,"cvd:parallel_a_ab_qss:AB:full:bulk_as_surface:A=adn_2,B=idn_2",adn_2,,idn_2,pattern,mse,30,2.7627877482714174e-05,7.667488124532132e-06,0.0027690229548582895,training_rmse_nm_s
parallel_a_ab_qss,"cvd:parallel_a_ab_qss:AB:full:bulk_as_surface:A=adn_2,B=idn_2",adn_2,,idn_2,pattern,mse,31,0.002775250225126661,7.667488124532132e-06,0.0027690229548582895,training_rmse_nm_s
parallel_a_ab_qss,"cvd:parallel_a_ab_qss:AB:full:bulk_as_surface:A=adn_2,B=idn_2",adn_2,,idn_2,pattern,mse,32,0.0026117357307752593,7.667488124532132e-06,0.0027690229548582895,training_rmse_nm_s
parallel_a_ab_qss,"cvd:parallel_a_ab_qss:AB:full:bulk_as_surface:A=adn_2,B=idn_2",adn_2,,idn_2,pattern,mse,33,0.0008493532003423538,7.667488124532132e-06,0.0027690229548582895,training_rmse_nm_s
parallel_a_ab_qss,"cvd:parallel_a_ab_qss:AB:full:bulk_as_surface:A=adn_2,B=idn_2",adn_2,,idn_2,pattern,mse,34,2.760594043675535e-05,7.667488124532132e-06,0.0027690229548582895,training_rmse_nm_s
parallel_a_ab_qss,"cvd:parallel_a_ab_qss:AB:full:bulk_as_surface:A=adn_2,B=idn_2",adn_2,,idn_2,pattern,mse,35,2.7627877482627973e-05,7.667488124532132e-06,0.0027690229548582895,training_rmse_nm_s
parallel_a_ab_qss,"cvd:parallel_a_ab_qss:AB:full:bulk_as_surface:A=adn_2,B=idn_2",adn_2,,idn_2,pattern,mse,36,0.0009838292890278141,7.667488124532132e-06,0.0027690229548582895,training_rmse_nm_s
parallel_a_ab_qss,"cvd:parallel_a_ab_qss:AB:full:bulk_as_surface:A=adn_2,B=idn_2",adn_2,,idn_2,pattern,mse,37,0.0008592486699129161,7.667488124532132e-06,0.0027690229548582895,training_rmse_nm_s
parallel_a_ab_qss,"cvd:parallel_a_ab_qss:AB:full:bulk_as_surface:A=adn_2,B=idn_2",adn_2,,idn_2,pattern,mse,38,0.0003772667055232662,7.667488124532132e-06,0.0027690229548582895,training_rmse_nm_s
parallel_a_ab_qss,"cvd:parallel_a_ab_qss:AB:full:bulk_as_surface:A=adn_2,B=idn_2",adn_2,,idn_2,pattern,mse,39,2.759732034569458e-05,7.667488124532132e-06,0.0027690229548582895,training_rmse_nm_s
parallel_a_ab_qss,"cvd:parallel_a_ab_qss:AB:full:bulk_as_surface:A=adn_2,B=idn_2",adn_2,,idn_2,pattern,mse,40,2.7627876620548285e-05,7.667488124532132e-06,0.0027690229548582895,training_rmse_nm_s
parallel_a_ab_qss,"cvd:parallel_a_ab_qss:AB:full:bulk_as_surface:A=adn_2,B=idn_2",adn_2,,idn_2,pattern,mse,41,2.7607614070233212e-05,7.667488124532132e-06,0.0027690229548582895,training_rmse_nm_s
parallel_a_ab_qss,"cvd:parallel_a_ab_qss:AB:full:bulk_as_surface:A=adn_2,B=idn_2",adn_2,,idn_2,pattern,mse,42,7.66748817779288e-06,7.667488124532132e-06,0.0027690229548582895,training_rmse_nm_s
parallel_a_ab_qss,"cvd:parallel_a_ab_qss:AB:full:bulk_as_surface:A=adn_2,B=idn_2",adn_2,,idn_2,pattern,mse,43,2.3042477677766293e-05,7.667488124532132e-06,0.0027690229548582895,training_rmse_nm_s
parallel_a_ab_qss,"cvd:parallel_a_ab_qss:AB:full:bulk_as_surface:A=adn_2,B=idn_2",adn_2,,idn_2,pattern,mse,44,7.984657746623758e-06,7.667488124532132e-06,0.0027690229548582895,training_rmse_nm_s
parallel_a_ab_qss,"cvd:parallel_a_ab_qss:AB:full:bulk_as_surface:A=adn_2,B=idn_2",adn_2,,idn_2,pattern,mse,45,2.7619257786854188e-05,7.667488124532132e-06,0.0027690229548582895,training_rmse_nm_s
parallel_a_ab_qss,"cvd:parallel_a_ab_qss:AB:full:bulk_as_surface:A=adn_2,B=idn_2",adn_2,,idn_2,pattern,mse,46,2.762045284910316e-05,7.667488124532132e-06,0.0027690229548582895,training_rmse_nm_s
parallel_a_ab_qss,"cvd:parallel_a_ab_qss:AB:full:bulk_as_surface:A=adn_2,B=idn_2",adn_2,,idn_2,pattern,mse,47,7.703547254039184e-06,7.667488124532132e-06,0.0027690229548582895,training_rmse_nm_s
parallel_a_ab_qss,"cvd:parallel_a_ab_qss:AB:full:bulk_as_surface:A=adn_2,B=idn_2",adn_2,,idn_2,pattern,mse,48,2.310241661487088e-05,7.667488124532132e-06,0.0027690229548582895,training_rmse_nm_s
parallel_a_ab_qss,"cvd:parallel_a_ab_qss:AB:full:bulk_as_surface:A=adn_2,B=idn_2",adn_2,,idn_2,pattern,mse,49,2.3103523946925633e-05,7.667488124532132e-06,0.0027690229548582895,training_rmse_nm_s
parallel_a_ab_qss,"cvd:parallel_a_ab_qss:AB:full:bulk_as_surface:A=adn_2,B=idn_2",adn_2,,idn_2,pattern,mse,50,8.004154597669557e-06,7.667488124532132e-06,0.0027690229548582895,training_rmse_nm_s
parallel_a_ab_qss,"cvd:parallel_a_ab_qss:AB:full:bulk_as_surface:A=adn_2,B=idn_2",adn_2,,idn_2,pattern,mse,51,0.0009839387823336358,7.667488124532132e-06,0.0027690229548582895,training_rmse_nm_s
parallel_a_ab_qss,"cvd:parallel_a_ab_qss:AB:full:bulk_as_surface:A=adn_2,B=idn_2",adn_2,,idn_2,pattern,mse,52,0.000983844508056169,7.667488124532132e-06,0.0027690229548582895,training_rmse_nm_s
parallel_a_ab_qss,"cvd:parallel_a_ab_qss:AB:full:bulk_as_surface:A=adn_2,B=idn_2",adn_2,,idn_2,pattern,mse,53,0.0004613320253505981,7.667488124532132e-06,0.0027690229548582895,training_rmse_nm_s
parallel_a_ab_qss,"cvd:parallel_a_ab_qss:AB:full:bulk_as_surface:A=adn_2,B=idn_2",adn_2,,idn_2,pattern,mse,54,2.7605944531410805e-05,7.667488124532132e-06,0.0027690229548582895,training_rmse_nm_s
parallel_a_ab_qss,"cvd:parallel_a_ab_qss:AB:full:bulk_as_surface:A=adn_2,B=idn_2",adn_2,,idn_2,pattern,mse,55,2.7627877482714214e-05,7.667488124532132e-06,0.0027690229548582895,training_rmse_nm_s
parallel_a_ab_qss,"cvd:parallel_a_ab_qss:AB:full:bulk_as_surface:A=adn_2,B=idn_2",adn_2,,idn_2,pattern,mse,56,0.0009838590110608746,7.667488124532132e-06,0.0027690229548582895,training_rmse_nm_s
parallel_a_ab_qss,"cvd:parallel_a_ab_qss:AB:full:bulk_as_surface:A=adn_2,B=idn_2",adn_2,,idn_2,pattern,mse,57,0.000983764746106565,7.667488124532132e-06,0.0027690229548582895,training_rmse_nm_s
parallel_a_ab_qss,"cvd:parallel_a_ab_qss:AB:full:bulk_as_surface:A=adn_2,B=idn_2",adn_2,,idn_2,pattern,mse,58,0.00046130187122345753,7.667488124532132e-06,0.0027690229548582895,training_rmse_nm_s
parallel_a_ab_qss,"cvd:parallel_a_ab_qss:AB:full:bulk_as_surface:A=adn_2,B=idn_2",adn_2,,idn_2,pattern,mse,59,2.7605943669392747e-05,7.667488124532132e-06,0.0027690229548582895,training_rmse_nm_s
parallel_a_ab_qss,"cvd:parallel_a_ab_qss:AB:full:bulk_as_surface:A=adn_2,B=idn_2",adn_2,,idn_2,pattern,mse,60,2.7627877482627997e-05,7.667488124532132e-06,0.0027690229548582895,training_rmse_nm_s
parallel_a_ab_qss,"cvd:parallel_a_ab_qss:AB:full:bulk_as_surface:A=adn_2,B=idn_2",adn_2,,idn_2,pattern,mse,61,0.0004994394584038153,7.667488124532132e-06,0.0027690229548582895,training_rmse_nm_s
parallel_a_ab_qss,"cvd:parallel_a_ab_qss:AB:full:bulk_as_surface:A=adn_2,B=idn_2",adn_2,,idn_2,pattern,mse,62,0.0004993953592693598,7.667488124532132e-06,0.0027690229548582895,training_rmse_nm_s
parallel_a_ab_qss,"cvd:parallel_a_ab_qss:AB:full:bulk_as_surface:A=adn_2,B=idn_2",adn_2,,idn_2,pattern,mse,63,0.0002581237362440155,7.667488124532132e-06,0.0027690229548582895,training_rmse_nm_s
parallel_a_ab_qss,"cvd:parallel_a_ab_qss:AB:full:bulk_as_surface:A=adn_2,B=idn_2",adn_2,,idn_2,pattern,mse,64,2.7597325452111438e-05,7.667488124532132e-06,0.0027690229548582895,training_rmse_nm_s
parallel_a_ab_qss,"cvd:parallel_a_ab_qss:AB:full:bulk_as_surface:A=adn_2,B=idn_2",adn_2,,idn_2,pattern,mse,65,2.762787662054834e-05,7.667488124532132e-06,0.0027690229548582895,training_rmse_nm_s
parallel_a_ab_qss,"cvd:parallel_a_ab_qss:AB:full:bulk_as_surface:A=adn_2,B=idn_2",adn_2,,idn_2,pattern,mse,66,2.7615045243279645e-05,7.667488124532132e-06,0.0027690229548582895,training_rmse_nm_s
parallel_a_ab_qss,"cvd:parallel_a_ab_qss:AB:full:bulk_as_surface:A=adn_2,B=idn_2",adn_2,,idn_2,pattern,mse,67,2.7607616090834235e-05,7.667488124532132e-06,0.0027690229548582895,training_rmse_nm_s
parallel_a_ab_qss,"cvd:parallel_a_ab_qss:AB:full:bulk_as_surface:A=adn_2,B=idn_2",adn_2,,idn_2,pattern,mse,68,7.668021282068539e-06,7.667488124532132e-06,0.0027690229548582895,training_rmse_nm_s
parallel_a_ab_qss,"cvd:parallel_a_ab_qss:AB:full:bulk_as_surface:A=adn_2,B=idn_2",adn_2,,idn_2,pattern,mse,69,7.984507333021356e-06,7.667488124532132e-06,0.0027690229548582895,training_rmse_nm_s
parallel_a_ab_qss,"cvd:parallel_a_ab_qss:AB:full:bulk_as_surface:A=adn_2,B=idn_2",adn_2,,idn_2,pattern,mse,70,2.761925778704162e-05,7.667488124532132e-06,0.0027690229548582895,training_rmse_nm_s
parallel_a_ab_qss,"cvd:parallel_a_ab_qss:AB:full:bulk_as_surface:A=adn_2,B=idn_2",adn_2,,idn_2,pattern,mse,71,2.7627877650008866e-05,7.667488124532132e-06,0.0027690229548582895,training_rmse_nm_s
parallel_a_ab_qss,"cvd:parallel_a_ab_qss:AB:full:bulk_as_surface:A=adn_2,B=idn_2",adn_2,,idn_2,pattern,mse,72,2.7620452849177394e-05,7.667488124532132e-06,0.0027690229548582895,training_rmse_nm_s
parallel_a_ab_qss,"cvd:parallel_a_ab_qss:AB:full:bulk_as_surface:A=adn_2,B=idn_2",adn_2,,idn_2,pattern,mse,73,7.703547306221296e-06,7.667488124532132e-06,0.0027690229548582895,training_rmse_nm_s
parallel_a_ab_qss,"cvd:parallel_a_ab_qss:AB:full:bulk_as_surface:A=adn_2,B=idn_2",adn_2,,idn_2,pattern,mse,74,2.3096836019926034e-05,7.667488124532132e-06,0.0027690229548582895,training_rmse_nm_s
parallel_a_ab_qss,"cvd:parallel_a_ab_qss:AB:full:bulk_as_surface:A=adn_2,B=idn_2",adn_2,,idn_2,pattern,mse,75,8.004154582327829e-06,7.667488124532132e-06,0.0027690229548582895,training_rmse_nm_s
parallel_a_ab_qss,"cvd:parallel_a_ab_qss:AB:full:bulk_as_surface:A=adn_2,B=idn_2",adn_2,,idn_2,pattern,mse,76,2.76150447091517e-05,7.667488124532132e-06,0.0027690229548582895,training_rmse_nm_s
parallel_a_ab_qss,"cvd:parallel_a_ab_qss:AB:full:bulk_as_surface:A=adn_2,B=idn_2",adn_2,,idn_2,pattern,mse,77,2.7615044709199002e-05,7.667488124532132e-06,0.0027690229548582895,training_rmse_nm_s
parallel_a_ab_qss,"cvd:parallel_a_ab_qss:AB:full:bulk_as_surface:A=adn_2,B=idn_2",adn_2,,idn_2,pattern,mse,78,2.7615045182287137e-05,7.667488124532132e-06,0.0027690229548582895,training_rmse_nm_s
parallel_a_ab_qss,"cvd:parallel_a_ab_qss:AB:full:bulk_as_surface:A=adn_2,B=idn_2",adn_2,,idn_2,pattern,mse,79,2.761932019325717e-05,7.667488124532132e-06,0.0027690229548582895,training_rmse_nm_s
parallel_a_ab_qss,"cvd:parallel_a_ab_qss:AB:full:bulk_as_surface:A=adn_2,B=idn_2",adn_2,,idn_2,pattern,mse,80,2.7627877483038577e-05,7.667488124532132e-06,0.0027690229548582895,training_rmse_nm_s
parallel_a_ab_qss,"cvd:parallel_a_ab_qss:AB:full:bulk_as_surface:A=adn_2,B=idn_2",adn_2,,idn_2,pattern,mse,81,2.761504470927943e-05,7.667488124532132e-06,0.0027690229548582895,training_rmse_nm_s
parallel_a_ab_qss,"cvd:parallel_a_ab_qss:AB:full:bulk_as_surface:A=adn_2,B=idn_2",adn_2,,idn_2,pattern,mse,82,2.7615044709326708e-05,7.667488124532132e-06,0.0027690229548582895,training_rmse_nm_s
parallel_a_ab_qss,"cvd:parallel_a_ab_qss:AB:full:bulk_as_surface:A=adn_2,B=idn_2",adn_2,,idn_2,pattern,mse,83,2.7615045182340558e-05,7.667488124532132e-06,0.0027690229548582895,training_rmse_nm_s
parallel_a_ab_qss,"cvd:parallel_a_ab_qss:AB:full:bulk_as_surface:A=adn_2,B=idn_2",adn_2,,idn_2,pattern,mse,84,2.761931999440107e-05,7.667488124532132e-06,0.0027690229548582895,training_rmse_nm_s
parallel_a_ab_qss,"cvd:parallel_a_ab_qss:AB:full:bulk_as_surface:A=adn_2,B=idn_2",adn_2,,idn_2,pattern,mse,85,2.762787748295237e-05,7.667488124532132e-06,0.0027690229548582895,training_rmse_nm_s
parallel_a_ab_qss,"cvd:parallel_a_ab_qss:AB:full:bulk_as_surface:A=adn_2,B=idn_2",adn_2,,idn_2,pattern,mse,86,2.7615045986411293e-05,7.667488124532132e-06,0.0027690229548582895,training_rmse_nm_s
parallel_a_ab_qss,"cvd:parallel_a_ab_qss:AB:full:bulk_as_surface:A=adn_2,B=idn_2",adn_2,,idn_2,pattern,mse,87,2.761504598638428e-05,7.667488124532132e-06,0.0027690229548582895,training_rmse_nm_s
parallel_a_ab_qss,"cvd:parallel_a_ab_qss:AB:full:bulk_as_surface:A=adn_2,B=idn_2",adn_2,,idn_2,pattern,mse,88,2.7615045716460977e-05,7.667488124532132e-06,0.0027690229548582895,training_rmse_nm_s
parallel_a_ab_qss,"cvd:parallel_a_ab_qss:AB:full:bulk_as_surface:A=adn_2,B=idn_2",adn_2,,idn_2,pattern,mse,89,2.7617331589736554e-05,7.667488124532132e-06,0.0027690229548582895,training_rmse_nm_s
parallel_a_ab_qss,"cvd:parallel_a_ab_qss:AB:full:bulk_as_surface:A=adn_2,B=idn_2",adn_2,,idn_2,pattern,mse,90,2.7627876621060127e-05,7.667488124532132e-06,0.0027690229548582895,training_rmse_nm_s
parallel_a_ab_qss,"cvd:parallel_a_ab_qss:AB:full:bulk_as_surface:A=adn_2,B=idn_2",adn_2,,idn_2,pattern,mse,91,2.7621446917154673e-05,7.667488124532132e-06,0.0027690229548582895,training_rmse_nm_s
parallel_a_ab_qss,"cvd:parallel_a_ab_qss:AB:full:bulk_as_surface:A=adn_2,B=idn_2",adn_2,,idn_2,pattern,mse,92,2.7621446545728202e-05,7.667488124532132e-06,0.0027690229548582895,training_rmse_nm_s
parallel_a_ab_qss,"cvd:parallel_a_ab_qss:AB:full:bulk_as_surface:A=adn_2,B=idn_2",adn_2,,idn_2,pattern,mse,93,2.7617732984160228e-05,7.667488124532132e-06,0.0027690229548582895,training_rmse_nm_s
parallel_a_ab_qss,"cvd:parallel_a_ab_qss:AB:full:bulk_as_surface:A=adn_2,B=idn_2",adn_2,,idn_2,pattern,mse,94,1.6772605884175392e-05,7.667488124532132e-06,0.0027690229548582895,training_rmse_nm_s
parallel_a_ab_qss,"cvd:parallel_a_ab_qss:AB:full:bulk_as_surface:A=adn_2,B=idn_2",adn_2,,idn_2,pattern,mse,95,2.7619259660976044e-05,7.667488124532132e-06,0.0027690229548582895,training_rmse_nm_s
parallel_a_ab_qss,"cvd:parallel_a_ab_qss:AB:full:bulk_as_surface:A=adn_2,B=idn_2",adn_2,,idn_2,pattern,mse,96,2.7627878392759952e-05,7.667488124532132e-06,0.0027690229548582895,training_rmse_nm_s
parallel_a_ab_qss,"cvd:parallel_a_ab_qss:AB:full:bulk_as_surface:A=adn_2,B=idn_2",adn_2,,idn_2,pattern,mse,97,2.7627877650212086e-05,7.667488124532132e-06,0.0027690229548582895,training_rmse_nm_s
parallel_a_ab_qss,"cvd:parallel_a_ab_qss:AB:full:bulk_as_surface:A=adn_2,B=idn_2",adn_2,,idn_2,pattern,mse,98,2.7620453591709274e-05,7.667488124532132e-06,0.0027690229548582895,training_rmse_nm_s
parallel_a_ab_qss,"cvd:parallel_a_ab_qss:AB:full:bulk_as_surface:A=adn_2,B=idn_2",adn_2,,idn_2,pattern,mse,99,7.70406962709078e-06,7.667488124532132e-06,0.0027690229548582895,training_rmse_nm_s
parallel_a_ab_qss,"cvd:parallel_a_ab_qss:AB:full:bulk_as_surface:A=adn_2,B=idn_2",adn_2,,idn_2,pattern,mse,100,8.004001679894313e-06,7.667488124532132e-06,0.0027690229548582895,training_rmse_nm_s
parallel_a_ab_qss,"cvd:parallel_a_ab_qss:AB:full:bulk_as_surface:A=adn_2,B=idn_2",adn_2,,idn_2,pattern,mse,101,2.762787839270527e-05,7.667488124532132e-06,0.0027690229548582895,training_rmse_nm_s
parallel_a_ab_qss,"cvd:parallel_a_ab_qss:AB:full:bulk_as_surface:A=adn_2,B=idn_2",adn_2,,idn_2,pattern,mse,102,2.762787839270527e-05,7.667488124532132e-06,0.0027690229548582895,training_rmse_nm_s
parallel_a_ab_qss,"cvd:parallel_a_ab_qss:AB:full:bulk_as_surface:A=adn_2,B=idn_2",adn_2,,idn_2,pattern,mse,103,2.7627878392705274e-05,7.667488124532132e-06,0.0027690229548582895,training_rmse_nm_s
parallel_a_ab_qss,"cvd:parallel_a_ab_qss:AB:full:bulk_as_surface:A=adn_2,B=idn_2",adn_2,,idn_2,pattern,mse,104,2.762787839275384e-05,7.667488124532132e-06,0.0027690229548582895,training_rmse_nm_s
parallel_a_ab_qss,"cvd:parallel_a_ab_qss:AB:full:bulk_as_surface:A=adn_2,B=idn_2",adn_2,,idn_2,pattern,mse,105,2.7627878824881206e-05,7.667488124532132e-06,0.0027690229548582895,training_rmse_nm_s
parallel_a_ab_qss,"cvd:parallel_a_ab_qss:AB:full:bulk_as_surface:A=adn_2,B=idn_2",adn_2,,idn_2,pattern,mse,106,2.7627878392705267e-05,7.667488124532132e-06,0.0027690229548582895,training_rmse_nm_s
parallel_a_ab_qss,"cvd:parallel_a_ab_qss:AB:full:bulk_as_surface:A=adn_2,B=idn_2",adn_2,,idn_2,pattern,mse,107,2.762787839270527e-05,7.667488124532132e-06,0.0027690229548582895,training_rmse_nm_s
parallel_a_ab_qss,"cvd:parallel_a_ab_qss:AB:full:bulk_as_surface:A=adn_2,B=idn_2",adn_2,,idn_2,pattern,mse,108,2.762787839270527e-05,7.667488124532132e-06,0.0027690229548582895,training_rmse_nm_s
parallel_a_ab_qss,"cvd:parallel_a_ab_qss:AB:full:bulk_as_surface:A=adn_2,B=idn_2",adn_2,,idn_2,pattern,mse,109,2.762787839275383e-05,7.667488124532132e-06,0.0027690229548582895,training_rmse_nm_s
parallel_a_ab_qss,"cvd:parallel_a_ab_qss:AB:full:bulk_as_surface:A=adn_2,B=idn_2",adn_2,,idn_2,pattern,mse,110,2.762787882486132e-05,7.667488124532132e-06,0.0027690229548582895,training_rmse_nm_s
parallel_a_ab_qss,"cvd:parallel_a_ab_qss:AB:full:bulk_as_surface:A=adn_2,B=idn_2",adn_2,,idn_2,pattern,mse,111,2.762787839270527e-05,7.667488124532132e-06,0.0027690229548582895,training_rmse_nm_s
parallel_a_ab_qss,"cvd:parallel_a_ab_qss:AB:full:bulk_as_surface:A=adn_2,B=idn_2",adn_2,,idn_2,pattern,mse,112,2.7627878392705274e-05,7.667488124532132e-06,0.0027690229548582895,training_rmse_nm_s
parallel_a_ab_qss,"cvd:parallel_a_ab_qss:AB:full:bulk_as_surface:A=adn_2,B=idn_2",adn_2,,idn_2,pattern,mse,113,2.7627878392705294e-05,7.667488124532132e-06,0.0027690229548582895,training_rmse_nm_s
parallel_a_ab_qss,"cvd:parallel_a_ab_qss:AB:full:bulk_as_surface:A=adn_2,B=idn_2",adn_2,,idn_2,pattern,mse,114,2.76278783926796e-05,7.667488124532132e-06,0.0027690229548582895,training_rmse_nm_s
parallel_a_ab_qss,"cvd:parallel_a_ab_qss:AB:full:bulk_as_surface:A=adn_2,B=idn_2",adn_2,,idn_2,pattern,mse,115,2.762787862601217e-05,7.667488124532132e-06,0.0027690229548582895,training_rmse_nm_s
parallel_a_ab_qss,"cvd:parallel_a_ab_qss:AB:full:bulk_as_surface:A=adn_2,B=idn_2",adn_2,,idn_2,pattern,mse,116,2.762787839283421e-05,7.667488124532132e-06,0.0027690229548582895,training_rmse_nm_s
parallel_a_ab_qss,"cvd:parallel_a_ab_qss:AB:full:bulk_as_surface:A=adn_2,B=idn_2",adn_2,,idn_2,pattern,mse,117,2.76278783928342e-05,7.667488124532132e-06,0.0027690229548582895,training_rmse_nm_s
parallel_a_ab_qss,"cvd:parallel_a_ab_qss:AB:full:bulk_as_surface:A=adn_2,B=idn_2",adn_2,,idn_2,pattern,mse,118,2.7627878392759965e-05,7.667488124532132e-06,0.0027690229548582895,training_rmse_nm_s
parallel_a_ab_qss,"cvd:parallel_a_ab_qss:AB:full:bulk_as_surface:A=adn_2,B=idn_2",adn_2,,idn_2,pattern,mse,119,2.7627877650399707e-05,7.667488124532132e-06,0.0027690229548582895,training_rmse_nm_s
parallel_a_ab_qss,"cvd:parallel_a_ab_qss:AB:full:bulk_as_surface:A=adn_2,B=idn_2",adn_2,,idn_2,pattern,mse,120,2.7625890290673662e-05,7.667488124532132e-06,0.0027690229548582895,training_rmse_nm_s
parallel_a_ab_qss,"cvd:parallel_a_ab_qss:AB:full:bulk_as_surface:A=adn_2,B=idn_2",adn_2,,idn_2,pattern,mse,121,2.7627879037509596e-05,7.667488124532132e-06,0.0027690229548582895,training_rmse_nm_s
parallel_a_ab_qss,"cvd:parallel_a_ab_qss:AB:full:bulk_as_surface:A=adn_2,B=idn_2",adn_2,,idn_2,pattern,mse,122,2.762787903747246e-05,7.667488124532132e-06,0.0027690229548582895,training_rmse_nm_s
parallel_a_ab_qss,"cvd:parallel_a_ab_qss:AB:full:bulk_as_surface:A=adn_2,B=idn_2",adn_2,,idn_2,pattern,mse,123,2.762787866616142e-05,7.667488124532132e-06,0.0027690229548582895,training_rmse_nm_s
parallel_a_ab_qss,"cvd:parallel_a_ab_qss:AB:full:bulk_as_surface:A=adn_2,B=idn_2",adn_2,,idn_2,pattern,mse,124,2.7624166258449254e-05,7.667488124532132e-06,0.0027690229548582895,training_rmse_nm_s
parallel_a_ab_qss,"cvd:parallel_a_ab_qss:AB:full:bulk_as_surface:A=adn_2,B=idn_2",adn_2,,idn_2,pattern,mse,125,1.678049387560628e-05,7.667488124532132e-06,0.0027690229548582895,training_rmse_nm_s
parallel_a_ab_qss,"cvd:parallel_a_ab_qss:AB:full:bulk_as_surface:A=adn_2,B=idn_2",adn_2,,idn_2,pattern,mse,126,4.703390986614918e-06,4.703390986614918e-06,0.0021687302705995777,training_rmse_nm_s
parallel_a_ab_qss,"cvd:parallel_a_ab_qss:AB:full:bulk_as_surface:A=adn_2,B=idn_2",adn_2,,idn_2,pattern,mse,127,1.7662856249449722e-05,4.703390986614918e-06,0.0021687302705995777,training_rmse_nm_s
parallel_a_ab_qss,"cvd:parallel_a_ab_qss:AB:full:bulk_as_surface:A=adn_2,B=idn_2",adn_2,,idn_2,pattern,mse,128,1.828080678778807e-05,4.703390986614918e-06,0.0021687302705995777,training_rmse_nm_s
parallel_a_ab_qss,"cvd:parallel_a_ab_qss:AB:full:bulk_as_surface:A=adn_2,B=idn_2",adn_2,,idn_2,pattern,mse,129,7.667488124526857e-06,4.703390986614918e-06,0.0021687302705995777,training_rmse_nm_s
parallel_a_ab_qss,"cvd:parallel_a_ab_qss:AB:full:bulk_as_surface:A=adn_2,B=idn_2",adn_2,,idn_2,pattern,mse,130,2.2399698867045696e-05,4.703390986614918e-06,0.0021687302705995777,training_rmse_nm_s
parallel_a_ab_qss,"cvd:parallel_a_ab_qss:AB:full:bulk_as_surface:A=adn_2,B=idn_2",adn_2,,idn_2,pattern,mse,131,2.3048050519061577e-05,4.703390986614918e-06,0.0021687302705995777,training_rmse_nm_s
parallel_a_ab_qss,"cvd:parallel_a_ab_qss:AB:full:bulk_as_surface:A=adn_2,B=idn_2",adn_2,,idn_2,pattern,mse,132,7.70318961712124e-06,4.703390986614918e-06,0.0021687302705995777,training_rmse_nm_s
parallel_a_ab_qss,"cvd:parallel_a_ab_qss:AB:full:bulk_as_surface:A=adn_2,B=idn_2",adn_2,,idn_2,pattern,mse,133,2.245322147702533e-05,4.703390986614918e-06,0.0021687302705995777,training_rmse_nm_s
parallel_a_ab_qss,"cvd:parallel_a_ab_qss:AB:full:bulk_as_surface:A=adn_2,B=idn_2",adn_2,,idn_2,pattern,mse,134,2.3101878264430042e-05,4.703390986614918e-06,0.0021687302705995777,training_rmse_nm_s
parallel_a_ab_qss,"cvd:parallel_a_ab_qss:AB:full:bulk_as_surface:A=adn_2,B=idn_2",adn_2,,idn_2,pattern,mse,135,2.615471577359253e-05,4.703390986614918e-06,0.0021687302705995777,training_rmse_nm_s
parallel_a_ab_qss,"cvd:parallel_a_ab_qss:AB:full:bulk_as_surface:A=adn_2,B=idn_2",adn_2,,idn_2,pattern,mse,136,4.7033909879574295e-06,4.703390986614918e-06,0.0021687302705995777,training_rmse_nm_s
parallel_a_ab_qss,"cvd:parallel_a_ab_qss:AB:full:bulk_as_surface:A=adn_2,B=idn_2",adn_2,,idn_2,pattern,mse,137,1.7662855777928625e-05,4.703390986614918e-06,0.0021687302705995777,training_rmse_nm_s
parallel_a_ab_qss,"cvd:parallel_a_ab_qss:AB:full:bulk_as_surface:A=adn_2,B=idn_2",adn_2,,idn_2,pattern,mse,138,2.68858467075971e-05,4.703390986614918e-06,0.0021687302705995777,training_rmse_nm_s
parallel_a_ab_qss,"cvd:parallel_a_ab_qss:AB:full:bulk_as_surface:A=adn_2,B=idn_2",adn_2,,idn_2,pattern,mse,139,7.667488124532132e-06,4.703390986614918e-06,0.0021687302705995777,training_rmse_nm_s
parallel_a_ab_qss,"cvd:parallel_a_ab_qss:AB:full:bulk_as_surface:A=adn_2,B=idn_2",adn_2,,idn_2,pattern,mse,140,2.2399698861637492e-05,4.703390986614918e-06,0.0021687302705995777,training_rmse_nm_s
parallel_a_ab_qss,"cvd:parallel_a_ab_qss:AB:full:bulk_as_surface:A=adn_2,B=idn_2",adn_2,,idn_2,pattern,mse,141,2.689905146124215e-05,4.703390986614918e-06,0.0021687302705995777,training_rmse_nm_s
parallel_a_ab_qss,"cvd:parallel_a_ab_qss:AB:full:bulk_as_surface:A=adn_2,B=idn_2",adn_2,,idn_2,pattern,mse,142,7.703189617121284e-06,4.703390986614918e-06,0.0021687302705995777,training_rmse_nm_s
parallel_a_ab_qss,"cvd:parallel_a_ab_qss:AB:full:bulk_as_surface:A=adn_2,B=idn_2",adn_2,,idn_2,pattern,mse,143,2.2453221476971118e-05,4.703390986614918e-06,0.0021687302705995777,training_rmse_nm_s
parallel_a_ab_qss,"cvd:parallel_a_ab_qss:AB:full:bulk_as_surface:A=adn_2,B=idn_2",adn_2,,idn_2,pattern,mse,144,2.6925443650127127e-05,4.703390986614918e-06,0.0021687302705995777,training_rmse_nm_s
parallel_a_ab_qss,"cvd:parallel_a_ab_qss:AB:full:bulk_as_surface:A=adn_2,B=idn_2",adn_2,,idn_2,pattern,mse,145,2.6154715782868307e-05,4.703390986614918e-06,0.0021687302705995777,training_rmse_nm_s
parallel_a_ab_qss,"cvd:parallel_a_ab_qss:AB:full:bulk_as_surface:A=adn_2,B=idn_2",adn_2,,idn_2,pattern,mse,146,4.703391122208153e-06,4.703390986614918e-06,0.0021687302705995777,training_rmse_nm_s
parallel_a_ab_qss,"cvd:parallel_a_ab_qss:AB:full:bulk_as_surface:A=adn_2,B=idn_2",adn_2,,idn_2,pattern,mse,147,2.7607614070033116e-05,4.703390986614918e-06,0.0021687302705995777,training_rmse_nm_s
parallel_a_ab_qss,"cvd:parallel_a_ab_qss:AB:full:bulk_as_surface:A=adn_2,B=idn_2",adn_2,,idn_2,pattern,mse,148,2.688584670767058e-05,4.703390986614918e-06,0.0021687302705995777,training_rmse_nm_s
parallel_a_ab_qss,"cvd:parallel_a_ab_qss:AB:full:bulk_as_surface:A=adn_2,B=idn_2",adn_2,,idn_2,pattern,mse,149,7.667488125059456e-06,4.703390986614918e-06,0.0021687302705995777,training_rmse_nm_s
parallel_a_ab_qss,"cvd:parallel_a_ab_qss:AB:full:bulk_as_surface:A=adn_2,B=idn_2",adn_2,,idn_2,pattern,mse,150,2.7620325133414874e-05,4.703390986614918e-06,0.0021687302705995777,training_rmse_nm_s
parallel_a_ab_qss,"cvd:parallel_a_ab_qss:AB:full:bulk_as_surface:A=adn_2,B=idn_2",adn_2,,idn_2,pattern,mse,151,2.68990514612429e-05,4.703390986614918e-06,0.0021687302705995777,training_rmse_nm_s
parallel_a_ab_qss,"cvd:parallel_a_ab_qss:AB:full:bulk_as_surface:A=adn_2,B=idn_2",adn_2,,idn_2,pattern,mse,152,7.703189617126434e-06,4.703390986614918e-06,0.0021687302705995777,training_rmse_nm_s
parallel_a_ab_qss,"cvd:parallel_a_ab_qss:AB:full:bulk_as_surface:A=adn_2,B=idn_2",adn_2,,idn_2,pattern,mse,153,2.072951185282642e-05,4.703390986614918e-06,0.0021687302705995777,training_rmse_nm_s
parallel_a_ab_qss,"cvd:parallel_a_ab_qss:AB:full:bulk_as_surface:A=adn_2,B=idn_2",adn_2,,idn_2,pattern,mse,154,2.072951185282642e-05,4.703390986614918e-06,0.0021687302705995777,training_rmse_nm_s
parallel_a_ab_qss,"cvd:parallel_a_ab_qss:AB:full:bulk_as_surface:A=adn_2,B=idn_2",adn_2,,idn_2,pattern,mse,155,1.6247720981529767e-05,4.703390986614918e-06,0.0021687302705995777,training_rmse_nm_s
parallel_a_ab_qss,"cvd:parallel_a_ab_qss:AB:full:bulk_as_surface:A=adn_2,B=idn_2",adn_2,,idn_2,pattern,mse,156,4.703390986614918e-06,4.703390986614918e-06,0.0021687302705995777,training_rmse_nm_s
parallel_a_ab_qss,"cvd:parallel_a_ab_qss:AB:full:bulk_as_surface:A=adn_2,B=idn_2",adn_2,,idn_2,pattern,mse,157,4.703390986614918e-06,4.703390986614918e-06,0.0021687302705995777,training_rmse_nm_s
parallel_a_ab_qss,"cvd:parallel_a_ab_qss:AB:full:bulk_as_surface:A=adn_2,B=idn_2",adn_2,,idn_2,pattern,mse,158,1.3098062206372549e-05,4.703390986614918e-06,0.0021687302705995777,training_rmse_nm_s
parallel_a_ab_qss,"cvd:parallel_a_ab_qss:AB:full:bulk_as_surface:A=adn_2,B=idn_2",adn_2,,idn_2,pattern,mse,159,7.348563712242477e-06,4.703390986614918e-06,0.0021687302705995777,training_rmse_nm_s
parallel_a_ab_qss,"cvd:parallel_a_ab_qss:AB:full:bulk_as_surface:A=adn_2,B=idn_2",adn_2,,idn_2,pattern,mse,160,7.348563712242477e-06,4.703390986614918e-06,0.0021687302705995777,training_rmse_nm_s
parallel_a_ab_qss,"cvd:parallel_a_ab_qss:AB:full:bulk_as_surface:A=adn_2,B=idn_2",adn_2,,idn_2,pattern,mse,161,1.7118633706499894e-05,4.703390986614918e-06,0.0021687302705995777,training_rmse_nm_s
parallel_a_ab_qss,"cvd:parallel_a_ab_qss:AB:full:bulk_as_surface:A=adn_2,B=idn_2",adn_2,,idn_2,pattern,mse,162,2.072951185282642e-05,4.703390986614918e-06,0.0021687302705995777,training_rmse_nm_s
parallel_a_ab_qss,"cvd:parallel_a_ab_qss:AB:full:bulk_as_surface:A=adn_2,B=idn_2",adn_2,,idn_2,pattern,mse,163,2.072951185282642e-05,4.703390986614918e-06,0.0021687302705995777,training_rmse_nm_s
parallel_a_ab_qss,"cvd:parallel_a_ab_qss:AB:full:bulk_as_surface:A=adn_2,B=idn_2",adn_2,,idn_2,pattern,mse,164,1.6247720981529767e-05,4.703390986614918e-06,0.0021687302705995777,training_rmse_nm_s
parallel_a_ab_qss,"cvd:parallel_a_ab_qss:AB:full:bulk_as_surface:A=adn_2,B=idn_2",adn_2,,idn_2,pattern,mse,165,4.703390986614918e-06,4.703390986614918e-06,0.0021687302705995777,training_rmse_nm_s
parallel_a_ab_qss,"cvd:parallel_a_ab_qss:AB:full:bulk_as_surface:A=adn_2,B=idn_2",adn_2,,idn_2,pattern,mse,166,4.703390986614918e-06,4.703390986614918e-06,0.0021687302705995777,training_rmse_nm_s
parallel_a_ab_qss,"cvd:parallel_a_ab_qss:AB:full:bulk_as_surface:A=adn_2,B=idn_2",adn_2,,idn_2,pattern,mse,167,1.3098062206372549e-05,4.703390986614918e-06,0.0021687302705995777,training_rmse_nm_s
parallel_a_ab_qss,"cvd:parallel_a_ab_qss:AB:full:bulk_as_surface:A=adn_2,B=idn_2",adn_2,,idn_2,pattern,mse,168,7.348563712242477e-06,4.703390986614918e-06,0.0021687302705995777,training_rmse_nm_s
parallel_a_ab_qss,"cvd:parallel_a_ab_qss:AB:full:bulk_as_surface:A=adn_2,B=idn_2",adn_2,,idn_2,pattern,mse,169,7.348563712242477e-06,4.703390986614918e-06,0.0021687302705995777,training_rmse_nm_s
parallel_a_ab_qss,"cvd:parallel_a_ab_qss:AB:full:bulk_as_surface:A=adn_2,B=idn_2",adn_2,,idn_2,pattern,mse,170,1.7118633706499894e-05,4.703390986614918e-06,0.0021687302705995777,training_rmse_nm_s
parallel_a_ab_qss,"cvd:parallel_a_ab_qss:AB:full:bulk_as_surface:A=adn_2,B=idn_2",adn_2,,idn_2,pattern,mse,171,5.1691936579814995e-05,4.703390986614918e-06,0.0021687302705995777,training_rmse_nm_s
parallel_a_ab_qss,"cvd:parallel_a_ab_qss:AB:full:bulk_as_surface:A=adn_2,B=idn_2",adn_2,,idn_2,pattern,mse,172,5.1691936579814995e-05,4.703390986614918e-06,0.0021687302705995777,training_rmse_nm_s
parallel_a_ab_qss,"cvd:parallel_a_ab_qss:AB:full:bulk_as_surface:A=adn_2,B=idn_2",adn_2,,idn_2,pattern,mse,173,2.072951184690639e-05,4.703390986614918e-06,0.0021687302705995777,training_rmse_nm_s
parallel_a_ab_qss,"cvd:parallel_a_ab_qss:AB:full:bulk_as_surface:A=adn_2,B=idn_2",adn_2,,idn_2,pattern,mse,174,2.029108621750457e-05,4.703390986614918e-06,0.0021687302705995777,training_rmse_nm_s
parallel_a_ab_qss,"cvd:parallel_a_ab_qss:AB:full:bulk_as_surface:A=adn_2,B=idn_2",adn_2,,idn_2,pattern,mse,175,2.029108621750457e-05,4.703390986614918e-06,0.0021687302705995777,training_rmse_nm_s
parallel_a_ab_qss,"cvd:parallel_a_ab_qss:AB:full:bulk_as_surface:A=adn_2,B=idn_2",adn_2,,idn_2,pattern,mse,176,4.703390986736966e-06,4.703390986614918e-06,0.0021687302705995777,training_rmse_nm_s
parallel_a_ab_qss,"cvd:parallel_a_ab_qss:AB:full:bulk_as_surface:A=adn_2,B=idn_2",adn_2,,idn_2,pattern,mse,177,2.1269631322841727e-05,4.703390986614918e-06,0.0021687302705995777,training_rmse_nm_s
parallel_a_ab_qss,"cvd:parallel_a_ab_qss:AB:full:bulk_as_surface:A=adn_2,B=idn_2",adn_2,,idn_2,pattern,mse,178,2.1269631322841727e-05,4.703390986614918e-06,0.0021687302705995777,training_rmse_nm_s
parallel_a_ab_qss,"cvd:parallel_a_ab_qss:AB:full:bulk_as_surface:A=adn_2,B=idn_2",adn_2,,idn_2,pattern,mse,179,7.348563712248125e-06,4.703390986614918e-06,0.0021687302705995777,training_rmse_nm_s
parallel_a_ab_qss,"cvd:parallel_a_ab_qss:AB:full:bulk_as_surface:A=adn_2,B=idn_2",adn_2,,idn_2,pattern,mse,180,2.0757233586849787e-06,2.0757233586849787e-06,0.0014407370886754386,training_rmse_nm_s
parallel_a_ab_qss,"cvd:parallel_a_ab_qss:AB:full:bulk_as_surface:A=adn_2,B=idn_2",adn_2,,idn_2,pattern,mse,181,2.0757233586849787e-06,2.0757233586849787e-06,0.0014407370886754386,training_rmse_nm_s
parallel_a_ab_qss,"cvd:parallel_a_ab_qss:AB:full:bulk_as_surface:A=adn_2,B=idn_2",adn_2,,idn_2,pattern,mse,182,2.440873517668147e-06,2.0757233586849787e-06,0.0014407370886754386,training_rmse_nm_s
parallel_a_ab_qss,"cvd:parallel_a_ab_qss:AB:full:bulk_as_surface:A=adn_2,B=idn_2",adn_2,,idn_2,pattern,mse,183,4.703390986614918e-06,2.0757233586849787e-06,0.0014407370886754386,training_rmse_nm_s
parallel_a_ab_qss,"cvd:parallel_a_ab_qss:AB:full:bulk_as_surface:A=adn_2,B=idn_2",adn_2,,idn_2,pattern,mse,184,4.703390986614918e-06,2.0757233586849787e-06,0.0014407370886754386,training_rmse_nm_s
parallel_a_ab_qss,"cvd:parallel_a_ab_qss:AB:full:bulk_as_surface:A=adn_2,B=idn_2",adn_2,,idn_2,pattern,mse,185,7.210251390848327e-06,2.0757233586849787e-06,0.0014407370886754386,training_rmse_nm_s
parallel_a_ab_qss,"cvd:parallel_a_ab_qss:AB:full:bulk_as_surface:A=adn_2,B=idn_2",adn_2,,idn_2,pattern,mse,186,6.623493830451015e-06,2.0757233586849787e-06,0.0014407370886754386,training_rmse_nm_s
parallel_a_ab_qss,"cvd:parallel_a_ab_qss:AB:full:bulk_as_surface:A=adn_2,B=idn_2",adn_2,,idn_2,pattern,mse,187,6.623493830451015e-06,2.0757233586849787e-06,0.0014407370886754386,training_rmse_nm_s
parallel_a_ab_qss,"cvd:parallel_a_ab_qss:AB:full:bulk_as_surface:A=adn_2,B=idn_2",adn_2,,idn_2,pattern,mse,188,9.819941846044266e-06,2.0757233586849787e-06,0.0014407370886754386,training_rmse_nm_s
parallel_a_ab_qss,"cvd:parallel_a_ab_qss:AB:full:bulk_as_surface:A=adn_2,B=idn_2",adn_2,,idn_2,pattern,mse,189,2.0757233586849787e-06,2.0757233586849787e-06,0.0014407370886754386,training_rmse_nm_s
parallel_a_ab_qss,"cvd:parallel_a_ab_qss:AB:full:bulk_as_surface:A=adn_2,B=idn_2",adn_2,,idn_2,pattern,mse,190,2.0757233586849787e-06,2.0757233586849787e-06,0.0014407370886754386,training_rmse_nm_s
parallel_a_ab_qss,"cvd:parallel_a_ab_qss:AB:full:bulk_as_surface:A=adn_2,B=idn_2",adn_2,,idn_2,pattern,mse,191,2.440873517668147e-06,2.0757233586849787e-06,0.0014407370886754386,training_rmse_nm_s
parallel_a_ab_qss,"cvd:parallel_a_ab_qss:AB:full:bulk_as_surface:A=adn_2,B=idn_2",adn_2,,idn_2,pattern,mse,192,4.703390986614918e-06,2.0757233586849787e-06,0.0014407370886754386,training_rmse_nm_s
parallel_a_ab_qss,"cvd:parallel_a_ab_qss:AB:full:bulk_as_surface:A=adn_2,B=idn_2",adn_2,,idn_2,pattern,mse,193,4.703390986614918e-06,2.0757233586849787e-06,0.0014407370886754386,training_rmse_nm_s
parallel_a_ab_qss,"cvd:parallel_a_ab_qss:AB:full:bulk_as_surface:A=adn_2,B=idn_2",adn_2,,idn_2,pattern,mse,194,7.210251390848327e-06,2.0757233586849787e-06,0.0014407370886754386,training_rmse_nm_s
parallel_a_ab_qss,"cvd:parallel_a_ab_qss:AB:full:bulk_as_surface:A=adn_2,B=idn_2",adn_2,,idn_2,pattern,mse,195,6.623493830451015e-06,2.0757233586849787e-06,0.0014407370886754386,training_rmse_nm_s
parallel_a_ab_qss,"cvd:parallel_a_ab_qss:AB:full:bulk_as_surface:A=adn_2,B=idn_2",adn_2,,idn_2,pattern,mse,196,6.623493830451015e-06,2.0757233586849787e-06,0.0014407370886754386,training_rmse_nm_s
parallel_a_ab_qss,"cvd:parallel_a_ab_qss:AB:full:bulk_as_surface:A=adn_2,B=idn_2",adn_2,,idn_2,pattern,mse,197,9.819941846044266e-06,2.0757233586849787e-06,0.0014407370886754386,training_rmse_nm_s
parallel_a_ab_qss,"cvd:parallel_a_ab_qss:AB:full:bulk_as_surface:A=adn_2,B=idn_2",adn_2,,idn_2,pattern,mse,198,1.1651691059281973e-05,2.0757233586849787e-06,0.0014407370886754386,training_rmse_nm_s
parallel_a_ab_qss,"cvd:parallel_a_ab_qss:AB:full:bulk_as_surface:A=adn_2,B=idn_2",adn_2,,idn_2,pattern,mse,199,1.1651691059281973e-05,2.0757233586849787e-06,0.0014407370886754386,training_rmse_nm_s
parallel_a_ab_qss,"cvd:parallel_a_ab_qss:AB:full:bulk_as_surface:A=adn_2,B=idn_2",adn_2,,idn_2,pattern,mse,200,2.0757233587985697e-06,2.0757233586849787e-06,0.0014407370886754386,training_rmse_nm_s
parallel_a_ab_qss,"cvd:parallel_a_ab_qss:AB:full:bulk_as_surface:A=adn_2,B=idn_2",adn_2,,idn_2,pattern,mse,201,1.1868728825495563e-05,2.0757233586849787e-06,0.0014407370886754386,training_rmse_nm_s
parallel_a_ab_qss,"cvd:parallel_a_ab_qss:AB:full:bulk_as_surface:A=adn_2,B=idn_2",adn_2,,idn_2,pattern,mse,202,1.1868728825495563e-05,2.0757233586849787e-06,0.0014407370886754386,training_rmse_nm_s
parallel_a_ab_qss,"cvd:parallel_a_ab_qss:AB:full:bulk_as_surface:A=adn_2,B=idn_2",adn_2,,idn_2,pattern,mse,203,4.703390986644241e-06,2.0757233586849787e-06,0.0014407370886754386,training_rmse_nm_s
parallel_a_ab_qss,"cvd:parallel_a_ab_qss:AB:full:bulk_as_surface:A=adn_2,B=idn_2",adn_2,,idn_2,pattern,mse,204,1.3010291311576948e-05,2.0757233586849787e-06,0.0014407370886754386,training_rmse_nm_s
parallel_a_ab_qss,"cvd:parallel_a_ab_qss:AB:full:bulk_as_surface:A=adn_2,B=idn_2",adn_2,,idn_2,pattern,mse,205,1.3010291311576948e-05,2.0757233586849787e-06,0.0014407370886754386,training_rmse_nm_s
parallel_a_ab_qss,"cvd:parallel_a_ab_qss:AB:full:bulk_as_surface:A=adn_2,B=idn_2",adn_2,,idn_2,pattern,mse,206,6.623493830456753e-06,2.0757233586849787e-06,0.0014407370886754386,training_rmse_nm_s
parallel_a_ab_qss,"cvd:parallel_a_ab_qss:AB:full:bulk_as_surface:A=adn_2,B=idn_2",adn_2,,idn_2,pattern,mse,207,4.634647422482923e-06,2.0757233586849787e-06,0.0014407370886754386,training_rmse_nm_s
parallel_a_ab_qss,"cvd:parallel_a_ab_qss:AB:full:bulk_as_surface:A=adn_2,B=idn_2",adn_2,,idn_2,pattern,mse,208,4.634647422482923e-06,2.0757233586849787e-06,0.0014407370886754386,training_rmse_nm_s
parallel_a_ab_qss,"cvd:parallel_a_ab_qss:AB:full:bulk_as_surface:A=adn_2,B=idn_2",adn_2,,idn_2,pattern,mse,209,2.2744475732065933e-06,2.0757233586849787e-06,0.0014407370886754386,training_rmse_nm_s
parallel_a_ab_qss,"cvd:parallel_a_ab_qss:AB:full:bulk_as_surface:A=adn_2,B=idn_2",adn_2,,idn_2,pattern,mse,210,2.0757233586849787e-06,2.0757233586849787e-06,0.0014407370886754386,training_rmse_nm_s
parallel_a_ab_qss,"cvd:parallel_a_ab_qss:AB:full:bulk_as_surface:A=adn_2,B=idn_2",adn_2,,idn_2,pattern,mse,211,2.0757233586849787e-06,2.0757233586849787e-06,0.0014407370886754386,training_rmse_nm_s
parallel_a_ab_qss,"cvd:parallel_a_ab_qss:AB:full:bulk_as_surface:A=adn_2,B=idn_2",adn_2,,idn_2,pattern,mse,212,1.0249785159984469e-06,1.0249785159984469e-06,0.001012412226318137,training_rmse_nm_s
parallel_a_ab_qss,"cvd:parallel_a_ab_qss:AB:full:bulk_as_surface:A=adn_2,B=idn_2",adn_2,,idn_2,pattern,mse,213,3.177684777747195e-06,1.0249785159984469e-06,0.001012412226318137,training_rmse_nm_s
parallel_a_ab_qss,"cvd:parallel_a_ab_qss:AB:full:bulk_as_surface:A=adn_2,B=idn_2",adn_2,,idn_2,pattern,mse,214,3.177684777747195e-06,1.0249785159984469e-06,0.001012412226318137,training_rmse_nm_s
parallel_a_ab_qss,"cvd:parallel_a_ab_qss:AB:full:bulk_as_surface:A=adn_2,B=idn_2",adn_2,,idn_2,pattern,mse,215,2.884208452397301e-06,1.0249785159984469e-06,0.001012412226318137,training_rmse_nm_s
parallel_a_ab_qss,"cvd:parallel_a_ab_qss:AB:full:bulk_as_surface:A=adn_2,B=idn_2",adn_2,,idn_2,pattern,mse,216,4.634647422482923e-06,1.0249785159984469e-06,0.001012412226318137,training_rmse_nm_s
parallel_a_ab_qss,"cvd:parallel_a_ab_qss:AB:full:bulk_as_surface:A=adn_2,B=idn_2",adn_2,,idn_2,pattern,mse,217,4.634647422482923e-06,1.0249785159984469e-06,0.001012412226318137,training_rmse_nm_s
parallel_a_ab_qss,"cvd:parallel_a_ab_qss:AB:full:bulk_as_surface:A=adn_2,B=idn_2",adn_2,,idn_2,pattern,mse,218,2.2744475732065933e-06,1.0249785159984469e-06,0.001012412226318137,training_rmse_nm_s
parallel_a_ab_qss,"cvd:parallel_a_ab_qss:AB:full:bulk_as_surface:A=adn_2,B=idn_2",adn_2,,idn_2,pattern,mse,219,2.0757233586849787e-06,1.0249785159984469e-06,0.001012412226318137,training_rmse_nm_s
parallel_a_ab_qss,"cvd:parallel_a_ab_qss:AB:full:bulk_as_surface:A=adn_2,B=idn_2",adn_2,,idn_2,pattern,mse,220,2.0757233586849787e-06,1.0249785159984469e-06,0.001012412226318137,training_rmse_nm_s
parallel_a_ab_qss,"cvd:parallel_a_ab_qss:AB:full:bulk_as_surface:A=adn_2,B=idn_2",adn_2,,idn_2,pattern,mse,221,1.0249785159984469e-06,1.0249785159984469e-06,0.001012412226318137,training_rmse_nm_s
parallel_a_ab_qss,"cvd:parallel_a_ab_qss:AB:full:bulk_as_surface:A=adn_2,B=idn_2",adn_2,,idn_2,pattern,mse,222,3.177684777747195e-06,1.0249785159984469e-06,0.001012412226318137,training_rmse_nm_s
parallel_a_ab_qss,"cvd:parallel_a_ab_qss:AB:full:bulk_as_surface:A=adn_2,B=idn_2",adn_2,,idn_2,pattern,mse,223,3.177684777747195e-06,1.0249785159984469e-06,0.001012412226318137,training_rmse_nm_s
parallel_a_ab_qss,"cvd:parallel_a_ab_qss:AB:full:bulk_as_surface:A=adn_2,B=idn_2",adn_2,,idn_2,pattern,mse,224,2.884208452397301e-06,1.0249785159984469e-06,0.001012412226318137,training_rmse_nm_s
parallel_a_ab_qss,"cvd:parallel_a_ab_qss:AB:full:bulk_as_surface:A=adn_2,B=idn_2",adn_2,,idn_2,pattern,mse,225,9.968790388562217e-06,1.0249785159984469e-06,0.001012412226318137,training_rmse_nm_s
parallel_a_ab_qss,"cvd:parallel_a_ab_qss:AB:full:bulk_as_surface:A=adn_2,B=idn_2",adn_2,,idn_2,pattern,mse,226,9.968790388562217e-06,1.0249785159984469e-06,0.001012412226318137,training_rmse_nm_s
parallel_a_ab_qss,"cvd:parallel_a_ab_qss:AB:full:bulk_as_surface:A=adn_2,B=idn_2",adn_2,,idn_2,pattern,mse,227,4.6346474224832526e-06,1.0249785159984469e-06,0.001012412226318137,training_rmse_nm_s
parallel_a_ab_qss,"cvd:parallel_a_ab_qss:AB:full:bulk_as_surface:A=adn_2,B=idn_2",adn_2,,idn_2,pattern,mse,228,6.017664706695892e-06,1.0249785159984469e-06,0.001012412226318137,training_rmse_nm_s
parallel_a_ab_qss,"cvd:parallel_a_ab_qss:AB:full:bulk_as_surface:A=adn_2,B=idn_2",adn_2,,idn_2,pattern,mse,229,6.017664706695892e-06,1.0249785159984469e-06,0.001012412226318137,training_rmse_nm_s
parallel_a_ab_qss,"cvd:parallel_a_ab_qss:AB:full:bulk_as_surface:A=adn_2,B=idn_2",adn_2,,idn_2,pattern,mse,230,2.075723358725867e-06,1.0249785159984469e-06,0.001012412226318137,training_rmse_nm_s
parallel_a_ab_qss,"cvd:parallel_a_ab_qss:AB:full:bulk_as_surface:A=adn_2,B=idn_2",adn_2,,idn_2,pattern,mse,231,6.312911465060684e-06,1.0249785159984469e-06,0.001012412226318137,training_rmse_nm_s
parallel_a_ab_qss,"cvd:parallel_a_ab_qss:AB:full:bulk_as_surface:A=adn_2,B=idn_2",adn_2,,idn_2,pattern,mse,232,6.312911465060684e-06,1.0249785159984469e-06,0.001012412226318137,training_rmse_nm_s
parallel_a_ab_qss,"cvd:parallel_a_ab_qss:AB:full:bulk_as_surface:A=adn_2,B=idn_2",adn_2,,idn_2,pattern,mse,233,3.1776847777705207e-06,1.0249785159984469e-06,0.001012412226318137,training_rmse_nm_s
parallel_a_ab_qss,"cvd:parallel_a_ab_qss:AB:full:bulk_as_surface:A=adn_2,B=idn_2",adn_2,,idn_2,pattern,mse,234,1.3155648633102557e-06,1.0249785159984469e-06,0.001012412226318137,training_rmse_nm_s
parallel_a_ab_qss,"cvd:parallel_a_ab_qss:AB:full:bulk_as_surface:A=adn_2,B=idn_2",adn_2,,idn_2,pattern,mse,235,8.910100630429975e-07,8.910100630429975e-07,0.0009439332937464371,training_rmse_nm_s
parallel_a_ab_qss,"cvd:parallel_a_ab_qss:AB:full:bulk_as_surface:A=adn_2,B=idn_2",adn_2,,idn_2,pattern,mse,236,1.1291076128334016e-06,8.910100630429975e-07,0.0009439332937464371,training_rmse_nm_s
parallel_a_ab_qss,"cvd:parallel_a_ab_qss:AB:full:bulk_as_surface:A=adn_2,B=idn_2",adn_2,,idn_2,pattern,mse,237,1.1763888831136975e-06,8.910100630429975e-07,0.0009439332937464371,training_rmse_nm_s
parallel_a_ab_qss,"cvd:parallel_a_ab_qss:AB:full:bulk_as_surface:A=adn_2,B=idn_2",adn_2,,idn_2,pattern,mse,238,1.0249785159984469e-06,8.910100630429975e-07,0.0009439332937464371,training_rmse_nm_s
parallel_a_ab_qss,"cvd:parallel_a_ab_qss:AB:full:bulk_as_surface:A=adn_2,B=idn_2",adn_2,,idn_2,pattern,mse,239,1.507195965800465e-06,8.910100630429975e-07,0.0009439332937464371,training_rmse_nm_s
parallel_a_ab_qss,"cvd:parallel_a_ab_qss:AB:full:bulk_as_surface:A=adn_2,B=idn_2",adn_2,,idn_2,pattern,mse,240,1.7860214460879593e-06,8.910100630429975e-07,0.0009439332937464371,training_rmse_nm_s
parallel_a_ab_qss,"cvd:parallel_a_ab_qss:AB:full:bulk_as_surface:A=adn_2,B=idn_2",adn_2,,idn_2,pattern,mse,241,1.8421314301626892e-06,8.910100630429975e-07,0.0009439332937464371,training_rmse_nm_s
parallel_a_ab_qss,"cvd:parallel_a_ab_qss:AB:full:bulk_as_surface:A=adn_2,B=idn_2",adn_2,,idn_2,pattern,mse,242,2.5097243048631316e-06,8.910100630429975e-07,0.0009439332937464371,training_rmse_nm_s
parallel_a_ab_qss,"cvd:parallel_a_ab_qss:AB:full:bulk_as_surface:A=adn_2,B=idn_2",adn_2,,idn_2,pattern,mse,243,1.3155648633102557e-06,8.910100630429975e-07,0.0009439332937464371,training_rmse_nm_s
parallel_a_ab_qss,"cvd:parallel_a_ab_qss:AB:full:bulk_as_surface:A=adn_2,B=idn_2",adn_2,,idn_2,pattern,mse,244,8.910100630429975e-07,8.910100630429975e-07,0.0009439332937464371,training_rmse_nm_s
parallel_a_ab_qss,"cvd:parallel_a_ab_qss:AB:full:bulk_as_surface:A=adn_2,B=idn_2",adn_2,,idn_2,pattern,mse,245,1.1291076128334016e-06,8.910100630429975e-07,0.0009439332937464371,training_rmse_nm_s
parallel_a_ab_qss,"cvd:parallel_a_ab_qss:AB:full:bulk_as_surface:A=adn_2,B=idn_2",adn_2,,idn_2,pattern,mse,246,1.1763888831136975e-06,8.910100630429975e-07,0.0009439332937464371,training_rmse_nm_s
parallel_a_ab_qss,"cvd:parallel_a_ab_qss:AB:full:bulk_as_surface:A=adn_2,B=idn_2",adn_2,,idn_2,pattern,mse,247,1.0249785159984469e-06,8.910100630429975e-07,0.0009439332937464371,training_rmse_nm_s
parallel_a_ab_qss,"cvd:parallel_a_ab_qss:AB:full:bulk_as_surface:A=adn_2,B=idn_2",adn_2,,idn_2,pattern,mse,248,1.507195965800465e-06,8.910100630429975e-07,0.0009439332937464371,training_rmse_nm_s
parallel_a_ab_qss,"cvd:parallel_a_ab_qss:AB:full:bulk_as_surface:A=adn_2,B=idn_2",adn_2,,idn_2,pattern,mse,249,1.7860214460879593e-06,8.910100630429975e-07,0.0009439332937464371,training_rmse_nm_s
parallel_a_ab_qss,"cvd:parallel_a_ab_qss:AB:full:bulk_as_surface:A=adn_2,B=idn_2",adn_2,,idn_2,pattern,mse,250,1.8421314301626892e-06,8.910100630429975e-07,0.0009439332937464371,training_rmse_nm_s
parallel_a_ab_qss,"cvd:parallel_a_ab_qss:AB:full:bulk_as_surface:A=adn_2,B=idn_2",adn_2,,idn_2,pattern,mse,251,2.5097243048631316e-06,8.910100630429975e-07,0.0009439332937464371,training_rmse_nm_s
parallel_a_ab_qss,"cvd:parallel_a_ab_qss:AB:full:bulk_as_surface:A=adn_2,B=idn_2",adn_2,,idn_2,pattern,mse,252,2.5088551365729086e-06,8.910100630429975e-07,0.0009439332937464371,training_rmse_nm_s
parallel_a_ab_qss,"cvd:parallel_a_ab_qss:AB:full:bulk_as_surface:A=adn_2,B=idn_2",adn_2,,idn_2,pattern,mse,253,1.3155648633199407e-06,8.910100630429975e-07,0.0009439332937464371,training_rmse_nm_s
parallel_a_ab_qss,"cvd:parallel_a_ab_qss:AB:full:bulk_as_surface:A=adn_2,B=idn_2",adn_2,,idn_2,pattern,mse,254,8.910100630386429e-07,8.910100630386429e-07,0.0009439332937441305,training_rmse_nm_s
parallel_a_ab_qss,"cvd:parallel_a_ab_qss:AB:full:bulk_as_surface:A=adn_2,B=idn_2",adn_2,,idn_2,pattern,mse,255,2.075723358702511e-06,8.910100630386429e-07,0.0009439332937441305,training_rmse_nm_s
parallel_a_ab_qss,"cvd:parallel_a_ab_qss:AB:full:bulk_as_surface:A=adn_2,B=idn_2",adn_2,,idn_2,pattern,mse,256,1.1763888831257157e-06,8.910100630386429e-07,0.0009439332937441305,training_rmse_nm_s
parallel_a_ab_qss,"cvd:parallel_a_ab_qss:AB:full:bulk_as_surface:A=adn_2,B=idn_2",adn_2,,idn_2,pattern,mse,257,1.0249785159995857e-06,8.910100630386429e-07,0.0009439332937441305,training_rmse_nm_s
parallel_a_ab_qss,"cvd:parallel_a_ab_qss:AB:full:bulk_as_surface:A=adn_2,B=idn_2",adn_2,,idn_2,pattern,mse,258,2.461910805163094e-06,8.910100630386429e-07,0.0009439332937441305,training_rmse_nm_s
parallel_a_ab_qss,"cvd:parallel_a_ab_qss:AB:full:bulk_as_surface:A=adn_2,B=idn_2",adn_2,,idn_2,pattern,mse,259,1.7860214460972695e-06,8.910100630386429e-07,0.0009439332937441305,training_rmse_nm_s
parallel_a_ab_qss,"cvd:parallel_a_ab_qss:AB:full:bulk_as_surface:A=adn_2,B=idn_2",adn_2,,idn_2,pattern,mse,260,1.8421314301631705e-06,8.910100630386429e-07,0.0009439332937441305,training_rmse_nm_s
parallel_a_ab_qss,"cvd:parallel_a_ab_qss:AB:full:bulk_as_surface:A=adn_2,B=idn_2",adn_2,,idn_2,pattern,mse,261,1.320806140044534e-06,8.910100630386429e-07,0.0009439332937441305,training_rmse_nm_s
parallel_a_ab_qss,"cvd:parallel_a_ab_qss:AB:full:bulk_as_surface:A=adn_2,B=idn_2",adn_2,,idn_2,pattern,mse,262,1.2900089779538326e-06,8.910100630386429e-07,0.0009439332937441305,training_rmse_nm_s
parallel_a_ab_qss,"cvd:parallel_a_ab_qss:AB:full:bulk_as_surface:A=adn_2,B=idn_2",adn_2,,idn_2,pattern,mse,263,1.4096390938685788e-06,8.910100630386429e-07,0.0009439332937441305,training_rmse_nm_s
parallel_a_ab_qss,"cvd:parallel_a_ab_qss:AB:full:bulk_as_surface:A=adn_2,B=idn_2",adn_2,,idn_2,pattern,mse,264,8.910100630409781e-07,8.910100630386429e-07,0.0009439332937441305,training_rmse_nm_s
parallel_a_ab_qss,"cvd:parallel_a_ab_qss:AB:full:bulk_as_surface:A=adn_2,B=idn_2",adn_2,,idn_2,pattern,mse,265,9.372776047015333e-07,8.910100630386429e-07,0.0009439332937441305,training_rmse_nm_s
parallel_a_ab_qss,"cvd:parallel_a_ab_qss:AB:full:bulk_as_surface:A=adn_2,B=idn_2",adn_2,,idn_2,pattern,mse,266,1.1291076128204096e-06,8.910100630386429e-07,0.0009439332937441305,training_rmse_nm_s
parallel_a_ab_qss,"cvd:parallel_a_ab_qss:AB:full:bulk_as_surface:A=adn_2,B=idn_2",adn_2,,idn_2,pattern,mse,267,8.314568403285191e-07,8.314568403285191e-07,0.0009118425523787092,training_rmse_nm_s
parallel_a_ab_qss,"cvd:parallel_a_ab_qss:AB:full:bulk_as_surface:A=adn_2,B=idn_2",adn_2,,idn_2,pattern,mse,268,9.450457312248956e-07,8.314568403285191e-07,0.0009118425523787092,training_rmse_nm_s
parallel_a_ab_qss,"cvd:parallel_a_ab_qss:AB:full:bulk_as_surface:A=adn_2,B=idn_2",adn_2,,idn_2,pattern,mse,269,1.1999375348244376e-06,8.314568403285191e-07,0.0009118425523787092,training_rmse_nm_s
parallel_a_ab_qss,"cvd:parallel_a_ab_qss:AB:full:bulk_as_surface:A=adn_2,B=idn_2",adn_2,,idn_2,pattern,mse,270,1.5228650818468073e-06,8.314568403285191e-07,0.0009118425523787092,training_rmse_nm_s
parallel_a_ab_qss,"cvd:parallel_a_ab_qss:AB:full:bulk_as_surface:A=adn_2,B=idn_2",adn_2,,idn_2,pattern,mse,271,1.320806140037419e-06,8.314568403285191e-07,0.0009118425523787092,training_rmse_nm_s
parallel_a_ab_qss,"cvd:parallel_a_ab_qss:AB:full:bulk_as_surface:A=adn_2,B=idn_2",adn_2,,idn_2,pattern,mse,272,1.2900089779401356e-06,8.314568403285191e-07,0.0009118425523787092,training_rmse_nm_s
parallel_a_ab_qss,"cvd:parallel_a_ab_qss:AB:full:bulk_as_surface:A=adn_2,B=idn_2",adn_2,,idn_2,pattern,mse,273,1.011548274329871e-06,8.314568403285191e-07,0.0009118425523787092,training_rmse_nm_s
parallel_a_ab_qss,"cvd:parallel_a_ab_qss:AB:full:bulk_as_surface:A=adn_2,B=idn_2",adn_2,,idn_2,pattern,mse,274,8.910100630386429e-07,8.314568403285191e-07,0.0009118425523787092,training_rmse_nm_s
parallel_a_ab_qss,"cvd:parallel_a_ab_qss:AB:full:bulk_as_surface:A=adn_2,B=idn_2",adn_2,,idn_2,pattern,mse,275,9.372776046935987e-07,8.314568403285191e-07,0.0009118425523787092,training_rmse_nm_s
parallel_a_ab_qss,"cvd:parallel_a_ab_qss:AB:full:bulk_as_surface:A=adn_2,B=idn_2",adn_2,,idn_2,pattern,mse,276,8.807697803223015e-07,8.314568403285191e-07,0.0009118425523787092,training_rmse_nm_s
parallel_a_ab_qss,"cvd:parallel_a_ab_qss:AB:full:bulk_as_surface:A=adn_2,B=idn_2",adn_2,,idn_2,pattern,mse,277,8.314568403283819e-07,8.314568403283819e-07,0.000911842552378634,training_rmse_nm_s
parallel_a_ab_qss,"cvd:parallel_a_ab_qss:AB:full:bulk_as_surface:A=adn_2,B=idn_2",adn_2,,idn_2,pattern,mse,278,9.450457312198886e-07,8.314568403283819e-07,0.000911842552378634,training_rmse_nm_s
parallel_a_ab_qss,"cvd:parallel_a_ab_qss:AB:full:bulk_as_surface:A=adn_2,B=idn_2",adn_2,,idn_2,pattern,mse,279,1.912297738121607e-06,8.314568403283819e-07,0.000911842552378634,training_rmse_nm_s
parallel_a_ab_qss,"cvd:parallel_a_ab_qss:AB:full:bulk_as_surface:A=adn_2,B=idn_2",adn_2,,idn_2,pattern,mse,280,1.5228650818444649e-06,8.314568403283819e-07,0.000911842552378634,training_rmse_nm_s
parallel_a_ab_qss,"cvd:parallel_a_ab_qss:AB:full:bulk_as_surface:A=adn_2,B=idn_2",adn_2,,idn_2,pattern,mse,281,1.3208061400292167e-06,8.314568403283819e-07,0.000911842552378634,training_rmse_nm_s
parallel_a_ab_qss,"cvd:parallel_a_ab_qss:AB:full:bulk_as_surface:A=adn_2,B=idn_2",adn_2,,idn_2,pattern,mse,282,1.3155648633259288e-06,8.314568403283819e-07,0.000911842552378634,training_rmse_nm_s
parallel_a_ab_qss,"cvd:parallel_a_ab_qss:AB:full:bulk_as_surface:A=adn_2,B=idn_2",adn_2,,idn_2,pattern,mse,283,1.011548274332155e-06,8.314568403283819e-07,0.000911842552378634,training_rmse_nm_s
parallel_a_ab_qss,"cvd:parallel_a_ab_qss:AB:full:bulk_as_surface:A=adn_2,B=idn_2",adn_2,,idn_2,pattern,mse,284,8.910100630359531e-07,8.314568403283819e-07,0.000911842552378634,training_rmse_nm_s
parallel_a_ab_qss,"cvd:parallel_a_ab_qss:AB:full:bulk_as_surface:A=adn_2,B=idn_2",adn_2,,idn_2,pattern,mse,285,1.110145797697502e-06,8.314568403283819e-07,0.000911842552378634,training_rmse_nm_s
parallel_a_ab_qss,"cvd:parallel_a_ab_qss:AB:full:bulk_as_surface:A=adn_2,B=idn_2",adn_2,,idn_2,pattern,mse,286,8.807697803264858e-07,8.314568403283819e-07,0.000911842552378634,training_rmse_nm_s
parallel_a_ab_qss,"cvd:parallel_a_ab_qss:AB:full:bulk_as_surface:A=adn_2,B=idn_2",adn_2,,idn_2,pattern,mse,287,8.31456840328226e-07,8.31456840328226e-07,0.0009118425523785486,training_rmse_nm_s
parallel_a_ab_qss,"cvd:parallel_a_ab_qss:AB:full:bulk_as_surface:A=adn_2,B=idn_2",adn_2,,idn_2,pattern,mse,288,8.230391655721559e-07,8.230391655721559e-07,0.0009072150602652912,training_rmse_nm_s
parallel_a_ab_qss,"cvd:parallel_a_ab_qss:AB:full:bulk_as_surface:A=adn_2,B=idn_2",adn_2,,idn_2,pattern,mse,289,8.442300433069066e-07,8.230391655721559e-07,0.0009072150602652912,training_rmse_nm_s
parallel_a_ab_qss,"cvd:parallel_a_ab_qss:AB:full:bulk_as_surface:A=adn_2,B=idn_2",adn_2,,idn_2,pattern,mse,290,9.04110581159252e-07,8.230391655721559e-07,0.0009072150602652912,training_rmse_nm_s
parallel_a_ab_qss,"cvd:parallel_a_ab_qss:AB:full:bulk_as_surface:A=adn_2,B=idn_2",adn_2,,idn_2,pattern,mse,291,8.314568403283123e-07,8.230391655721559e-07,0.0009072150602652912,training_rmse_nm_s
parallel_a_ab_qss,"cvd:parallel_a_ab_qss:AB:full:bulk_as_surface:A=adn_2,B=idn_2",adn_2,,idn_2,pattern,mse,292,8.691545711839002e-07,8.230391655721559e-07,0.0009072150602652912,training_rmse_nm_s
parallel_a_ab_qss,"cvd:parallel_a_ab_qss:AB:full:bulk_as_surface:A=adn_2,B=idn_2",adn_2,,idn_2,pattern,mse,293,9.4504573121711e-07,8.230391655721559e-07,0.0009072150602652912,training_rmse_nm_s
parallel_a_ab_qss,"cvd:parallel_a_ab_qss:AB:full:bulk_as_surface:A=adn_2,B=idn_2",adn_2,,idn_2,pattern,mse,294,9.026900238138631e-07,8.230391655721559e-07,0.0009072150602652912,training_rmse_nm_s
parallel_a_ab_qss,"cvd:parallel_a_ab_qss:AB:full:bulk_as_surface:A=adn_2,B=idn_2",adn_2,,idn_2,pattern,mse,295,9.558054986624404e-07,8.230391655721559e-07,0.0009072150602652912,training_rmse_nm_s
parallel_a_ab_qss,"cvd:parallel_a_ab_qss:AB:full:bulk_as_surface:A=adn_2,B=idn_2",adn_2,,idn_2,pattern,mse,296,1.0466503878538797e-06,8.230391655721559e-07,0.0009072150602652912,training_rmse_nm_s
parallel_a_ab_qss,"cvd:parallel_a_ab_qss:AB:full:bulk_as_surface:A=adn_2,B=idn_2",adn_2,,idn_2,pattern,mse,297,8.43116166824723e-07,8.230391655721559e-07,0.0009072150602652912,training_rmse_nm_s
parallel_a_ab_qss,"cvd:parallel_a_ab_qss:AB:full:bulk_as_surface:A=adn_2,B=idn_2",adn_2,,idn_2,pattern,mse,298,8.230391655715608e-07,8.230391655715608e-07,0.0009072150602649632,training_rmse_nm_s
parallel_a_ab_qss,"cvd:parallel_a_ab_qss:AB:full:bulk_as_surface:A=adn_2,B=idn_2",adn_2,,idn_2,pattern,mse,299,8.442300433048507e-07,8.230391655715608e-07,0.0009072150602649632,training_rmse_nm_s
parallel_a_ab_qss,"cvd:parallel_a_ab_qss:AB:full:bulk_as_surface:A=adn_2,B=idn_2",adn_2,,idn_2,pattern,mse,300,8.345542265094327e-07,8.230391655715608e-07,0.0009072150602649632,training_rmse_nm_s
parallel_a_ab_qss,"cvd:parallel_a_ab_qss:AB:full:bulk_as_surface:A=adn_2,B=idn_2",adn_2,,idn_2,pattern,mse,301,8.31456840328226e-07,8.230391655715608e-07,0.0009072150602649632,training_rmse_nm_s
parallel_a_ab_qss,"cvd:parallel_a_ab_qss:AB:full:bulk_as_surface:A=adn_2,B=idn_2",adn_2,,idn_2,pattern,mse,302,8.691545711824532e-07,8.230391655715608e-07,0.0009072150602649632,training_rmse_nm_s
parallel_a_ab_qss,"cvd:parallel_a_ab_qss:AB:full:bulk_as_surface:A=adn_2,B=idn_2",adn_2,,idn_2,pattern,mse,303,8.899275356057327e-07,8.230391655715608e-07,0.0009072150602649632,training_rmse_nm_s
parallel_a_ab_qss,"cvd:parallel_a_ab_qss:AB:full:bulk_as_surface:A=adn_2,B=idn_2",adn_2,,idn_2,pattern,mse,304,9.026900238140823e-07,8.230391655715608e-07,0.0009072150602649632,training_rmse_nm_s
parallel_a_ab_qss,"cvd:parallel_a_ab_qss:AB:full:bulk_as_surface:A=adn_2,B=idn_2",adn_2,,idn_2,pattern,mse,305,9.558054986613744e-07,8.230391655715608e-07,0.0009072150602649632,training_rmse_nm_s
parallel_a_ab_qss,"cvd:parallel_a_ab_qss:AB:full:bulk_as_surface:A=adn_2,B=idn_2",adn_2,,idn_2,pattern,mse,306,9.067565783283392e-07,8.230391655715608e-07,0.0009072150602649632,training_rmse_nm_s
parallel_a_ab_qss,"cvd:parallel_a_ab_qss:AB:full:bulk_as_surface:A=adn_2,B=idn_2",adn_2,,idn_2,pattern,mse,307,8.431161668254641e-07,8.230391655715608e-07,0.0009072150602649632,training_rmse_nm_s
parallel_a_ab_qss,"cvd:parallel_a_ab_qss:AB:full:bulk_as_surface:A=adn_2,B=idn_2",adn_2,,idn_2,pattern,mse,308,8.230391655709195e-07,8.230391655709195e-07,0.0009072150602646098,training_rmse_nm_s
parallel_a_ab_qss,"cvd:parallel_a_ab_qss:AB:full:bulk_as_surface:A=adn_2,B=idn_2",adn_2,,idn_2,pattern,mse,309,8.807697803288171e-07,8.230391655709195e-07,0.0009072150602646098,training_rmse_nm_s
parallel_a_ab_qss,"cvd:parallel_a_ab_qss:AB:full:bulk_as_surface:A=adn_2,B=idn_2",adn_2,,idn_2,pattern,mse,310,8.345542265106359e-07,8.230391655709195e-07,0.0009072150602646098,training_rmse_nm_s
parallel_a_ab_qss,"cvd:parallel_a_ab_qss:AB:full:bulk_as_surface:A=adn_2,B=idn_2",adn_2,,idn_2,pattern,mse,311,8.314568403281394e-07,8.230391655709195e-07,0.0009072150602646098,training_rmse_nm_s
parallel_a_ab_qss,"cvd:parallel_a_ab_qss:AB:full:bulk_as_surface:A=adn_2,B=idn_2",adn_2,,idn_2,pattern,mse,312,9.198667557945306e-07,8.230391655709195e-07,0.0009072150602646098,training_rmse_nm_s
parallel_a_ab_qss,"cvd:parallel_a_ab_qss:AB:full:bulk_as_surface:A=adn_2,B=idn_2",adn_2,,idn_2,pattern,mse,313,8.899275356071834e-07,8.230391655709195e-07,0.0009072150602646098,training_rmse_nm_s
parallel_a_ab_qss,"cvd:parallel_a_ab_qss:AB:full:bulk_as_surface:A=adn_2,B=idn_2",adn_2,,idn_2,pattern,mse,314,9.026900238143178e-07,8.230391655709195e-07,0.0009072150602646098,training_rmse_nm_s
parallel_a_ab_qss,"cvd:parallel_a_ab_qss:AB:full:bulk_as_surface:A=adn_2,B=idn_2",adn_2,,idn_2,pattern,mse,315,8.465510423966072e-07,8.230391655709195e-07,0.0009072150602646098,training_rmse_nm_s
parallel_a_ab_qss,"cvd:parallel_a_ab_qss:AB:full:bulk_as_surface:A=adn_2,B=idn_2",adn_2,,idn_2,pattern,mse,316,8.47769284371563e-07,8.230391655709195e-07,0.0009072150602646098,training_rmse_nm_s
parallel_a_ab_qss,"cvd:parallel_a_ab_qss:AB:full:bulk_as_surface:A=adn_2,B=idn_2",adn_2,,idn_2,pattern,mse,317,8.590579664405346e-07,8.230391655709195e-07,0.0009072150602646098,training_rmse_nm_s
parallel_a_ab_qss,"cvd:parallel_a_ab_qss:AB:full:bulk_as_surface:A=adn_2,B=idn_2",adn_2,,idn_2,pattern,mse,318,8.230391655712422e-07,8.230391655709195e-07,0.0009072150602646098,training_rmse_nm_s
parallel_a_ab_qss,"cvd:parallel_a_ab_qss:AB:full:bulk_as_surface:A=adn_2,B=idn_2",adn_2,,idn_2,pattern,mse,319,8.286312651894991e-07,8.230391655709195e-07,0.0009072150602646098,training_rmse_nm_s
parallel_a_ab_qss,"cvd:parallel_a_ab_qss:AB:full:bulk_as_surface:A=adn_2,B=idn_2",adn_2,,idn_2,pattern,mse,320,8.442300433037672e-07,8.230391655709195e-07,0.0009072150602646098,training_rmse_nm_s
parallel_a_ab_qss,"cvd:parallel_a_ab_qss:AB:full:bulk_as_surface:A=adn_2,B=idn_2",adn_2,,idn_2,pattern,mse,321,8.185927175185889e-07,8.185927175185889e-07,0.0009047611383777427,training_rmse_nm_s
parallel_a_ab_qss,"cvd:parallel_a_ab_qss:AB:full:bulk_as_surface:A=adn_2,B=idn_2",adn_2,,idn_2,pattern,mse,322,8.284126179967569e-07,8.185927175185889e-07,0.0009047611383777427,training_rmse_nm_s
parallel_a_ab_qss,"cvd:parallel_a_ab_qss:AB:full:bulk_as_surface:A=adn_2,B=idn_2",adn_2,,idn_2,pattern,mse,323,8.481775257338483e-07,8.185927175185889e-07,0.0009047611383777427,training_rmse_nm_s
parallel_a_ab_qss,"cvd:parallel_a_ab_qss:AB:full:bulk_as_surface:A=adn_2,B=idn_2",adn_2,,idn_2,pattern,mse,324,8.557163417415656e-07,8.185927175185889e-07,0.0009047611383777427,training_rmse_nm_s
parallel_a_ab_qss,"cvd:parallel_a_ab_qss:AB:full:bulk_as_surface:A=adn_2,B=idn_2",adn_2,,idn_2,pattern,mse,325,8.465510423960911e-07,8.185927175185889e-07,0.0009047611383777427,training_rmse_nm_s
parallel_a_ab_qss,"cvd:parallel_a_ab_qss:AB:full:bulk_as_surface:A=adn_2,B=idn_2",adn_2,,idn_2,pattern,mse,326,8.477692843706411e-07,8.185927175185889e-07,0.0009047611383777427,training_rmse_nm_s
parallel_a_ab_qss,"cvd:parallel_a_ab_qss:AB:full:bulk_as_surface:A=adn_2,B=idn_2",adn_2,,idn_2,pattern,mse,327,8.277684578152962e-07,8.185927175185889e-07,0.0009047611383777427,training_rmse_nm_s
parallel_a_ab_qss,"cvd:parallel_a_ab_qss:AB:full:bulk_as_surface:A=adn_2,B=idn_2",adn_2,,idn_2,pattern,mse,328,8.230391655709195e-07,8.185927175185889e-07,0.0009047611383777427,training_rmse_nm_s
parallel_a_ab_qss,"cvd:parallel_a_ab_qss:AB:full:bulk_as_surface:A=adn_2,B=idn_2",adn_2,,idn_2,pattern,mse,329,8.286312651887829e-07,8.185927175185889e-07,0.0009047611383777427,training_rmse_nm_s
parallel_a_ab_qss,"cvd:parallel_a_ab_qss:AB:full:bulk_as_surface:A=adn_2,B=idn_2",adn_2,,idn_2,pattern,mse,330,8.190340946922986e-07,8.185927175185889e-07,0.0009047611383777427,training_rmse_nm_s
parallel_a_ab_qss,"cvd:parallel_a_ab_qss:AB:full:bulk_as_surface:A=adn_2,B=idn_2",adn_2,,idn_2,pattern,mse,331,8.185927175184277e-07,8.185927175184277e-07,0.0009047611383776536,training_rmse_nm_s
parallel_a_ab_qss,"cvd:parallel_a_ab_qss:AB:full:bulk_as_surface:A=adn_2,B=idn_2",adn_2,,idn_2,pattern,mse,332,8.284126179962139e-07,8.185927175184277e-07,0.0009047611383776536,training_rmse_nm_s
parallel_a_ab_qss,"cvd:parallel_a_ab_qss:AB:full:bulk_as_surface:A=adn_2,B=idn_2",adn_2,,idn_2,pattern,mse,333,8.755604618173923e-07,8.185927175184277e-07,0.0009047611383776536,training_rmse_nm_s
parallel_a_ab_qss,"cvd:parallel_a_ab_qss:AB:full:bulk_as_surface:A=adn_2,B=idn_2",adn_2,,idn_2,pattern,mse,334,8.557163417414193e-07,8.185927175184277e-07,0.0009047611383776536,training_rmse_nm_s
parallel_a_ab_qss,"cvd:parallel_a_ab_qss:AB:full:bulk_as_surface:A=adn_2,B=idn_2",adn_2,,idn_2,pattern,mse,335,8.465510423955501e-07,8.185927175184277e-07,0.0009047611383776536,training_rmse_nm_s
parallel_a_ab_qss,"cvd:parallel_a_ab_qss:AB:full:bulk_as_surface:A=adn_2,B=idn_2",adn_2,,idn_2,pattern,mse,336,8.431161668258585e-07,8.185927175184277e-07,0.0009047611383776536,training_rmse_nm_s
parallel_a_ab_qss,"cvd:parallel_a_ab_qss:AB:full:bulk_as_surface:A=adn_2,B=idn_2",adn_2,,idn_2,pattern,mse,337,8.277684578153414e-07,8.185927175184277e-07,0.0009047611383776536,training_rmse_nm_s
parallel_a_ab_qss,"cvd:parallel_a_ab_qss:AB:full:bulk_as_surface:A=adn_2,B=idn_2",adn_2,,idn_2,pattern,mse,338,8.230391655705834e-07,8.185927175184277e-07,0.0009047611383776536,training_rmse_nm_s
parallel_a_ab_qss,"cvd:parallel_a_ab_qss:AB:full:bulk_as_surface:A=adn_2,B=idn_2",adn_2,,idn_2,pattern,mse,339,8.300354604129004e-07,8.185927175184277e-07,0.0009047611383776536,training_rmse_nm_s
parallel_a_ab_qss,"cvd:parallel_a_ab_qss:AB:full:bulk_as_surface:A=adn_2,B=idn_2",adn_2,,idn_2,pattern,mse,340,8.190340946924936e-07,8.185927175184277e-07,0.0009047611383776536,training_rmse_nm_s
parallel_a_ab_qss,"cvd:parallel_a_ab_qss:AB:full:bulk_as_surface:A=adn_2,B=idn_2",adn_2,,idn_2,pattern,mse,341,8.185927175182504e-07,8.185927175182504e-07,0.0009047611383775556,training_rmse_nm_s
parallel_a_ab_qss,"cvd:parallel_a_ab_qss:AB:full:bulk_as_surface:A=adn_2,B=idn_2",adn_2,,idn_2,pattern,mse,342,8.185453315793631e-07,8.185453315793631e-07,0.0009047349510101636,training_rmse_nm_s
parallel_a_ab_qss,"cvd:parallel_a_ab_qss:AB:full:bulk_as_surface:A=adn_2,B=idn_2",adn_2,,idn_2,pattern,mse,343,8.211402568413364e-07,8.185453315793631e-07,0.0009047349510101636,training_rmse_nm_s
parallel_a_ab_qss,"cvd:parallel_a_ab_qss:AB:full:bulk_as_surface:A=adn_2,B=idn_2",adn_2,,idn_2,pattern,mse,344,8.262693023435335e-07,8.185453315793631e-07,0.0009047349510101636,training_rmse_nm_s
parallel_a_ab_qss,"cvd:parallel_a_ab_qss:AB:full:bulk_as_surface:A=adn_2,B=idn_2",adn_2,,idn_2,pattern,mse,345,8.185927175183395e-07,8.185453315793631e-07,0.0009047349510101636,training_rmse_nm_s
parallel_a_ab_qss,"cvd:parallel_a_ab_qss:AB:full:bulk_as_surface:A=adn_2,B=idn_2",adn_2,,idn_2,pattern,mse,346,8.222393831880246e-07,8.185453315793631e-07,0.0009047349510101636,training_rmse_nm_s
parallel_a_ab_qss,"cvd:parallel_a_ab_qss:AB:full:bulk_as_surface:A=adn_2,B=idn_2",adn_2,,idn_2,pattern,mse,347,8.284126179959405e-07,8.185453315793631e-07,0.0009047349510101636,training_rmse_nm_s
parallel_a_ab_qss,"cvd:parallel_a_ab_qss:AB:full:bulk_as_surface:A=adn_2,B=idn_2",adn_2,,idn_2,pattern,mse,348,8.229658737027414e-07,8.185453315793631e-07,0.0009047349510101636,training_rmse_nm_s
parallel_a_ab_qss,"cvd:parallel_a_ab_qss:AB:full:bulk_as_surface:A=adn_2,B=idn_2",adn_2,,idn_2,pattern,mse,349,8.276465283880781e-07,8.185453315793631e-07,0.0009047349510101636,training_rmse_nm_s
parallel_a_ab_qss,"cvd:parallel_a_ab_qss:AB:full:bulk_as_surface:A=adn_2,B=idn_2",adn_2,,idn_2,pattern,mse,350,8.348463262276686e-07,8.185453315793631e-07,0.0009047349510101636,training_rmse_nm_s
parallel_a_ab_qss,"cvd:parallel_a_ab_qss:AB:full:bulk_as_surface:A=adn_2,B=idn_2",adn_2,,idn_2,pattern,mse,351,8.185234528077779e-07,8.185234528077779e-07,0.000904722859669069,training_rmse_nm_s
parallel_a_ab_qss,"cvd:parallel_a_ab_qss:AB:full:bulk_as_surface:A=adn_2,B=idn_2",adn_2,,idn_2,pattern,mse,352,8.18545331579235e-07,8.185234528077779e-07,0.000904722859669069,training_rmse_nm_s
parallel_a_ab_qss,"cvd:parallel_a_ab_qss:AB:full:bulk_as_surface:A=adn_2,B=idn_2",adn_2,,idn_2,pattern,mse,353,8.211402568411126e-07,8.185234528077779e-07,0.000904722859669069,training_rmse_nm_s
parallel_a_ab_qss,"cvd:parallel_a_ab_qss:AB:full:bulk_as_surface:A=adn_2,B=idn_2",adn_2,,idn_2,pattern,mse,354,8.175116457076404e-07,8.175116457076404e-07,0.0009041635060693616,training_rmse_nm_s
parallel_a_ab_qss,"cvd:parallel_a_ab_qss:AB:full:bulk_as_surface:A=adn_2,B=idn_2",adn_2,,idn_2,pattern,mse,355,8.185927175182504e-07,8.175116457076404e-07,0.0009041635060693616,training_rmse_nm_s
parallel_a_ab_qss,"cvd:parallel_a_ab_qss:AB:full:bulk_as_surface:A=adn_2,B=idn_2",adn_2,,idn_2,pattern,mse,356,8.222393831878393e-07,8.175116457076404e-07,0.0009041635060693616,training_rmse_nm_s
parallel_a_ab_qss,"cvd:parallel_a_ab_qss:AB:full:bulk_as_surface:A=adn_2,B=idn_2",adn_2,,idn_2,pattern,mse,357,8.208434836634335e-07,8.175116457076404e-07,0.0009041635060693616,training_rmse_nm_s
parallel_a_ab_qss,"cvd:parallel_a_ab_qss:AB:full:bulk_as_surface:A=adn_2,B=idn_2",adn_2,,idn_2,pattern,mse,358,8.22965873702682e-07,8.175116457076404e-07,0.0009041635060693616,training_rmse_nm_s
parallel_a_ab_qss,"cvd:parallel_a_ab_qss:AB:full:bulk_as_surface:A=adn_2,B=idn_2",adn_2,,idn_2,pattern,mse,359,8.276465283879353e-07,8.175116457076404e-07,0.0009041635060693616,training_rmse_nm_s
parallel_a_ab_qss,"cvd:parallel_a_ab_qss:AB:full:bulk_as_surface:A=adn_2,B=idn_2",adn_2,,idn_2,pattern,mse,360,8.211124449942967e-07,8.175116457076404e-07,0.0009041635060693616,training_rmse_nm_s
parallel_a_ab_qss,"cvd:parallel_a_ab_qss:AB:full:bulk_as_surface:A=adn_2,B=idn_2",adn_2,,idn_2,pattern,mse,361,8.18523452807747e-07,8.175116457076404e-07,0.0009041635060693616,training_rmse_nm_s
parallel_a_ab_qss,"cvd:parallel_a_ab_qss:AB:full:bulk_as_surface:A=adn_2,B=idn_2",adn_2,,idn_2,pattern,mse,362,8.185453315791092e-07,8.175116457076404e-07,0.0009041635060693616,training_rmse_nm_s
parallel_a_ab_qss,"cvd:parallel_a_ab_qss:AB:full:bulk_as_surface:A=adn_2,B=idn_2",adn_2,,idn_2,pattern,mse,363,8.190340946925922e-07,8.175116457076404e-07,0.0009041635060693616,training_rmse_nm_s
parallel_a_ab_qss,"cvd:parallel_a_ab_qss:AB:full:bulk_as_surface:A=adn_2,B=idn_2",adn_2,,idn_2,pattern,mse,364,8.175116457076522e-07,8.175116457076404e-07,0.0009041635060693616,training_rmse_nm_s
parallel_a_ab_qss,"cvd:parallel_a_ab_qss:AB:full:bulk_as_surface:A=adn_2,B=idn_2",adn_2,,idn_2,pattern,mse,365,8.185927175181623e-07,8.175116457076404e-07,0.0009041635060693616,training_rmse_nm_s
parallel_a_ab_qss,"cvd:parallel_a_ab_qss:AB:full:bulk_as_surface:A=adn_2,B=idn_2",adn_2,,idn_2,pattern,mse,366,8.2131738590971e-07,8.175116457076404e-07,0.0009041635060693616,training_rmse_nm_s
parallel_a_ab_qss,"cvd:parallel_a_ab_qss:AB:full:bulk_as_surface:A=adn_2,B=idn_2",adn_2,,idn_2,pattern,mse,367,8.208434836634741e-07,8.175116457076404e-07,0.0009041635060693616,training_rmse_nm_s
parallel_a_ab_qss,"cvd:parallel_a_ab_qss:AB:full:bulk_as_surface:A=adn_2,B=idn_2",adn_2,,idn_2,pattern,mse,368,8.22965873702631e-07,8.175116457076404e-07,0.0009041635060693616,training_rmse_nm_s
parallel_a_ab_qss,"cvd:parallel_a_ab_qss:AB:full:bulk_as_surface:A=adn_2,B=idn_2",adn_2,,idn_2,pattern,mse,369,2.2399698320820027e-05,8.175116457076404e-07,0.0009041635060693616,training_rmse_nm_s
parallel_a_ab_qss,"cvd:parallel_a_ab_qss:AB:full:bulk_as_surface:A=adn_2,B=idn_2",adn_2,,idn_2,pattern,mse,370,2.688584744978346e-05,8.175116457076404e-07,0.0009041635060693616,training_rmse_nm_s
parallel_a_ab_qss,"cvd:parallel_a_ab_qss:AB:full:bulk_as_surface:A=adn_2,B=idn_2",adn_2,,idn_2,pattern,mse,371,4.703404547310575e-06,8.175116457076404e-07,0.0009041635060693616,training_rmse_nm_s
parallel_a_ab_qss,"cvd:parallel_a_ab_qss:AB:full:bulk_as_surface:A=adn_2,B=idn_2",adn_2,,idn_2,pattern,mse,372,7.703189617643216e-06,8.175116457076404e-07,0.0009041635060693616,training_rmse_nm_s
parallel_a_ab_qss,"cvd:parallel_a_ab_qss:AB:full:bulk_as_surface:A=adn_2,B=idn_2",adn_2,,idn_2,pattern,mse,373,2.615471671044314e-05,8.175116457076404e-07,0.0009041635060693616,training_rmse_nm_s
parallel_a_ab_qss,"cvd:parallel_a_ab_qss:AB:full:bulk_as_surface:A=adn_2,B=idn_2",adn_2,,idn_2,pattern,mse,374,1.7658094326540403e-05,8.175116457076404e-07,0.0009041635060693616,training_rmse_nm_s
parallel_a_ab_qss,"cvd:parallel_a_ab_qss:AB:full:bulk_as_surface:A=adn_2,B=idn_2",adn_2,,idn_2,pattern,mse,375,1.7662808625913778e-05,8.175116457076404e-07,0.0009041635060693616,training_rmse_nm_s
parallel_a_ab_qss,"cvd:parallel_a_ab_qss:AB:full:bulk_as_surface:A=adn_2,B=idn_2",adn_2,,idn_2,pattern,mse,376,2.6154809463918546e-05,8.175116457076404e-07,0.0009041635060693616,training_rmse_nm_s
parallel_a_ab_qss,"cvd:parallel_a_ab_qss:AB:full:bulk_as_surface:A=adn_2,B=idn_2",adn_2,,idn_2,pattern,mse,377,0.0008592486699129161,8.175116457076404e-07,0.0009041635060693616,training_rmse_nm_s
parallel_a_ab_qss,"cvd:parallel_a_ab_qss:AB:full:bulk_as_surface:A=adn_2,B=idn_2",adn_2,,idn_2,pattern,mse,378,7.66748817779288e-06,8.175116457076404e-07,0.0009041635060693616,training_rmse_nm_s
parallel_a_ab_qss,"cvd:parallel_a_ab_qss:AB:full:bulk_as_surface:A=adn_2,B=idn_2",adn_2,,idn_2,pattern,mse,379,2.615471671044314e-05,8.175116457076404e-07,0.0009041635060693616,training_rmse_nm_s
parallel_a_ab_qss,"cvd:parallel_a_ab_qss:AB:full:bulk_as_surface:A=adn_2,B=idn_2",adn_2,,idn_2,pattern,mse,380,1.7658094326540403e-05,8.175116457076404e-07,0.0009041635060693616,training_rmse_nm_s
parallel_a_ab_qss,"cvd:parallel_a_ab_qss:AB:full:bulk_as_surface:A=adn_2,B=idn_2",adn_2,,idn_2,pattern,mse,381,1.3098024093741776e-05,8.175116457076404e-07,0.0009041635060693616,training_rmse_nm_s
parallel_a_ab_qss,"cvd:parallel_a_ab_qss:AB:full:bulk_as_surface:A=adn_2,B=idn_2",adn_2,,idn_2,pattern,mse,382,2.02911577089607e-05,8.175116457076404e-07,0.0009041635060693616,training_rmse_nm_s
parallel_a_ab_qss,"cvd:parallel_a_ab_qss:AB:full:bulk_as_surface:A=adn_2,B=idn_2",adn_2,,idn_2,pattern,mse,383,2.072885409656328e-05,8.175116457076404e-07,0.0009041635060693616,training_rmse_nm_s
parallel_a_ab_qss,"cvd:parallel_a_ab_qss:AB:full:bulk_as_surface:A=adn_2,B=idn_2",adn_2,,idn_2,pattern,mse,384,7.348564339697007e-06,8.175116457076404e-07,0.0009041635060693616,training_rmse_nm_s
parallel_a_ab_qss,"cvd:parallel_a_ab_qss:AB:full:bulk_as_surface:A=adn_2,B=idn_2",adn_2,,idn_2,pattern,mse,385,2.0291093366647705e-05,8.175116457076404e-07,0.0009041635060693616,training_rmse_nm_s
parallel_a_ab_qss,"cvd:parallel_a_ab_qss:AB:full:bulk_as_surface:A=adn_2,B=idn_2",adn_2,,idn_2,pattern,mse,386,1.3097681084481375e-05,8.175116457076404e-07,0.0009041635060693616,training_rmse_nm_s
parallel_a_ab_qss,"cvd:parallel_a_ab_qss:AB:full:bulk_as_surface:A=adn_2,B=idn_2",adn_2,,idn_2,pattern,mse,387,7.210231456688002e-06,8.175116457076404e-07,0.0009041635060693616,training_rmse_nm_s
parallel_a_ab_qss,"cvd:parallel_a_ab_qss:AB:full:bulk_as_surface:A=adn_2,B=idn_2",adn_2,,idn_2,pattern,mse,388,1.1868778198711726e-05,8.175116457076404e-07,0.0009041635060693616,training_rmse_nm_s
parallel_a_ab_qss,"cvd:parallel_a_ab_qss:AB:full:bulk_as_surface:A=adn_2,B=idn_2",adn_2,,idn_2,pattern,mse,389,2.0757758895483774e-06,8.175116457076404e-07,0.0009041635060693616,training_rmse_nm_s
parallel_a_ab_qss,"cvd:parallel_a_ab_qss:AB:full:bulk_as_surface:A=adn_2,B=idn_2",adn_2,,idn_2,pattern,mse,390,6.623496481931192e-06,8.175116457076404e-07,0.0009041635060693616,training_rmse_nm_s
parallel_a_ab_qss,"cvd:parallel_a_ab_qss:AB:full:bulk_as_surface:A=adn_2,B=idn_2",adn_2,,idn_2,pattern,mse,391,1.1651729900276659e-05,8.175116457076404e-07,0.0009041635060693616,training_rmse_nm_s
parallel_a_ab_qss,"cvd:parallel_a_ab_qss:AB:full:bulk_as_surface:A=adn_2,B=idn_2",adn_2,,idn_2,pattern,mse,392,2.440739465838514e-06,8.175116457076404e-07,0.0009041635060693616,training_rmse_nm_s
parallel_a_ab_qss,"cvd:parallel_a_ab_qss:AB:full:bulk_as_surface:A=adn_2,B=idn_2",adn_2,,idn_2,pattern,mse,393,2.440831125396363e-06,8.175116457076404e-07,0.0009041635060693616,training_rmse_nm_s
parallel_a_ab_qss,"cvd:parallel_a_ab_qss:AB:full:bulk_as_surface:A=adn_2,B=idn_2",adn_2,,idn_2,pattern,mse,394,1.1651813885183084e-05,8.175116457076404e-07,0.0009041635060693616,training_rmse_nm_s
parallel_a_ab_qss,"cvd:parallel_a_ab_qss:AB:full:bulk_as_surface:A=adn_2,B=idn_2",adn_2,,idn_2,pattern,mse,395,2.072885409656328e-05,8.175116457076404e-07,0.0009041635060693616,training_rmse_nm_s
parallel_a_ab_qss,"cvd:parallel_a_ab_qss:AB:full:bulk_as_surface:A=adn_2,B=idn_2",adn_2,,idn_2,pattern,mse,396,4.703404547310575e-06,8.175116457076404e-07,0.0009041635060693616,training_rmse_nm_s
parallel_a_ab_qss,"cvd:parallel_a_ab_qss:AB:full:bulk_as_surface:A=adn_2,B=idn_2",adn_2,,idn_2,pattern,mse,397,1.1651729900276659e-05,8.175116457076404e-07,0.0009041635060693616,training_rmse_nm_s
parallel_a_ab_qss,"cvd:parallel_a_ab_qss:AB:full:bulk_as_surface:A=adn_2,B=idn_2",adn_2,,idn_2,pattern,mse,398,2.440739465838514e-06,8.175116457076404e-07,0.0009041635060693616,training_rmse_nm_s
parallel_a_ab_qss,"cvd:parallel_a_ab_qss:AB:full:bulk_as_surface:A=adn_2,B=idn_2",adn_2,,idn_2,pattern,mse,399,1.0249804427298984e-06,8.175116457076404e-07,0.0009041635060693616,training_rmse_nm_s
parallel_a_ab_qss,"cvd:parallel_a_ab_qss:AB:full:bulk_as_surface:A=adn_2,B=idn_2",adn_2,,idn_2,pattern,mse,400,6.017762571850276e-06,8.175116457076404e-07,0.0009041635060693616,training_rmse_nm_s
parallel_a_ab_qss,"cvd:parallel_a_ab_qss:AB:full:bulk_as_surface:A=adn_2,B=idn_2",adn_2,,idn_2,pattern,mse,401,2.2743964423614876e-06,8.175116457076404e-07,0.0009041635060693616,training_rmse_nm_s
parallel_a_ab_qss,"cvd:parallel_a_ab_qss:AB:full:bulk_as_surface:A=adn_2,B=idn_2",adn_2,,idn_2,pattern,mse,402,2.8842064794891685e-06,8.175116457076404e-07,0.0009041635060693616,training_rmse_nm_s
parallel_a_ab_qss,"cvd:parallel_a_ab_qss:AB:full:bulk_as_surface:A=adn_2,B=idn_2",adn_2,,idn_2,pattern,mse,403,2.075752898869845e-06,8.175116457076404e-07,0.0009041635060693616,training_rmse_nm_s
parallel_a_ab_qss,"cvd:parallel_a_ab_qss:AB:full:bulk_as_surface:A=adn_2,B=idn_2",adn_2,,idn_2,pattern,mse,404,2.4407981331896637e-06,8.175116457076404e-07,0.0009041635060693616,training_rmse_nm_s
parallel_a_ab_qss,"cvd:parallel_a_ab_qss:AB:full:bulk_as_surface:A=adn_2,B=idn_2",adn_2,,idn_2,pattern,mse,405,2.440831125396363e-06,8.175116457076404e-07,0.0009041635060693616,training_rmse_nm_s
parallel_a_ab_qss,"cvd:parallel_a_ab_qss:AB:full:bulk_as_surface:A=adn_2,B=idn_2",adn_2,,idn_2,pattern,mse,406,2.0757758895483774e-06,8.175116457076404e-07,0.0009041635060693616,training_rmse_nm_s
parallel_a_ab_qss,"cvd:parallel_a_ab_qss:AB:full:bulk_as_surface:A=adn_2,B=idn_2",adn_2,,idn_2,pattern,mse,407,2.2743964423614876e-06,8.175116457076404e-07,0.0009041635060693616,training_rmse_nm_s
parallel_a_ab_qss,"cvd:parallel_a_ab_qss:AB:full:bulk_as_surface:A=adn_2,B=idn_2",adn_2,,idn_2,pattern,mse,408,2.8842064794891685e-06,8.175116457076404e-07,0.0009041635060693616,training_rmse_nm_s
parallel_a_ab_qss,"cvd:parallel_a_ab_qss:AB:full:bulk_as_surface:A=adn_2,B=idn_2",adn_2,,idn_2,pattern,mse,409,2.075752898869845e-06,8.175116457076404e-07,0.0009041635060693616,training_rmse_nm_s
parallel_a_ab_qss,"cvd:parallel_a_ab_qss:AB:full:bulk_as_surface:A=adn_2,B=idn_2",adn_2,,idn_2,pattern,mse,410,2.4407981331896637e-06,8.175116457076404e-07,0.0009041635060693616,training_rmse_nm_s
parallel_a_ab_qss,"cvd:parallel_a_ab_qss:AB:full:bulk_as_surface:A=adn_2,B=idn_2",adn_2,,idn_2,pattern,mse,411,1.5071744736126723e-06,8.175116457076404e-07,0.0009041635060693616,training_rmse_nm_s
parallel_a_ab_qss,"cvd:parallel_a_ab_qss:AB:full:bulk_as_surface:A=adn_2,B=idn_2",adn_2,,idn_2,pattern,mse,412,1.1764159124300263e-06,8.175116457076404e-07,0.0009041635060693616,training_rmse_nm_s
parallel_a_ab_qss,"cvd:parallel_a_ab_qss:AB:full:bulk_as_surface:A=adn_2,B=idn_2",adn_2,,idn_2,pattern,mse,413,8.910027292319164e-07,8.175116457076404e-07,0.0009041635060693616,training_rmse_nm_s
parallel_a_ab_qss,"cvd:parallel_a_ab_qss:AB:full:bulk_as_surface:A=adn_2,B=idn_2",adn_2,,idn_2,pattern,mse,414,1.8421322453087874e-06,8.175116457076404e-07,0.0009041635060693616,training_rmse_nm_s
parallel_a_ab_qss,"cvd:parallel_a_ab_qss:AB:full:bulk_as_surface:A=adn_2,B=idn_2",adn_2,,idn_2,pattern,mse,415,1.3155811891127922e-06,8.175116457076404e-07,0.0009041635060693616,training_rmse_nm_s
parallel_a_ab_qss,"cvd:parallel_a_ab_qss:AB:full:bulk_as_surface:A=adn_2,B=idn_2",adn_2,,idn_2,pattern,mse,416,1.12906041987218e-06,8.175116457076404e-07,0.0009041635060693616,training_rmse_nm_s
parallel_a_ab_qss,"cvd:parallel_a_ab_qss:AB:full:bulk_as_surface:A=adn_2,B=idn_2",adn_2,,idn_2,pattern,mse,417,1.1290722227336942e-06,8.175116457076404e-07,0.0009041635060693616,training_rmse_nm_s
parallel_a_ab_qss,"cvd:parallel_a_ab_qss:AB:full:bulk_as_surface:A=adn_2,B=idn_2",adn_2,,idn_2,pattern,mse,418,1.3155866343614808e-06,8.175116457076404e-07,0.0009041635060693616,training_rmse_nm_s
parallel_a_ab_qss,"cvd:parallel_a_ab_qss:AB:full:bulk_as_surface:A=adn_2,B=idn_2",adn_2,,idn_2,pattern,mse,419,2.2743964423614876e-06,8.175116457076404e-07,0.0009041635060693616,training_rmse_nm_s
parallel_a_ab_qss,"cvd:parallel_a_ab_qss:AB:full:bulk_as_surface:A=adn_2,B=idn_2",adn_2,,idn_2,pattern,mse,420,1.0249804427298984e-06,8.175116457076404e-07,0.0009041635060693616,training_rmse_nm_s
parallel_a_ab_qss,"cvd:parallel_a_ab_qss:AB:full:bulk_as_surface:A=adn_2,B=idn_2",adn_2,,idn_2,pattern,mse,421,1.3155811891127922e-06,8.175116457076404e-07,0.0009041635060693616,training_rmse_nm_s
parallel_a_ab_qss,"cvd:parallel_a_ab_qss:AB:full:bulk_as_surface:A=adn_2,B=idn_2",adn_2,,idn_2,pattern,mse,422,1.12906041987218e-06,8.175116457076404e-07,0.0009041635060693616,training_rmse_nm_s
parallel_a_ab_qss,"cvd:parallel_a_ab_qss:AB:full:bulk_as_surface:A=adn_2,B=idn_2",adn_2,,idn_2,pattern,mse,423,9.372560051513566e-07,8.175116457076404e-07,0.0009041635060693616,training_rmse_nm_s
parallel_a_ab_qss,"cvd:parallel_a_ab_qss:AB:full:bulk_as_surface:A=adn_2,B=idn_2",adn_2,,idn_2,pattern,mse,424,1.0115554797154586e-06,8.175116457076404e-07,0.0009041635060693616,training_rmse_nm_s
parallel_a_ab_qss,"cvd:parallel_a_ab_qss:AB:full:bulk_as_surface:A=adn_2,B=idn_2",adn_2,,idn_2,pattern,mse,425,1.320783775778568e-06,8.175116457076404e-07,0.0009041635060693616,training_rmse_nm_s
parallel_a_ab_qss,"cvd:parallel_a_ab_qss:AB:full:bulk_as_surface:A=adn_2,B=idn_2",adn_2,,idn_2,pattern,mse,426,8.314564175678581e-07,8.175116457076404e-07,0.0009041635060693616,training_rmse_nm_s
parallel_a_ab_qss,"cvd:parallel_a_ab_qss:AB:full:bulk_as_surface:A=adn_2,B=idn_2",adn_2,,idn_2,pattern,mse,427,8.807811855352379e-07,8.175116457076404e-07,0.0009041635060693616,training_rmse_nm_s
parallel_a_ab_qss,"cvd:parallel_a_ab_qss:AB:full:bulk_as_surface:A=adn_2,B=idn_2",adn_2,,idn_2,pattern,mse,428,9.450299891802656e-07,8.175116457076404e-07,0.0009041635060693616,training_rmse_nm_s
parallel_a_ab_qss,"cvd:parallel_a_ab_qss:AB:full:bulk_as_surface:A=adn_2,B=idn_2",adn_2,,idn_2,pattern,mse,429,9.45032099057566e-07,8.175116457076404e-07,0.0009041635060693616,training_rmse_nm_s
parallel_a_ab_qss,"cvd:parallel_a_ab_qss:AB:full:bulk_as_surface:A=adn_2,B=idn_2",adn_2,,idn_2,pattern,mse,430,8.807829509520804e-07,8.175116457076404e-07,0.0009041635060693616,training_rmse_nm_s
parallel_a_ab_qss,"cvd:parallel_a_ab_qss:AB:full:bulk_as_surface:A=adn_2,B=idn_2",adn_2,,idn_2,pattern,mse,431,8.910027292319164e-07,8.175116457076404e-07,0.0009041635060693616,training_rmse_nm_s
parallel_a_ab_qss,"cvd:parallel_a_ab_qss:AB:full:bulk_as_surface:A=adn_2,B=idn_2",adn_2,,idn_2,pattern,mse,432,1.0249804427298984e-06,8.175116457076404e-07,0.0009041635060693616,training_rmse_nm_s
parallel_a_ab_qss,"cvd:parallel_a_ab_qss:AB:full:bulk_as_surface:A=adn_2,B=idn_2",adn_2,,idn_2,pattern,mse,433,8.807811855352379e-07,8.175116457076404e-07,0.0009041635060693616,training_rmse_nm_s
parallel_a_ab_qss,"cvd:parallel_a_ab_qss:AB:full:bulk_as_surface:A=adn_2,B=idn_2",adn_2,,idn_2,pattern,mse,434,9.450299891802656e-07,8.175116457076404e-07,0.0009041635060693616,training_rmse_nm_s
parallel_a_ab_qss,"cvd:parallel_a_ab_qss:AB:full:bulk_as_surface:A=adn_2,B=idn_2",adn_2,,idn_2,pattern,mse,435,8.691474852932914e-07,8.175116457076404e-07,0.0009041635060693616,training_rmse_nm_s
parallel_a_ab_qss,"cvd:parallel_a_ab_qss:AB:full:bulk_as_surface:A=adn_2,B=idn_2",adn_2,,idn_2,pattern,mse,436,8.345605634389494e-07,8.175116457076404e-07,0.0009041635060693616,training_rmse_nm_s
parallel_a_ab_qss,"cvd:parallel_a_ab_qss:AB:full:bulk_as_surface:A=adn_2,B=idn_2",adn_2,,idn_2,pattern,mse,437,8.23036040908579e-07,8.175116457076404e-07,0.0009041635060693616,training_rmse_nm_s
parallel_a_ab_qss,"cvd:parallel_a_ab_qss:AB:full:bulk_as_surface:A=adn_2,B=idn_2",adn_2,,idn_2,pattern,mse,438,9.026911835168208e-07,8.175116457076404e-07,0.0009041635060693616,training_rmse_nm_s
parallel_a_ab_qss,"cvd:parallel_a_ab_qss:AB:full:bulk_as_surface:A=adn_2,B=idn_2",adn_2,,idn_2,pattern,mse,439,8.431197959484985e-07,8.175116457076404e-07,0.0009041635060693616,training_rmse_nm_s
parallel_a_ab_qss,"cvd:parallel_a_ab_qss:AB:full:bulk_as_surface:A=adn_2,B=idn_2",adn_2,,idn_2,pattern,mse,440,8.442192286784605e-07,8.175116457076404e-07,0.0009041635060693616,training_rmse_nm_s
parallel_a_ab_qss,"cvd:parallel_a_ab_qss:AB:full:bulk_as_surface:A=adn_2,B=idn_2",adn_2,,idn_2,pattern,mse,441,8.442199794497387e-07,8.175116457076404e-07,0.0009041635060693616,training_rmse_nm_s
parallel_a_ab_qss,"cvd:parallel_a_ab_qss:AB:full:bulk_as_surface:A=adn_2,B=idn_2",adn_2,,idn_2,pattern,mse,442,8.431200667696618e-07,8.175116457076404e-07,0.0009041635060693616,training_rmse_nm_s
parallel_a_ab_qss,"cvd:parallel_a_ab_qss:AB:full:bulk_as_surface:A=adn_2,B=idn_2",adn_2,,idn_2,pattern,mse,443,8.910027292319164e-07,8.175116457076404e-07,0.0009041635060693616,training_rmse_nm_s
parallel_a_ab_qss,"cvd:parallel_a_ab_qss:AB:full:bulk_as_surface:A=adn_2,B=idn_2",adn_2,,idn_2,pattern,mse,444,8.314564175678581e-07,8.175116457076404e-07,0.0009041635060693616,training_rmse_nm_s
parallel_a_ab_qss,"cvd:parallel_a_ab_qss:AB:full:bulk_as_surface:A=adn_2,B=idn_2",adn_2,,idn_2,pattern,mse,445,8.431197959484985e-07,8.175116457076404e-07,0.0009041635060693616,training_rmse_nm_s
parallel_a_ab_qss,"cvd:parallel_a_ab_qss:AB:full:bulk_as_surface:A=adn_2,B=idn_2",adn_2,,idn_2,pattern,mse,446,8.442192286784605e-07,8.175116457076404e-07,0.0009041635060693616,training_rmse_nm_s
parallel_a_ab_qss,"cvd:parallel_a_ab_qss:AB:full:bulk_as_surface:A=adn_2,B=idn_2",adn_2,,idn_2,pattern,mse,447,8.286246587448327e-07,8.175116457076404e-07,0.0009041635060693616,training_rmse_nm_s
parallel_a_ab_qss,"cvd:parallel_a_ab_qss:AB:full:bulk_as_surface:A=adn_2,B=idn_2",adn_2,,idn_2,pattern,mse,448,8.277688363281161e-07,8.175116457076404e-07,0.0009041635060693616,training_rmse_nm_s
parallel_a_ab_qss,"cvd:parallel_a_ab_qss:AB:full:bulk_as_surface:A=adn_2,B=idn_2",adn_2,,idn_2,pattern,mse,449,8.465460295849043e-07,8.175116457076404e-07,0.0009041635060693616,training_rmse_nm_s
parallel_a_ab_qss,"cvd:parallel_a_ab_qss:AB:full:bulk_as_surface:A=adn_2,B=idn_2",adn_2,,idn_2,pattern,mse,450,8.185911058004285e-07,8.175116457076404e-07,0.0009041635060693616,training_rmse_nm_s
parallel_a_ab_qss,"cvd:parallel_a_ab_qss:AB:full:bulk_as_surface:A=adn_2,B=idn_2",adn_2,,idn_2,pattern,mse,451,8.190358565187102e-07,8.175116457076404e-07,0.0009041635060693616,training_rmse_nm_s
parallel_a_ab_qss,"cvd:parallel_a_ab_qss:AB:full:bulk_as_surface:A=adn_2,B=idn_2",adn_2,,idn_2,pattern,mse,452,8.284074069734087e-07,8.175116457076404e-07,0.0009041635060693616,training_rmse_nm_s
parallel_a_ab_qss,"cvd:parallel_a_ab_qss:AB:full:bulk_as_surface:A=adn_2,B=idn_2",adn_2,,idn_2,pattern,mse,453,8.284075910929091e-07,8.175116457076404e-07,0.0009041635060693616,training_rmse_nm_s
parallel_a_ab_qss,"cvd:parallel_a_ab_qss:AB:full:bulk_as_surface:A=adn_2,B=idn_2",adn_2,,idn_2,pattern,mse,454,8.19035921087827e-07,8.175116457076404e-07,0.0009041635060693616,training_rmse_nm_s
parallel_a_ab_qss,"cvd:parallel_a_ab_qss:AB:full:bulk_as_surface:A=adn_2,B=idn_2",adn_2,,idn_2,pattern,mse,455,8.23036040908579e-07,8.175116457076404e-07,0.0009041635060693616,training_rmse_nm_s
parallel_a_ab_qss,"cvd:parallel_a_ab_qss:AB:full:bulk_as_surface:A=adn_2,B=idn_2",adn_2,,idn_2,pattern,mse,456,8.314564175678581e-07,8.175116457076404e-07,0.0009041635060693616,training_rmse_nm_s
parallel_a_ab_qss,"cvd:parallel_a_ab_qss:AB:full:bulk_as_surface:A=adn_2,B=idn_2",adn_2,,idn_2,pattern,mse,457,8.190358565187102e-07,8.175116457076404e-07,0.0009041635060693616,training_rmse_nm_s
parallel_a_ab_qss,"cvd:parallel_a_ab_qss:AB:full:bulk_as_surface:A=adn_2,B=idn_2",adn_2,,idn_2,pattern,mse,458,8.284074069734087e-07,8.175116457076404e-07,0.0009041635060693616,training_rmse_nm_s
parallel_a_ab_qss,"cvd:parallel_a_ab_qss:AB:full:bulk_as_surface:A=adn_2,B=idn_2",adn_2,,idn_2,pattern,mse,459,8.222360608338963e-07,8.175116457076404e-07,0.0009041635060693616,training_rmse_nm_s
parallel_a_ab_qss,"cvd:parallel_a_ab_qss:AB:full:bulk_as_surface:A=adn_2,B=idn_2",adn_2,,idn_2,pattern,mse,460,8.175117503603373e-07,8.175116457076404e-07,0.0009041635060693616,training_rmse_nm_s
parallel_a_ab_qss,"cvd:parallel_a_ab_qss:AB:full:bulk_as_surface:A=adn_2,B=idn_2",adn_2,,idn_2,pattern,mse,461,8.185228611781073e-07,8.175116457076404e-07,0.0009041635060693616,training_rmse_nm_s
parallel_a_ab_qss,"cvd:parallel_a_ab_qss:AB:full:bulk_as_surface:A=adn_2,B=idn_2",adn_2,,idn_2,pattern,mse,462,8.208442032120488e-07,8.175116457076404e-07,0.0009041635060693616,training_rmse_nm_s
parallel_a_ab_qss,"cvd:parallel_a_ab_qss:AB:full:bulk_as_surface:A=adn_2,B=idn_2",adn_2,,idn_2,pattern,mse,463,8.190358885126468e-07,8.175116457076404e-07,0.0009041635060693616,training_rmse_nm_s
parallel_a_ab_qss,"cvd:parallel_a_ab_qss:AB:full:bulk_as_surface:A=adn_2,B=idn_2",adn_2,,idn_2,pattern,mse,464,8.185910765598402e-07,8.175116457076404e-07,0.0009041635060693616,training_rmse_nm_s
parallel_a_ab_qss,"cvd:parallel_a_ab_qss:AB:full:bulk_as_surface:A=adn_2,B=idn_2",adn_2,,idn_2,pattern,mse,465,8.185911058004285e-07,8.175116457076404e-07,0.0009041635060693616,training_rmse_nm_s
parallel_a_ab_qss,"cvd:parallel_a_ab_qss:AB:full:bulk_as_surface:A=adn_2,B=idn_2",adn_2,,idn_2,pattern,mse,466,8.19035921087827e-07,8.175116457076404e-07,0.0009041635060693616,training_rmse_nm_s
parallel_a_ab_qss,"cvd:parallel_a_ab_qss:AB:full:bulk_as_surface:A=adn_2,B=idn_2",adn_2,,idn_2,pattern,mse,467,8.185228611781073e-07,8.175116457076404e-07,0.0009041635060693616,training_rmse_nm_s
parallel_a_ab_qss,"cvd:parallel_a_ab_qss:AB:full:bulk_as_surface:A=adn_2,B=idn_2",adn_2,,idn_2,pattern,mse,468,8.208442032120488e-07,8.175116457076404e-07,0.0009041635060693616,training_rmse_nm_s
parallel_a_ab_qss,"cvd:parallel_a_ab_qss:AB:full:bulk_as_surface:A=adn_2,B=idn_2",adn_2,,idn_2,pattern,mse,469,8.190358885126468e-07,8.175116457076404e-07,0.0009041635060693616,training_rmse_nm_s
parallel_a_ab_qss,"cvd:parallel_a_ab_qss:AB:full:bulk_as_surface:A=adn_2,B=idn_2",adn_2,,idn_2,pattern,mse,470,8.185910765598402e-07,8.175116457076404e-07,0.0009041635060693616,training_rmse_nm_s
parallel_a_ab_qss,"cvd:parallel_a_ab_qss:AB:full:bulk_as_surface:A=adn_2,B=idn_2",adn_2,,idn_2,pattern,mse,471,2.239423706435095e-05,8.175116457076404e-07,0.0009041635060693616,training_rmse_nm_s
parallel_a_ab_qss,"cvd:parallel_a_ab_qss:AB:full:bulk_as_surface:A=adn_2,B=idn_2",adn_2,,idn_2,pattern,mse,472,2.689319509190911e-05,8.175116457076404e-07,0.0009041635060693616,training_rmse_nm_s
parallel_a_ab_qss,"cvd:parallel_a_ab_qss:AB:full:bulk_as_surface:A=adn_2,B=idn_2",adn_2,,idn_2,pattern,mse,473,4.841754784698008e-06,8.175116457076404e-07,0.0009041635060693616,training_rmse_nm_s
parallel_a_ab_qss,"cvd:parallel_a_ab_qss:AB:full:bulk_as_surface:A=adn_2,B=idn_2",adn_2,,idn_2,pattern,mse,474,7.703194836975449e-06,8.175116457076404e-07,0.0009041635060693616,training_rmse_nm_s
parallel_a_ab_qss,"cvd:parallel_a_ab_qss:AB:full:bulk_as_surface:A=adn_2,B=idn_2",adn_2,,idn_2,pattern,mse,475,2.6164044600884847e-05,8.175116457076404e-07,0.0009041635060693616,training_rmse_nm_s
parallel_a_ab_qss,"cvd:parallel_a_ab_qss:AB:full:bulk_as_surface:A=adn_2,B=idn_2",adn_2,,idn_2,pattern,mse,476,6.217366576620287e-06,8.175116457076404e-07,0.0009041635060693616,training_rmse_nm_s
parallel_a_ab_qss,"cvd:parallel_a_ab_qss:AB:full:bulk_as_surface:A=adn_2,B=idn_2",adn_2,,idn_2,pattern,mse,477,1.7195563847080355e-05,8.175116457076404e-07,0.0009041635060693616,training_rmse_nm_s
parallel_a_ab_qss,"cvd:parallel_a_ab_qss:AB:full:bulk_as_surface:A=adn_2,B=idn_2",adn_2,,idn_2,pattern,mse,478,2.6756703272961953e-05,8.175116457076404e-07,0.0009041635060693616,training_rmse_nm_s
parallel_a_ab_qss,"cvd:parallel_a_ab_qss:AB:full:bulk_as_surface:A=adn_2,B=idn_2",adn_2,,idn_2,pattern,mse,479,0.0002581237362440155,8.175116457076404e-07,0.0009041635060693616,training_rmse_nm_s
parallel_a_ab_qss,"cvd:parallel_a_ab_qss:AB:full:bulk_as_surface:A=adn_2,B=idn_2",adn_2,,idn_2,pattern,mse,480,7.668021282068539e-06,8.175116457076404e-07,0.0009041635060693616,training_rmse_nm_s
parallel_a_ab_qss,"cvd:parallel_a_ab_qss:AB:full:bulk_as_surface:A=adn_2,B=idn_2",adn_2,,idn_2,pattern,mse,481,2.6164044600884847e-05,8.175116457076404e-07,0.0009041635060693616,training_rmse_nm_s
parallel_a_ab_qss,"cvd:parallel_a_ab_qss:AB:full:bulk_as_surface:A=adn_2,B=idn_2",adn_2,,idn_2,pattern,mse,482,6.217366576620287e-06,8.175116457076404e-07,0.0009041635060693616,training_rmse_nm_s
parallel_a_ab_qss,"cvd:parallel_a_ab_qss:AB:full:bulk_as_surface:A=adn_2,B=idn_2",adn_2,,idn_2,pattern,mse,483,1.2725517591333645e-05,8.175116457076404e-07,0.0009041635060693616,training_rmse_nm_s
parallel_a_ab_qss,"cvd:parallel_a_ab_qss:AB:full:bulk_as_surface:A=adn_2,B=idn_2",adn_2,,idn_2,pattern,mse,484,2.094320839922101e-05,8.175116457076404e-07,0.0009041635060693616,training_rmse_nm_s
parallel_a_ab_qss,"cvd:parallel_a_ab_qss:AB:full:bulk_as_surface:A=adn_2,B=idn_2",adn_2,,idn_2,pattern,mse,485,1.6149769525456554e-05,8.175116457076404e-07,0.0009041635060693616,training_rmse_nm_s
parallel_a_ab_qss,"cvd:parallel_a_ab_qss:AB:full:bulk_as_surface:A=adn_2,B=idn_2",adn_2,,idn_2,pattern,mse,486,7.3548852921179e-06,8.175116457076404e-07,0.0009041635060693616,training_rmse_nm_s
parallel_a_ab_qss,"cvd:parallel_a_ab_qss:AB:full:bulk_as_surface:A=adn_2,B=idn_2",adn_2,,idn_2,pattern,mse,487,2.0361897385895472e-05,8.175116457076404e-07,0.0009041635060693616,training_rmse_nm_s
parallel_a_ab_qss,"cvd:parallel_a_ab_qss:AB:full:bulk_as_surface:A=adn_2,B=idn_2",adn_2,,idn_2,pattern,mse,488,1.0040574001910412e-05,8.175116457076404e-07,0.0009041635060693616,training_rmse_nm_s
parallel_a_ab_qss,"cvd:parallel_a_ab_qss:AB:full:bulk_as_surface:A=adn_2,B=idn_2",adn_2,,idn_2,pattern,mse,489,7.018317557098577e-06,8.175116457076404e-07,0.0009041635060693616,training_rmse_nm_s
parallel_a_ab_qss,"cvd:parallel_a_ab_qss:AB:full:bulk_as_surface:A=adn_2,B=idn_2",adn_2,,idn_2,pattern,mse,490,1.2348598586842322e-05,8.175116457076404e-07,0.0009041635060693616,training_rmse_nm_s
parallel_a_ab_qss,"cvd:parallel_a_ab_qss:AB:full:bulk_as_surface:A=adn_2,B=idn_2",adn_2,,idn_2,pattern,mse,491,2.6238126478333873e-06,8.175116457076404e-07,0.0009041635060693616,training_rmse_nm_s
parallel_a_ab_qss,"cvd:parallel_a_ab_qss:AB:full:bulk_as_surface:A=adn_2,B=idn_2",adn_2,,idn_2,pattern,mse,492,6.650420715710941e-06,8.175116457076404e-07,0.0009041635060693616,training_rmse_nm_s
parallel_a_ab_qss,"cvd:parallel_a_ab_qss:AB:full:bulk_as_surface:A=adn_2,B=idn_2",adn_2,,idn_2,pattern,mse,493,1.2034466456032332e-05,8.175116457076404e-07,0.0009041635060693616,training_rmse_nm_s
parallel_a_ab_qss,"cvd:parallel_a_ab_qss:AB:full:bulk_as_surface:A=adn_2,B=idn_2",adn_2,,idn_2,pattern,mse,494,1.6517553221796743e-06,8.175116457076404e-07,0.0009041635060693616,training_rmse_nm_s
parallel_a_ab_qss,"cvd:parallel_a_ab_qss:AB:full:bulk_as_surface:A=adn_2,B=idn_2",adn_2,,idn_2,pattern,mse,495,4.823782568337379e-06,8.175116457076404e-07,0.0009041635060693616,training_rmse_nm_s
parallel_a_ab_qss,"cvd:parallel_a_ab_qss:AB:full:bulk_as_surface:A=adn_2,B=idn_2",adn_2,,idn_2,pattern,mse,496,3.889757086253841e-06,8.175116457076404e-07,0.0009041635060693616,training_rmse_nm_s
parallel_a_ab_qss,"cvd:parallel_a_ab_qss:AB:full:bulk_as_surface:A=adn_2,B=idn_2",adn_2,,idn_2,pattern,mse,497,6.401091495234624e-06,8.175116457076404e-07,0.0009041635060693616,training_rmse_nm_s
parallel_a_ab_qss,"cvd:parallel_a_ab_qss:AB:full:bulk_as_surface:A=adn_2,B=idn_2",adn_2,,idn_2,pattern,mse,498,6.65090312510046e-06,8.175116457076404e-07,0.0009041635060693616,training_rmse_nm_s
parallel_a_ab_qss,"cvd:parallel_a_ab_qss:AB:full:bulk_as_surface:A=adn_2,B=idn_2",adn_2,,idn_2,pattern,mse,499,2.6238126478333873e-06,8.175116457076404e-07,0.0009041635060693616,training_rmse_nm_s
parallel_a_ab_qss,"cvd:parallel_a_ab_qss:AB:full:bulk_as_surface:A=adn_2,B=idn_2",adn_2,,idn_2,pattern,mse,500,2.6267742476127863e-06,8.175116457076404e-07,0.0009041635060693616,training_rmse_nm_s
parallel_a_ab_qss,"cvd:parallel_a_ab_qss:AB:full:bulk_as_surface:A=adn_2,B=idn_2",adn_2,,idn_2,pattern,mse,501,3.1462266410069592e-06,8.175116457076404e-07,0.0009041635060693616,training_rmse_nm_s
parallel_a_ab_qss,"cvd:parallel_a_ab_qss:AB:full:bulk_as_surface:A=adn_2,B=idn_2",adn_2,,idn_2,pattern,mse,502,1.489085875246661e-06,8.175116457076404e-07,0.0009041635060693616,training_rmse_nm_s
parallel_a_ab_qss,"cvd:parallel_a_ab_qss:AB:full:bulk_as_surface:A=adn_2,B=idn_2",adn_2,,idn_2,pattern,mse,503,2.2937036474787963e-06,8.175116457076404e-07,0.0009041635060693616,training_rmse_nm_s
parallel_a_ab_qss,"cvd:parallel_a_ab_qss:AB:full:bulk_as_surface:A=adn_2,B=idn_2",adn_2,,idn_2,pattern,mse,504,2.9673237830709567e-06,8.175116457076404e-07,0.0009041635060693616,training_rmse_nm_s
parallel_a_ab_qss,"cvd:parallel_a_ab_qss:AB:full:bulk_as_surface:A=adn_2,B=idn_2",adn_2,,idn_2,pattern,mse,505,3.0722851115642515e-06,8.175116457076404e-07,0.0009041635060693616,training_rmse_nm_s
parallel_a_ab_qss,"cvd:parallel_a_ab_qss:AB:full:bulk_as_surface:A=adn_2,B=idn_2",adn_2,,idn_2,pattern,mse,506,1.5759381145966055e-06,8.175116457076404e-07,0.0009041635060693616,training_rmse_nm_s
parallel_a_ab_qss,"cvd:parallel_a_ab_qss:AB:full:bulk_as_surface:A=adn_2,B=idn_2",adn_2,,idn_2,pattern,mse,507,1.6517553221796743e-06,8.175116457076404e-07,0.0009041635060693616,training_rmse_nm_s
parallel_a_ab_qss,"cvd:parallel_a_ab_qss:AB:full:bulk_as_surface:A=adn_2,B=idn_2",adn_2,,idn_2,pattern,mse,508,3.889757086253841e-06,8.175116457076404e-07,0.0009041635060693616,training_rmse_nm_s
parallel_a_ab_qss,"cvd:parallel_a_ab_qss:AB:full:bulk_as_surface:A=adn_2,B=idn_2",adn_2,,idn_2,pattern,mse,509,2.2937036474787963e-06,8.175116457076404e-07,0.0009041635060693616,training_rmse_nm_s
parallel_a_ab_qss,"cvd:parallel_a_ab_qss:AB:full:bulk_as_surface:A=adn_2,B=idn_2",adn_2,,idn_2,pattern,mse,510,2.9673237830709567e-06,8.175116457076404e-07,0.0009041635060693616,training_rmse_nm_s
parallel_a_ab_qss,"cvd:parallel_a_ab_qss:AB:full:bulk_as_surface:A=adn_2,B=idn_2",adn_2,,idn_2,pattern,mse,511,3.0722851115642515e-06,8.175116457076404e-07,0.0009041635060693616,training_rmse_nm_s
parallel_a_ab_qss,"cvd:parallel_a_ab_qss:AB:full:bulk_as_surface:A=adn_2,B=idn_2",adn_2,,idn_2,pattern,mse,512,1.5759381145966055e-06,8.175116457076404e-07,0.0009041635060693616,training_rmse_nm_s
parallel_a_ab_qss,"cvd:parallel_a_ab_qss:AB:full:bulk_as_surface:A=adn_2,B=idn_2",adn_2,,idn_2,pattern,mse,513,1.3153588350738278e-06,8.175116457076404e-07,0.0009041635060693616,training_rmse_nm_s
parallel_a_ab_qss,"cvd:parallel_a_ab_qss:AB:full:bulk_as_surface:A=adn_2,B=idn_2",adn_2,,idn_2,pattern,mse,514,2.32392208411051e-06,8.175116457076404e-07,0.0009041635060693616,training_rmse_nm_s
parallel_a_ab_qss,"cvd:parallel_a_ab_qss:AB:full:bulk_as_surface:A=adn_2,B=idn_2",adn_2,,idn_2,pattern,mse,515,8.886084811618369e-07,8.175116457076404e-07,0.0009041635060693616,training_rmse_nm_s
parallel_a_ab_qss,"cvd:parallel_a_ab_qss:AB:full:bulk_as_surface:A=adn_2,B=idn_2",adn_2,,idn_2,pattern,mse,516,2.2397646521102865e-06,8.175116457076404e-07,0.0009041635060693616,training_rmse_nm_s
parallel_a_ab_qss,"cvd:parallel_a_ab_qss:AB:full:bulk_as_surface:A=adn_2,B=idn_2",adn_2,,idn_2,pattern,mse,517,1.1791060361591936e-06,8.175116457076404e-07,0.0009041635060693616,training_rmse_nm_s
parallel_a_ab_qss,"cvd:parallel_a_ab_qss:AB:full:bulk_as_surface:A=adn_2,B=idn_2",adn_2,,idn_2,pattern,mse,518,8.826768034953578e-07,8.175116457076404e-07,0.0009041635060693616,training_rmse_nm_s
parallel_a_ab_qss,"cvd:parallel_a_ab_qss:AB:full:bulk_as_surface:A=adn_2,B=idn_2",adn_2,,idn_2,pattern,mse,519,1.0823325351850828e-06,8.175116457076404e-07,0.0009041635060693616,training_rmse_nm_s
parallel_a_ab_qss,"cvd:parallel_a_ab_qss:AB:full:bulk_as_surface:A=adn_2,B=idn_2",adn_2,,idn_2,pattern,mse,520,1.0690422513457566e-06,8.175116457076404e-07,0.0009041635060693616,training_rmse_nm_s
parallel_a_ab_qss,"cvd:parallel_a_ab_qss:AB:full:bulk_as_surface:A=adn_2,B=idn_2",adn_2,,idn_2,pattern,mse,521,1.0399019094707147e-06,8.175116457076404e-07,0.0009041635060693616,training_rmse_nm_s
parallel_a_ab_qss,"cvd:parallel_a_ab_qss:AB:full:bulk_as_surface:A=adn_2,B=idn_2",adn_2,,idn_2,pattern,mse,522,1.5760952462725802e-06,8.175116457076404e-07,0.0009041635060693616,training_rmse_nm_s
parallel_a_ab_qss,"cvd:parallel_a_ab_qss:AB:full:bulk_as_surface:A=adn_2,B=idn_2",adn_2,,idn_2,pattern,mse,523,8.886084811618369e-07,8.175116457076404e-07,0.0009041635060693616,training_rmse_nm_s
parallel_a_ab_qss,"cvd:parallel_a_ab_qss:AB:full:bulk_as_surface:A=adn_2,B=idn_2",adn_2,,idn_2,pattern,mse,524,9.96074788106149e-07,8.175116457076404e-07,0.0009041635060693616,training_rmse_nm_s
parallel_a_ab_qss,"cvd:parallel_a_ab_qss:AB:full:bulk_as_surface:A=adn_2,B=idn_2",adn_2,,idn_2,pattern,mse,525,9.444802640887527e-07,8.175116457076404e-07,0.0009041635060693616,training_rmse_nm_s
parallel_a_ab_qss,"cvd:parallel_a_ab_qss:AB:full:bulk_as_surface:A=adn_2,B=idn_2",adn_2,,idn_2,pattern,mse,526,9.173180104907465e-07,8.175116457076404e-07,0.0009041635060693616,training_rmse_nm_s
parallel_a_ab_qss,"cvd:parallel_a_ab_qss:AB:full:bulk_as_surface:A=adn_2,B=idn_2",adn_2,,idn_2,pattern,mse,527,8.269142614353199e-07,8.175116457076404e-07,0.0009041635060693616,training_rmse_nm_s
parallel_a_ab_qss,"cvd:parallel_a_ab_qss:AB:full:bulk_as_surface:A=adn_2,B=idn_2",adn_2,,idn_2,pattern,mse,528,1.1499787470027961e-06,8.175116457076404e-07,0.0009041635060693616,training_rmse_nm_s
parallel_a_ab_qss,"cvd:parallel_a_ab_qss:AB:full:bulk_as_surface:A=adn_2,B=idn_2",adn_2,,idn_2,pattern,mse,529,8.819793743771386e-07,8.175116457076404e-07,0.0009041635060693616,training_rmse_nm_s
parallel_a_ab_qss,"cvd:parallel_a_ab_qss:AB:full:bulk_as_surface:A=adn_2,B=idn_2",adn_2,,idn_2,pattern,mse,530,8.097819803298837e-07,8.097819803298837e-07,0.0008998788698096448,training_rmse_nm_s
parallel_a_ab_qss,"cvd:parallel_a_ab_qss:AB:full:bulk_as_surface:A=adn_2,B=idn_2",adn_2,,idn_2,pattern,mse,531,8.14111382873434e-07,8.097819803298837e-07,0.0008998788698096448,training_rmse_nm_s
parallel_a_ab_qss,"cvd:parallel_a_ab_qss:AB:full:bulk_as_surface:A=adn_2,B=idn_2",adn_2,,idn_2,pattern,mse,532,8.891824103929047e-07,8.097819803298837e-07,0.0008998788698096448,training_rmse_nm_s
parallel_a_ab_qss,"cvd:parallel_a_ab_qss:AB:full:bulk_as_surface:A=adn_2,B=idn_2",adn_2,,idn_2,pattern,mse,533,9.44658759101402e-07,8.097819803298837e-07,0.0008998788698096448,training_rmse_nm_s
parallel_a_ab_qss,"cvd:parallel_a_ab_qss:AB:full:bulk_as_surface:A=adn_2,B=idn_2",adn_2,,idn_2,pattern,mse,534,9.3268270001588e-07,8.097819803298837e-07,0.0008998788698096448,training_rmse_nm_s
parallel_a_ab_qss,"cvd:parallel_a_ab_qss:AB:full:bulk_as_surface:A=adn_2,B=idn_2",adn_2,,idn_2,pattern,mse,535,8.269142614353199e-07,8.097819803298837e-07,0.0008998788698096448,training_rmse_nm_s
parallel_a_ab_qss,"cvd:parallel_a_ab_qss:AB:full:bulk_as_surface:A=adn_2,B=idn_2",adn_2,,idn_2,pattern,mse,536,8.177404570592905e-07,8.097819803298837e-07,0.0008998788698096448,training_rmse_nm_s
parallel_a_ab_qss,"cvd:parallel_a_ab_qss:AB:full:bulk_as_surface:A=adn_2,B=idn_2",adn_2,,idn_2,pattern,mse,537,8.026416535352964e-07,8.026416535352964e-07,0.0008959027031632935,training_rmse_nm_s
parallel_a_ab_qss,"cvd:parallel_a_ab_qss:AB:full:bulk_as_surface:A=adn_2,B=idn_2",adn_2,,idn_2,pattern,mse,538,8.378418575330149e-07,8.026416535352964e-07,0.0008959027031632935,training_rmse_nm_s
parallel_a_ab_qss,"cvd:parallel_a_ab_qss:AB:full:bulk_as_surface:A=adn_2,B=idn_2",adn_2,,idn_2,pattern,mse,539,8.128742910592273e-07,8.026416535352964e-07,0.0008959027031632935,training_rmse_nm_s
parallel_a_ab_qss,"cvd:parallel_a_ab_qss:AB:full:bulk_as_surface:A=adn_2,B=idn_2",adn_2,,idn_2,pattern,mse,540,8.567467281891088e-07,8.026416535352964e-07,0.0008959027031632935,training_rmse_nm_s
parallel_a_ab_qss,"cvd:parallel_a_ab_qss:AB:full:bulk_as_surface:A=adn_2,B=idn_2",adn_2,,idn_2,pattern,mse,541,8.001548758246341e-07,8.001548758246341e-07,0.0008945137650280369,training_rmse_nm_s
parallel_a_ab_qss,"cvd:parallel_a_ab_qss:AB:full:bulk_as_surface:A=adn_2,B=idn_2",adn_2,,idn_2,pattern,mse,542,8.092181464325022e-07,8.001548758246341e-07,0.0008945137650280369,training_rmse_nm_s
parallel_a_ab_qss,"cvd:parallel_a_ab_qss:AB:full:bulk_as_surface:A=adn_2,B=idn_2",adn_2,,idn_2,pattern,mse,543,8.063736889358239e-07,8.001548758246341e-07,0.0008945137650280369,training_rmse_nm_s
parallel_a_ab_qss,"cvd:parallel_a_ab_qss:AB:full:bulk_as_surface:A=adn_2,B=idn_2",adn_2,,idn_2,pattern,mse,544,8.145299341014219e-07,8.001548758246341e-07,0.0008945137650280369,training_rmse_nm_s
parallel_a_ab_qss,"cvd:parallel_a_ab_qss:AB:full:bulk_as_surface:A=adn_2,B=idn_2",adn_2,,idn_2,pattern,mse,545,8.279738861986436e-07,8.001548758246341e-07,0.0008945137650280369,training_rmse_nm_s
parallel_a_ab_qss,"cvd:parallel_a_ab_qss:AB:full:bulk_as_surface:A=adn_2,B=idn_2",adn_2,,idn_2,pattern,mse,546,8.379572812443978e-07,8.001548758246341e-07,0.0008945137650280369,training_rmse_nm_s
parallel_a_ab_qss,"cvd:parallel_a_ab_qss:AB:full:bulk_as_surface:A=adn_2,B=idn_2",adn_2,,idn_2,pattern,mse,547,8.030255749959248e-07,8.001548758246341e-07,0.0008945137650280369,training_rmse_nm_s
parallel_a_ab_qss,"cvd:parallel_a_ab_qss:AB:full:bulk_as_surface:A=adn_2,B=idn_2",adn_2,,idn_2,pattern,mse,548,8.026416535352964e-07,8.001548758246341e-07,0.0008945137650280369,training_rmse_nm_s
parallel_a_ab_qss,"cvd:parallel_a_ab_qss:AB:full:bulk_as_surface:A=adn_2,B=idn_2",adn_2,,idn_2,pattern,mse,549,8.008382219962696e-07,8.001548758246341e-07,0.0008945137650280369,training_rmse_nm_s
parallel_a_ab_qss,"cvd:parallel_a_ab_qss:AB:full:bulk_as_surface:A=adn_2,B=idn_2",adn_2,,idn_2,pattern,mse,550,8.046190821392353e-07,8.001548758246341e-07,0.0008945137650280369,training_rmse_nm_s
parallel_a_ab_qss,"cvd:parallel_a_ab_qss:AB:full:bulk_as_surface:A=adn_2,B=idn_2",adn_2,,idn_2,pattern,mse,551,8.054079272706954e-07,8.001548758246341e-07,0.0008945137650280369,training_rmse_nm_s
parallel_a_ab_qss,"cvd:parallel_a_ab_qss:AB:full:bulk_as_surface:A=adn_2,B=idn_2",adn_2,,idn_2,pattern,mse,552,8.11305318564586e-07,8.001548758246341e-07,0.0008945137650280369,training_rmse_nm_s
parallel_a_ab_qss,"cvd:parallel_a_ab_qss:AB:full:bulk_as_surface:A=adn_2,B=idn_2",adn_2,,idn_2,pattern,mse,553,8.008275227080096e-07,8.001548758246341e-07,0.0008945137650280369,training_rmse_nm_s
parallel_a_ab_qss,"cvd:parallel_a_ab_qss:AB:full:bulk_as_surface:A=adn_2,B=idn_2",adn_2,,idn_2,pattern,mse,554,8.008161919375387e-07,8.001548758246341e-07,0.0008945137650280369,training_rmse_nm_s
parallel_a_ab_qss,"cvd:parallel_a_ab_qss:AB:full:bulk_as_surface:A=adn_2,B=idn_2",adn_2,,idn_2,pattern,mse,555,7.998716655098866e-07,7.998716655098866e-07,0.0008943554469616018,training_rmse_nm_s
parallel_a_ab_qss,"cvd:parallel_a_ab_qss:AB:full:bulk_as_surface:A=adn_2,B=idn_2",adn_2,,idn_2,pattern,mse,556,8.017249168958047e-07,7.998716655098866e-07,0.0008943554469616018,training_rmse_nm_s
parallel_a_ab_qss,"cvd:parallel_a_ab_qss:AB:full:bulk_as_surface:A=adn_2,B=idn_2",adn_2,,idn_2,pattern,mse,557,7.990426605938279e-07,7.990426605938279e-07,0.0008938918618008712,training_rmse_nm_s
parallel_a_ab_qss,"cvd:parallel_a_ab_qss:AB:full:bulk_as_surface:A=adn_2,B=idn_2",adn_2,,idn_2,pattern,mse,558,8.047993046590931e-07,7.990426605938279e-07,0.0008938918618008712,training_rmse_nm_s
parallel_a_ab_qss,"cvd:parallel_a_ab_qss:AB:full:bulk_as_surface:A=adn_2,B=idn_2",adn_2,,idn_2,pattern,mse,559,7.998631246194687e-07,7.990426605938279e-07,0.0008938918618008712,training_rmse_nm_s
parallel_a_ab_qss,"cvd:parallel_a_ab_qss:AB:full:bulk_as_surface:A=adn_2,B=idn_2",adn_2,,idn_2,pattern,mse,560,7.985442486297782e-07,7.985442486297782e-07,0.0008936130306960492,training_rmse_nm_s
parallel_a_ab_qss,"cvd:parallel_a_ab_qss:AB:full:bulk_as_surface:A=adn_2,B=idn_2",adn_2,,idn_2,pattern,mse,561,7.985697403093721e-07,7.985442486297782e-07,0.0008936130306960492,training_rmse_nm_s
parallel_a_ab_qss,"cvd:parallel_a_ab_qss:AB:full:bulk_as_surface:A=adn_2,B=idn_2",adn_2,,idn_2,pattern,mse,562,7.997466477873501e-07,7.985442486297782e-07,0.0008936130306960492,training_rmse_nm_s
parallel_a_ab_qss,"cvd:parallel_a_ab_qss:AB:full:bulk_as_surface:A=adn_2,B=idn_2",adn_2,,idn_2,pattern,mse,563,8.008092681437864e-07,7.985442486297782e-07,0.0008936130306960492,training_rmse_nm_s
parallel_a_ab_qss,"cvd:parallel_a_ab_qss:AB:full:bulk_as_surface:A=adn_2,B=idn_2",adn_2,,idn_2,pattern,mse,564,8.004701472338425e-07,7.985442486297782e-07,0.0008936130306960492,training_rmse_nm_s
parallel_a_ab_qss,"cvd:parallel_a_ab_qss:AB:full:bulk_as_surface:A=adn_2,B=idn_2",adn_2,,idn_2,pattern,mse,565,7.990426605938279e-07,7.985442486297782e-07,0.0008936130306960492,training_rmse_nm_s
parallel_a_ab_qss,"cvd:parallel_a_ab_qss:AB:full:bulk_as_surface:A=adn_2,B=idn_2",adn_2,,idn_2,pattern,mse,566,7.98347358899271e-07,7.98347358899271e-07,0.0008935028589205918,training_rmse_nm_s
parallel_a_ab_qss,"cvd:parallel_a_ab_qss:AB:full:bulk_as_surface:A=adn_2,B=idn_2",adn_2,,idn_2,pattern,mse,567,7.987377668449198e-07,7.98347358899271e-07,0.0008935028589205918,training_rmse_nm_s
parallel_a_ab_qss,"cvd:parallel_a_ab_qss:AB:full:bulk_as_surface:A=adn_2,B=idn_2",adn_2,,idn_2,pattern,mse,568,7.99154077166078e-07,7.98347358899271e-07,0.0008935028589205918,training_rmse_nm_s
parallel_a_ab_qss,"cvd:parallel_a_ab_qss:AB:full:bulk_as_surface:A=adn_2,B=idn_2",adn_2,,idn_2,pattern,mse,569,7.995181363154689e-07,7.98347358899271e-07,0.0008935028589205918,training_rmse_nm_s
parallel_a_ab_qss,"cvd:parallel_a_ab_qss:AB:full:bulk_as_surface:A=adn_2,B=idn_2",adn_2,,idn_2,pattern,mse,570,8.013461708905614e-07,7.98347358899271e-07,0.0008935028589205918,training_rmse_nm_s
parallel_a_ab_qss,"cvd:parallel_a_ab_qss:AB:full:bulk_as_surface:A=adn_2,B=idn_2",adn_2,,idn_2,pattern,mse,571,7.985442486297782e-07,7.98347358899271e-07,0.0008935028589205918,training_rmse_nm_s
parallel_a_ab_qss,"cvd:parallel_a_ab_qss:AB:full:bulk_as_surface:A=adn_2,B=idn_2",adn_2,,idn_2,pattern,mse,572,7.984328590335245e-07,7.98347358899271e-07,0.0008935028589205918,training_rmse_nm_s
parallel_a_ab_qss,"cvd:parallel_a_ab_qss:AB:full:bulk_as_surface:A=adn_2,B=idn_2",adn_2,,idn_2,pattern,mse,573,2.245375733422088e-05,7.98347358899271e-07,0.0008935028589205918,training_rmse_nm_s
parallel_a_ab_qss,"cvd:parallel_a_ab_qss:AB:full:bulk_as_surface:A=adn_2,B=idn_2",adn_2,,idn_2,pattern,mse,574,2.689918411423877e-05,7.98347358899271e-07,0.0008935028589205918,training_rmse_nm_s
parallel_a_ab_qss,"cvd:parallel_a_ab_qss:AB:full:bulk_as_surface:A=adn_2,B=idn_2",adn_2,,idn_2,pattern,mse,575,7.703189617121284e-06,7.98347358899271e-07,0.0008935028589205918,training_rmse_nm_s
parallel_a_ab_qss,"cvd:parallel_a_ab_qss:AB:full:bulk_as_surface:A=adn_2,B=idn_2",adn_2,,idn_2,pattern,mse,576,7.703550830465305e-06,7.98347358899271e-07,0.0008935028589205918,training_rmse_nm_s
parallel_a_ab_qss,"cvd:parallel_a_ab_qss:AB:full:bulk_as_surface:A=adn_2,B=idn_2",adn_2,,idn_2,pattern,mse,577,2.689905146124215e-05,7.98347358899271e-07,0.0008935028589205918,training_rmse_nm_s
parallel_a_ab_qss,"cvd:parallel_a_ab_qss:AB:full:bulk_as_surface:A=adn_2,B=idn_2",adn_2,,idn_2,pattern,mse,578,2.2453221476971118e-05,7.98347358899271e-07,0.0008935028589205918,training_rmse_nm_s
parallel_a_ab_qss,"cvd:parallel_a_ab_qss:AB:full:bulk_as_surface:A=adn_2,B=idn_2",adn_2,,idn_2,pattern,mse,579,2.245322147702533e-05,7.98347358899271e-07,0.0008935028589205918,training_rmse_nm_s
parallel_a_ab_qss,"cvd:parallel_a_ab_qss:AB:full:bulk_as_surface:A=adn_2,B=idn_2",adn_2,,idn_2,pattern,mse,580,2.68990514612429e-05,7.98347358899271e-07,0.0008935028589205918,training_rmse_nm_s
parallel_a_ab_qss,"cvd:parallel_a_ab_qss:AB:full:bulk_as_surface:A=adn_2,B=idn_2",adn_2,,idn_2,pattern,mse,581,7.667488124532132e-06,7.98347358899271e-07,0.0008935028589205918,training_rmse_nm_s
parallel_a_ab_qss,"cvd:parallel_a_ab_qss:AB:full:bulk_as_surface:A=adn_2,B=idn_2",adn_2,,idn_2,pattern,mse,582,7.703547254033953e-06,7.98347358899271e-07,0.0008935028589205918,training_rmse_nm_s
parallel_a_ab_qss,"cvd:parallel_a_ab_qss:AB:full:bulk_as_surface:A=adn_2,B=idn_2",adn_2,,idn_2,pattern,mse,583,2.68858467075971e-05,7.98347358899271e-07,0.0008935028589205918,training_rmse_nm_s
parallel_a_ab_qss,"cvd:parallel_a_ab_qss:AB:full:bulk_as_surface:A=adn_2,B=idn_2",adn_2,,idn_2,pattern,mse,584,2.2399698861637492e-05,7.98347358899271e-07,0.0008935028589205918,training_rmse_nm_s
parallel_a_ab_qss,"cvd:parallel_a_ab_qss:AB:full:bulk_as_surface:A=adn_2,B=idn_2",adn_2,,idn_2,pattern,mse,585,2.2399698867045696e-05,7.98347358899271e-07,0.0008935028589205918,training_rmse_nm_s
parallel_a_ab_qss,"cvd:parallel_a_ab_qss:AB:full:bulk_as_surface:A=adn_2,B=idn_2",adn_2,,idn_2,pattern,mse,586,2.688584670767058e-05,7.98347358899271e-07,0.0008935028589205918,training_rmse_nm_s
parallel_a_ab_qss,"cvd:parallel_a_ab_qss:AB:full:bulk_as_surface:A=adn_2,B=idn_2",adn_2,,idn_2,pattern,mse,587,4.7033909879574295e-06,7.98347358899271e-07,0.0008935028589205918,training_rmse_nm_s
parallel_a_ab_qss,"cvd:parallel_a_ab_qss:AB:full:bulk_as_surface:A=adn_2,B=idn_2",adn_2,,idn_2,pattern,mse,588,7.703189617121284e-06,7.98347358899271e-07,0.0008935028589205918,training_rmse_nm_s
parallel_a_ab_qss,"cvd:parallel_a_ab_qss:AB:full:bulk_as_surface:A=adn_2,B=idn_2",adn_2,,idn_2,pattern,mse,589,2.615471577359253e-05,7.98347358899271e-07,0.0008935028589205918,training_rmse_nm_s
parallel_a_ab_qss,"cvd:parallel_a_ab_qss:AB:full:bulk_as_surface:A=adn_2,B=idn_2",adn_2,,idn_2,pattern,mse,590,1.7662855777928625e-05,7.98347358899271e-07,0.0008935028589205918,training_rmse_nm_s
parallel_a_ab_qss,"cvd:parallel_a_ab_qss:AB:full:bulk_as_surface:A=adn_2,B=idn_2",adn_2,,idn_2,pattern,mse,591,1.309806220294236e-05,7.98347358899271e-07,0.0008935028589205918,training_rmse_nm_s
parallel_a_ab_qss,"cvd:parallel_a_ab_qss:AB:full:bulk_as_surface:A=adn_2,B=idn_2",adn_2,,idn_2,pattern,mse,592,2.0291086224582297e-05,7.98347358899271e-07,0.0008935028589205918,training_rmse_nm_s
parallel_a_ab_qss,"cvd:parallel_a_ab_qss:AB:full:bulk_as_surface:A=adn_2,B=idn_2",adn_2,,idn_2,pattern,mse,593,2.072951178770597e-05,7.98347358899271e-07,0.0008935028589205918,training_rmse_nm_s
parallel_a_ab_qss,"cvd:parallel_a_ab_qss:AB:full:bulk_as_surface:A=adn_2,B=idn_2",adn_2,,idn_2,pattern,mse,594,7.3485637123046e-06,7.98347358899271e-07,0.0008935028589205918,training_rmse_nm_s
parallel_a_ab_qss,"cvd:parallel_a_ab_qss:AB:full:bulk_as_surface:A=adn_2,B=idn_2",adn_2,,idn_2,pattern,mse,595,2.0291086218147994e-05,7.98347358899271e-07,0.0008935028589205918,training_rmse_nm_s
parallel_a_ab_qss,"cvd:parallel_a_ab_qss:AB:full:bulk_as_surface:A=adn_2,B=idn_2",adn_2,,idn_2,pattern,mse,596,1.3098062168640562e-05,7.98347358899271e-07,0.0008935028589205918,training_rmse_nm_s
parallel_a_ab_qss,"cvd:parallel_a_ab_qss:AB:full:bulk_as_surface:A=adn_2,B=idn_2",adn_2,,idn_2,pattern,mse,597,7.210251388917935e-06,7.98347358899271e-07,0.0008935028589205918,training_rmse_nm_s
parallel_a_ab_qss,"cvd:parallel_a_ab_qss:AB:full:bulk_as_surface:A=adn_2,B=idn_2",adn_2,,idn_2,pattern,mse,598,1.1868728830383536e-05,7.98347358899271e-07,0.0008935028589205918,training_rmse_nm_s
parallel_a_ab_qss,"cvd:parallel_a_ab_qss:AB:full:bulk_as_surface:A=adn_2,B=idn_2",adn_2,,idn_2,pattern,mse,599,2.0757233638855166e-06,7.98347358899271e-07,0.0008935028589205918,training_rmse_nm_s
parallel_a_ab_qss,"cvd:parallel_a_ab_qss:AB:full:bulk_as_surface:A=adn_2,B=idn_2",adn_2,,idn_2,pattern,mse,600,6.623493830713508e-06,7.98347358899271e-07,0.0008935028589205918,training_rmse_nm_s
parallel_a_ab_qss,"cvd:parallel_a_ab_qss:AB:full:bulk_as_surface:A=adn_2,B=idn_2",adn_2,,idn_2,pattern,mse,601,1.165169106304326e-05,7.98347358899271e-07,0.0008935028589205918,training_rmse_nm_s
parallel_a_ab_qss,"cvd:parallel_a_ab_qss:AB:full:bulk_as_surface:A=adn_2,B=idn_2",adn_2,,idn_2,pattern,mse,602,2.440873504396339e-06,7.98347358899271e-07,0.0008935028589205918,training_rmse_nm_s
parallel_a_ab_qss,"cvd:parallel_a_ab_qss:AB:full:bulk_as_surface:A=adn_2,B=idn_2",adn_2,,idn_2,pattern,mse,603,2.4408735135629014e-06,7.98347358899271e-07,0.0008935028589205918,training_rmse_nm_s
parallel_a_ab_qss,"cvd:parallel_a_ab_qss:AB:full:bulk_as_surface:A=adn_2,B=idn_2",adn_2,,idn_2,pattern,mse,604,1.1651691071441809e-05,7.98347358899271e-07,0.0008935028589205918,training_rmse_nm_s
parallel_a_ab_qss,"cvd:parallel_a_ab_qss:AB:full:bulk_as_surface:A=adn_2,B=idn_2",adn_2,,idn_2,pattern,mse,605,2.072951178770597e-05,7.98347358899271e-07,0.0008935028589205918,training_rmse_nm_s
parallel_a_ab_qss,"cvd:parallel_a_ab_qss:AB:full:bulk_as_surface:A=adn_2,B=idn_2",adn_2,,idn_2,pattern,mse,606,4.7033909879574295e-06,7.98347358899271e-07,0.0008935028589205918,training_rmse_nm_s
parallel_a_ab_qss,"cvd:parallel_a_ab_qss:AB:full:bulk_as_surface:A=adn_2,B=idn_2",adn_2,,idn_2,pattern,mse,607,1.165169106304326e-05,7.98347358899271e-07,0.0008935028589205918,training_rmse_nm_s
parallel_a_ab_qss,"cvd:parallel_a_ab_qss:AB:full:bulk_as_surface:A=adn_2,B=idn_2",adn_2,,idn_2,pattern,mse,608,2.440873504396339e-06,7.98347358899271e-07,0.0008935028589205918,training_rmse_nm_s
parallel_a_ab_qss,"cvd:parallel_a_ab_qss:AB:full:bulk_as_surface:A=adn_2,B=idn_2",adn_2,,idn_2,pattern,mse,609,1.0249785161876374e-06,7.98347358899271e-07,0.0008935028589205918,training_rmse_nm_s
parallel_a_ab_qss,"cvd:parallel_a_ab_qss:AB:full:bulk_as_surface:A=adn_2,B=idn_2",adn_2,,idn_2,pattern,mse,610,6.017664716384563e-06,7.98347358899271e-07,0.0008935028589205918,training_rmse_nm_s
parallel_a_ab_qss,"cvd:parallel_a_ab_qss:AB:full:bulk_as_surface:A=adn_2,B=idn_2",adn_2,,idn_2,pattern,mse,611,2.2744475681841818e-06,7.98347358899271e-07,0.0008935028589205918,training_rmse_nm_s
parallel_a_ab_qss,"cvd:parallel_a_ab_qss:AB:full:bulk_as_surface:A=adn_2,B=idn_2",adn_2,,idn_2,pattern,mse,612,2.8842084522035014e-06,7.98347358899271e-07,0.0008935028589205918,training_rmse_nm_s
parallel_a_ab_qss,"cvd:parallel_a_ab_qss:AB:full:bulk_as_surface:A=adn_2,B=idn_2",adn_2,,idn_2,pattern,mse,613,2.0757233615864698e-06,7.98347358899271e-07,0.0008935028589205918,training_rmse_nm_s
parallel_a_ab_qss,"cvd:parallel_a_ab_qss:AB:full:bulk_as_surface:A=adn_2,B=idn_2",adn_2,,idn_2,pattern,mse,614,2.4408735102635366e-06,7.98347358899271e-07,0.0008935028589205918,training_rmse_nm_s
parallel_a_ab_qss,"cvd:parallel_a_ab_qss:AB:full:bulk_as_surface:A=adn_2,B=idn_2",adn_2,,idn_2,pattern,mse,615,2.4408735135629014e-06,7.98347358899271e-07,0.0008935028589205918,training_rmse_nm_s
parallel_a_ab_qss,"cvd:parallel_a_ab_qss:AB:full:bulk_as_surface:A=adn_2,B=idn_2",adn_2,,idn_2,pattern,mse,616,2.0757233638855166e-06,7.98347358899271e-07,0.0008935028589205918,training_rmse_nm_s
parallel_a_ab_qss,"cvd:parallel_a_ab_qss:AB:full:bulk_as_surface:A=adn_2,B=idn_2",adn_2,,idn_2,pattern,mse,617,2.2744475681841818e-06,7.98347358899271e-07,0.0008935028589205918,training_rmse_nm_s
parallel_a_ab_qss,"cvd:parallel_a_ab_qss:AB:full:bulk_as_surface:A=adn_2,B=idn_2",adn_2,,idn_2,pattern,mse,618,2.8842084522035014e-06,7.98347358899271e-07,0.0008935028589205918,training_rmse_nm_s
parallel_a_ab_qss,"cvd:parallel_a_ab_qss:AB:full:bulk_as_surface:A=adn_2,B=idn_2",adn_2,,idn_2,pattern,mse,619,2.0757233615864698e-06,7.98347358899271e-07,0.0008935028589205918,training_rmse_nm_s
parallel_a_ab_qss,"cvd:parallel_a_ab_qss:AB:full:bulk_as_surface:A=adn_2,B=idn_2",adn_2,,idn_2,pattern,mse,620,2.4408735102635366e-06,7.98347358899271e-07,0.0008935028589205918,training_rmse_nm_s
parallel_a_ab_qss,"cvd:parallel_a_ab_qss:AB:full:bulk_as_surface:A=adn_2,B=idn_2",adn_2,,idn_2,pattern,mse,621,1.5071959637021505e-06,7.98347358899271e-07,0.0008935028589205918,training_rmse_nm_s
parallel_a_ab_qss,"cvd:parallel_a_ab_qss:AB:full:bulk_as_surface:A=adn_2,B=idn_2",adn_2,,idn_2,pattern,mse,622,1.176388885780544e-06,7.98347358899271e-07,0.0008935028589205918,training_rmse_nm_s
parallel_a_ab_qss,"cvd:parallel_a_ab_qss:AB:full:bulk_as_surface:A=adn_2,B=idn_2",adn_2,,idn_2,pattern,mse,623,8.910100623225512e-07,7.98347358899271e-07,0.0008935028589205918,training_rmse_nm_s
parallel_a_ab_qss,"cvd:parallel_a_ab_qss:AB:full:bulk_as_surface:A=adn_2,B=idn_2",adn_2,,idn_2,pattern,mse,624,1.8421314302427313e-06,7.98347358899271e-07,0.0008935028589205918,training_rmse_nm_s
parallel_a_ab_qss,"cvd:parallel_a_ab_qss:AB:full:bulk_as_surface:A=adn_2,B=idn_2",adn_2,,idn_2,pattern,mse,625,1.3155648649137575e-06,7.98347358899271e-07,0.0008935028589205918,training_rmse_nm_s
parallel_a_ab_qss,"cvd:parallel_a_ab_qss:AB:full:bulk_as_surface:A=adn_2,B=idn_2",adn_2,,idn_2,pattern,mse,626,1.129107608197814e-06,7.98347358899271e-07,0.0008935028589205918,training_rmse_nm_s
parallel_a_ab_qss,"cvd:parallel_a_ab_qss:AB:full:bulk_as_surface:A=adn_2,B=idn_2",adn_2,,idn_2,pattern,mse,627,1.1291076093781916e-06,7.98347358899271e-07,0.0008935028589205918,training_rmse_nm_s
parallel_a_ab_qss,"cvd:parallel_a_ab_qss:AB:full:bulk_as_surface:A=adn_2,B=idn_2",adn_2,,idn_2,pattern,mse,628,1.315564865458239e-06,7.98347358899271e-07,0.0008935028589205918,training_rmse_nm_s
parallel_a_ab_qss,"cvd:parallel_a_ab_qss:AB:full:bulk_as_surface:A=adn_2,B=idn_2",adn_2,,idn_2,pattern,mse,629,2.2744475681841818e-06,7.98347358899271e-07,0.0008935028589205918,training_rmse_nm_s
parallel_a_ab_qss,"cvd:parallel_a_ab_qss:AB:full:bulk_as_surface:A=adn_2,B=idn_2",adn_2,,idn_2,pattern,mse,630,1.0249785161876374e-06,7.98347358899271e-07,0.0008935028589205918,training_rmse_nm_s
parallel_a_ab_qss,"cvd:parallel_a_ab_qss:AB:full:bulk_as_surface:A=adn_2,B=idn_2",adn_2,,idn_2,pattern,mse,631,1.3155648649137575e-06,7.98347358899271e-07,0.0008935028589205918,training_rmse_nm_s
parallel_a_ab_qss,"cvd:parallel_a_ab_qss:AB:full:bulk_as_surface:A=adn_2,B=idn_2",adn_2,,idn_2,pattern,mse,632,1.129107608197814e-06,7.98347358899271e-07,0.0008935028589205918,training_rmse_nm_s
parallel_a_ab_qss,"cvd:parallel_a_ab_qss:AB:full:bulk_as_surface:A=adn_2,B=idn_2",adn_2,,idn_2,pattern,mse,633,9.372776025926833e-07,7.98347358899271e-07,0.0008935028589205918,training_rmse_nm_s
parallel_a_ab_qss,"cvd:parallel_a_ab_qss:AB:full:bulk_as_surface:A=adn_2,B=idn_2",adn_2,,idn_2,pattern,mse,634,1.011548275035518e-06,7.98347358899271e-07,0.0008935028589205918,training_rmse_nm_s
parallel_a_ab_qss,"cvd:parallel_a_ab_qss:AB:full:bulk_as_surface:A=adn_2,B=idn_2",adn_2,,idn_2,pattern,mse,635,1.3208061378538722e-06,7.98347358899271e-07,0.0008935028589205918,training_rmse_nm_s
parallel_a_ab_qss,"cvd:parallel_a_ab_qss:AB:full:bulk_as_surface:A=adn_2,B=idn_2",adn_2,,idn_2,pattern,mse,636,8.314568402870359e-07,7.98347358899271e-07,0.0008935028589205918,training_rmse_nm_s
parallel_a_ab_qss,"cvd:parallel_a_ab_qss:AB:full:bulk_as_surface:A=adn_2,B=idn_2",adn_2,,idn_2,pattern,mse,637,8.807697814357276e-07,7.98347358899271e-07,0.0008935028589205918,training_rmse_nm_s
parallel_a_ab_qss,"cvd:parallel_a_ab_qss:AB:full:bulk_as_surface:A=adn_2,B=idn_2",adn_2,,idn_2,pattern,mse,638,9.450457296829089e-07,7.98347358899271e-07,0.0008935028589205918,training_rmse_nm_s
parallel_a_ab_qss,"cvd:parallel_a_ab_qss:AB:full:bulk_as_surface:A=adn_2,B=idn_2",adn_2,,idn_2,pattern,mse,639,9.450457298939255e-07,7.98347358899271e-07,0.0008935028589205918,training_rmse_nm_s
parallel_a_ab_qss,"cvd:parallel_a_ab_qss:AB:full:bulk_as_surface:A=adn_2,B=idn_2",adn_2,,idn_2,pattern,mse,640,8.807697816122582e-07,7.98347358899271e-07,0.0008935028589205918,training_rmse_nm_s
parallel_a_ab_qss,"cvd:parallel_a_ab_qss:AB:full:bulk_as_surface:A=adn_2,B=idn_2",adn_2,,idn_2,pattern,mse,641,8.910100623225512e-07,7.98347358899271e-07,0.0008935028589205918,training_rmse_nm_s
parallel_a_ab_qss,"cvd:parallel_a_ab_qss:AB:full:bulk_as_surface:A=adn_2,B=idn_2",adn_2,,idn_2,pattern,mse,642,1.0249785161876374e-06,7.98347358899271e-07,0.0008935028589205918,training_rmse_nm_s
parallel_a_ab_qss,"cvd:parallel_a_ab_qss:AB:full:bulk_as_surface:A=adn_2,B=idn_2",adn_2,,idn_2,pattern,mse,643,8.807697814357276e-07,7.98347358899271e-07,0.0008935028589205918,training_rmse_nm_s
parallel_a_ab_qss,"cvd:parallel_a_ab_qss:AB:full:bulk_as_surface:A=adn_2,B=idn_2",adn_2,,idn_2,pattern,mse,644,9.450457296829089e-07,7.98347358899271e-07,0.0008935028589205918,training_rmse_nm_s
parallel_a_ab_qss,"cvd:parallel_a_ab_qss:AB:full:bulk_as_surface:A=adn_2,B=idn_2",adn_2,,idn_2,pattern,mse,645,8.691545704946351e-07,7.98347358899271e-07,0.0008935028589205918,training_rmse_nm_s
parallel_a_ab_qss,"cvd:parallel_a_ab_qss:AB:full:bulk_as_surface:A=adn_2,B=idn_2",adn_2,,idn_2,pattern,mse,646,8.345542271269044e-07,7.98347358899271e-07,0.0008935028589205918,training_rmse_nm_s
parallel_a_ab_qss,"cvd:parallel_a_ab_qss:AB:full:bulk_as_surface:A=adn_2,B=idn_2",adn_2,,idn_2,pattern,mse,647,8.230391652675627e-07,7.98347358899271e-07,0.0008935028589205918,training_rmse_nm_s
parallel_a_ab_qss,"cvd:parallel_a_ab_qss:AB:full:bulk_as_surface:A=adn_2,B=idn_2",adn_2,,idn_2,pattern,mse,648,9.026900239268152e-07,7.98347358899271e-07,0.0008935028589205918,training_rmse_nm_s
parallel_a_ab_qss,"cvd:parallel_a_ab_qss:AB:full:bulk_as_surface:A=adn_2,B=idn_2",adn_2,,idn_2,pattern,mse,649,8.431161671776259e-07,7.98347358899271e-07,0.0008935028589205918,training_rmse_nm_s
parallel_a_ab_qss,"cvd:parallel_a_ab_qss:AB:full:bulk_as_surface:A=adn_2,B=idn_2",adn_2,,idn_2,pattern,mse,650,8.442300422528997e-07,7.98347358899271e-07,0.0008935028589205918,training_rmse_nm_s
parallel_a_ab_qss,"cvd:parallel_a_ab_qss:AB:full:bulk_as_surface:A=adn_2,B=idn_2",adn_2,,idn_2,pattern,mse,651,8.442300423279826e-07,7.98347358899271e-07,0.0008935028589205918,training_rmse_nm_s
parallel_a_ab_qss,"cvd:parallel_a_ab_qss:AB:full:bulk_as_surface:A=adn_2,B=idn_2",adn_2,,idn_2,pattern,mse,652,8.431161672046924e-07,7.98347358899271e-07,0.0008935028589205918,training_rmse_nm_s
parallel_a_ab_qss,"cvd:parallel_a_ab_qss:AB:full:bulk_as_surface:A=adn_2,B=idn_2",adn_2,,idn_2,pattern,mse,653,8.910100623225512e-07,7.98347358899271e-07,0.0008935028589205918,training_rmse_nm_s
parallel_a_ab_qss,"cvd:parallel_a_ab_qss:AB:full:bulk_as_surface:A=adn_2,B=idn_2",adn_2,,idn_2,pattern,mse,654,8.314568402870359e-07,7.98347358899271e-07,0.0008935028589205918,training_rmse_nm_s
parallel_a_ab_qss,"cvd:parallel_a_ab_qss:AB:full:bulk_as_surface:A=adn_2,B=idn_2",adn_2,,idn_2,pattern,mse,655,8.431161671776259e-07,7.98347358899271e-07,0.0008935028589205918,training_rmse_nm_s
parallel_a_ab_qss,"cvd:parallel_a_ab_qss:AB:full:bulk_as_surface:A=adn_2,B=idn_2",adn_2,,idn_2,pattern,mse,656,8.442300422528997e-07,7.98347358899271e-07,0.0008935028589205918,training_rmse_nm_s
parallel_a_ab_qss,"cvd:parallel_a_ab_qss:AB:full:bulk_as_surface:A=adn_2,B=idn_2",adn_2,,idn_2,pattern,mse,657,8.286312645482096e-07,7.98347358899271e-07,0.0008935028589205918,training_rmse_nm_s
parallel_a_ab_qss,"cvd:parallel_a_ab_qss:AB:full:bulk_as_surface:A=adn_2,B=idn_2",adn_2,,idn_2,pattern,mse,658,8.277684578519935e-07,7.98347358899271e-07,0.0008935028589205918,training_rmse_nm_s
parallel_a_ab_qss,"cvd:parallel_a_ab_qss:AB:full:bulk_as_surface:A=adn_2,B=idn_2",adn_2,,idn_2,pattern,mse,659,8.465510419094634e-07,7.98347358899271e-07,0.0008935028589205918,training_rmse_nm_s
parallel_a_ab_qss,"cvd:parallel_a_ab_qss:AB:full:bulk_as_surface:A=adn_2,B=idn_2",adn_2,,idn_2,pattern,mse,660,8.185927173619167e-07,7.98347358899271e-07,0.0008935028589205918,training_rmse_nm_s
parallel_a_ab_qss,"cvd:parallel_a_ab_qss:AB:full:bulk_as_surface:A=adn_2,B=idn_2",adn_2,,idn_2,pattern,mse,661,8.190340948632261e-07,7.98347358899271e-07,0.0008935028589205918,training_rmse_nm_s
parallel_a_ab_qss,"cvd:parallel_a_ab_qss:AB:full:bulk_as_surface:A=adn_2,B=idn_2",adn_2,,idn_2,pattern,mse,662,8.2841261749036e-07,7.98347358899271e-07,0.0008935028589205918,training_rmse_nm_s
parallel_a_ab_qss,"cvd:parallel_a_ab_qss:AB:full:bulk_as_surface:A=adn_2,B=idn_2",adn_2,,idn_2,pattern,mse,663,8.284126175087814e-07,7.98347358899271e-07,0.0008935028589205918,training_rmse_nm_s
parallel_a_ab_qss,"cvd:parallel_a_ab_qss:AB:full:bulk_as_surface:A=adn_2,B=idn_2",adn_2,,idn_2,pattern,mse,664,8.190340948696798e-07,7.98347358899271e-07,0.0008935028589205918,training_rmse_nm_s
parallel_a_ab_qss,"cvd:parallel_a_ab_qss:AB:full:bulk_as_surface:A=adn_2,B=idn_2",adn_2,,idn_2,pattern,mse,665,8.230391652675627e-07,7.98347358899271e-07,0.0008935028589205918,training_rmse_nm_s
parallel_a_ab_qss,"cvd:parallel_a_ab_qss:AB:full:bulk_as_surface:A=adn_2,B=idn_2",adn_2,,idn_2,pattern,mse,666,8.314568402870359e-07,7.98347358899271e-07,0.0008935028589205918,training_rmse_nm_s
parallel_a_ab_qss,"cvd:parallel_a_ab_qss:AB:full:bulk_as_surface:A=adn_2,B=idn_2",adn_2,,idn_2,pattern,mse,667,8.190340948632261e-07,7.98347358899271e-07,0.0008935028589205918,training_rmse_nm_s
parallel_a_ab_qss,"cvd:parallel_a_ab_qss:AB:full:bulk_as_surface:A=adn_2,B=idn_2",adn_2,,idn_2,pattern,mse,668,8.2841261749036e-07,7.98347358899271e-07,0.0008935028589205918,training_rmse_nm_s
parallel_a_ab_qss,"cvd:parallel_a_ab_qss:AB:full:bulk_as_surface:A=adn_2,B=idn_2",adn_2,,idn_2,pattern,mse,669,8.222393828658371e-07,7.98347358899271e-07,0.0008935028589205918,training_rmse_nm_s
parallel_a_ab_qss,"cvd:parallel_a_ab_qss:AB:full:bulk_as_surface:A=adn_2,B=idn_2",adn_2,,idn_2,pattern,mse,670,8.175116457177158e-07,7.98347358899271e-07,0.0008935028589205918,training_rmse_nm_s
parallel_a_ab_qss,"cvd:parallel_a_ab_qss:AB:full:bulk_as_surface:A=adn_2,B=idn_2",adn_2,,idn_2,pattern,mse,671,8.185234527503077e-07,7.98347358899271e-07,0.0008935028589205918,training_rmse_nm_s
parallel_a_ab_qss,"cvd:parallel_a_ab_qss:AB:full:bulk_as_surface:A=adn_2,B=idn_2",adn_2,,idn_2,pattern,mse,672,8.208434837331593e-07,7.98347358899271e-07,0.0008935028589205918,training_rmse_nm_s
parallel_a_ab_qss,"cvd:parallel_a_ab_qss:AB:full:bulk_as_surface:A=adn_2,B=idn_2",adn_2,,idn_2,pattern,mse,673,8.190340948664272e-07,7.98347358899271e-07,0.0008935028589205918,training_rmse_nm_s
parallel_a_ab_qss,"cvd:parallel_a_ab_qss:AB:full:bulk_as_surface:A=adn_2,B=idn_2",adn_2,,idn_2,pattern,mse,674,8.185927173589903e-07,7.98347358899271e-07,0.0008935028589205918,training_rmse_nm_s
parallel_a_ab_qss,"cvd:parallel_a_ab_qss:AB:full:bulk_as_surface:A=adn_2,B=idn_2",adn_2,,idn_2,pattern,mse,675,8.185927173619167e-07,7.98347358899271e-07,0.0008935028589205918,training_rmse_nm_s
parallel_a_ab_qss,"cvd:parallel_a_ab_qss:AB:full:bulk_as_surface:A=adn_2,B=idn_2",adn_2,,idn_2,pattern,mse,676,8.190340948696798e-07,7.98347358899271e-07,0.0008935028589205918,training_rmse_nm_s
parallel_a_ab_qss,"cvd:parallel_a_ab_qss:AB:full:bulk_as_surface:A=adn_2,B=idn_2",adn_2,,idn_2,pattern,mse,677,8.185234527503077e-07,7.98347358899271e-07,0.0008935028589205918,training_rmse_nm_s
parallel_a_ab_qss,"cvd:parallel_a_ab_qss:AB:full:bulk_as_surface:A=adn_2,B=idn_2",adn_2,,idn_2,pattern,mse,678,8.208434837331593e-07,7.98347358899271e-07,0.0008935028589205918,training_rmse_nm_s
parallel_a_ab_qss,"cvd:parallel_a_ab_qss:AB:full:bulk_as_surface:A=adn_2,B=idn_2",adn_2,,idn_2,pattern,mse,679,8.190340948664272e-07,7.98347358899271e-07,0.0008935028589205918,training_rmse_nm_s
parallel_a_ab_qss,"cvd:parallel_a_ab_qss:AB:full:bulk_as_surface:A=adn_2,B=idn_2",adn_2,,idn_2,pattern,mse,680,8.185927173589903e-07,7.98347358899271e-07,0.0008935028589205918,training_rmse_nm_s
parallel_a_ab_qss,"cvd:parallel_a_ab_qss:AB:full:bulk_as_surface:A=adn_2,B=idn_2",adn_2,,idn_2,pattern,mse,681,2.245375733416616e-05,7.98347358899271e-07,0.0008935028589205918,training_rmse_nm_s
parallel_a_ab_qss,"cvd:parallel_a_ab_qss:AB:full:bulk_as_surface:A=adn_2,B=idn_2",adn_2,,idn_2,pattern,mse,682,2.6899184114311604e-05,7.98347358899271e-07,0.0008935028589205918,training_rmse_nm_s
parallel_a_ab_qss,"cvd:parallel_a_ab_qss:AB:full:bulk_as_surface:A=adn_2,B=idn_2",adn_2,,idn_2,pattern,mse,683,7.703189617643216e-06,7.98347358899271e-07,0.0008935028589205918,training_rmse_nm_s
parallel_a_ab_qss,"cvd:parallel_a_ab_qss:AB:full:bulk_as_surface:A=adn_2,B=idn_2",adn_2,,idn_2,pattern,mse,684,7.703550830465347e-06,7.98347358899271e-07,0.0008935028589205918,training_rmse_nm_s
parallel_a_ab_qss,"cvd:parallel_a_ab_qss:AB:full:bulk_as_surface:A=adn_2,B=idn_2",adn_2,,idn_2,pattern,mse,685,2.6899051461315025e-05,7.98347358899271e-07,0.0008935028589205918,training_rmse_nm_s
parallel_a_ab_qss,"cvd:parallel_a_ab_qss:AB:full:bulk_as_surface:A=adn_2,B=idn_2",adn_2,,idn_2,pattern,mse,686,2.245322092991946e-05,7.98347358899271e-07,0.0008935028589205918,training_rmse_nm_s
parallel_a_ab_qss,"cvd:parallel_a_ab_qss:AB:full:bulk_as_surface:A=adn_2,B=idn_2",adn_2,,idn_2,pattern,mse,687,2.2453221471554813e-05,7.98347358899271e-07,0.0008935028589205918,training_rmse_nm_s
parallel_a_ab_qss,"cvd:parallel_a_ab_qss:AB:full:bulk_as_surface:A=adn_2,B=idn_2",adn_2,,idn_2,pattern,mse,688,2.6899051468527053e-05,7.98347358899271e-07,0.0008935028589205918,training_rmse_nm_s
parallel_a_ab_qss,"cvd:parallel_a_ab_qss:AB:full:bulk_as_surface:A=adn_2,B=idn_2",adn_2,,idn_2,pattern,mse,689,7.66748817779288e-06,7.98347358899271e-07,0.0008935028589205918,training_rmse_nm_s
parallel_a_ab_qss,"cvd:parallel_a_ab_qss:AB:full:bulk_as_surface:A=adn_2,B=idn_2",adn_2,,idn_2,pattern,mse,690,7.703547254039184e-06,7.98347358899271e-07,0.0008935028589205918,training_rmse_nm_s
parallel_a_ab_qss,"cvd:parallel_a_ab_qss:AB:full:bulk_as_surface:A=adn_2,B=idn_2",adn_2,,idn_2,pattern,mse,691,2.6885846715018246e-05,7.98347358899271e-07,0.0008935028589205918,training_rmse_nm_s
parallel_a_ab_qss,"cvd:parallel_a_ab_qss:AB:full:bulk_as_surface:A=adn_2,B=idn_2",adn_2,,idn_2,pattern,mse,692,2.2399644239169004e-05,7.98347358899271e-07,0.0008935028589205918,training_rmse_nm_s
parallel_a_ab_qss,"cvd:parallel_a_ab_qss:AB:full:bulk_as_surface:A=adn_2,B=idn_2",adn_2,,idn_2,pattern,mse,693,2.2399698320820027e-05,7.98347358899271e-07,0.0008935028589205918,training_rmse_nm_s
parallel_a_ab_qss,"cvd:parallel_a_ab_qss:AB:full:bulk_as_surface:A=adn_2,B=idn_2",adn_2,,idn_2,pattern,mse,694,2.688584744978346e-05,7.98347358899271e-07,0.0008935028589205918,training_rmse_nm_s
parallel_a_ab_qss,"cvd:parallel_a_ab_qss:AB:full:bulk_as_surface:A=adn_2,B=idn_2",adn_2,,idn_2,pattern,mse,695,4.703404547310575e-06,7.98347358899271e-07,0.0008935028589205918,training_rmse_nm_s
parallel_a_ab_qss,"cvd:parallel_a_ab_qss:AB:full:bulk_as_surface:A=adn_2,B=idn_2",adn_2,,idn_2,pattern,mse,696,7.703189617643216e-06,7.98347358899271e-07,0.0008935028589205918,training_rmse_nm_s
parallel_a_ab_qss,"cvd:parallel_a_ab_qss:AB:full:bulk_as_surface:A=adn_2,B=idn_2",adn_2,,idn_2,pattern,mse,697,2.615471671044314e-05,7.98347358899271e-07,0.0008935028589205918,training_rmse_nm_s
parallel_a_ab_qss,"cvd:parallel_a_ab_qss:AB:full:bulk_as_surface:A=adn_2,B=idn_2",adn_2,,idn_2,pattern,mse,698,1.7658094326540403e-05,7.98347358899271e-07,0.0008935028589205918,training_rmse_nm_s
parallel_a_ab_qss,"cvd:parallel_a_ab_qss:AB:full:bulk_as_surface:A=adn_2,B=idn_2",adn_2,,idn_2,pattern,mse,699,1.3098024093741776e-05,7.98347358899271e-07,0.0008935028589205918,training_rmse_nm_s
parallel_a_ab_qss,"cvd:parallel_a_ab_qss:AB:full:bulk_as_surface:A=adn_2,B=idn_2",adn_2,,idn_2,pattern,mse,700,2.02911577089607e-05,7.98347358899271e-07,0.0008935028589205918,training_rmse_nm_s
parallel_a_ab_qss,"cvd:parallel_a_ab_qss:AB:full:bulk_as_surface:A=adn_2,B=idn_2",adn_2,,idn_2,pattern,mse,701,2.072885409656328e-05,7.98347358899271e-07,0.0008935028589205918,training_rmse_nm_s
parallel_a_ab_qss,"cvd:parallel_a_ab_qss:AB:full:bulk_as_surface:A=adn_2,B=idn_2",adn_2,,idn_2,pattern,mse,702,7.348564339697007e-06,7.98347358899271e-07,0.0008935028589205918,training_rmse_nm_s
parallel_a_ab_qss,"cvd:parallel_a_ab_qss:AB:full:bulk_as_surface:A=adn_2,B=idn_2",adn_2,,idn_2,pattern,mse,703,2.0291093366647705e-05,7.98347358899271e-07,0.0008935028589205918,training_rmse_nm_s
parallel_a_ab_qss,"cvd:parallel_a_ab_qss:AB:full:bulk_as_surface:A=adn_2,B=idn_2",adn_2,,idn_2,pattern,mse,704,1.3097681084481375e-05,7.98347358899271e-07,0.0008935028589205918,training_rmse_nm_s
parallel_a_ab_qss,"cvd:parallel_a_ab_qss:AB:full:bulk_as_surface:A=adn_2,B=idn_2",adn_2,,idn_2,pattern,mse,705,7.210231456688002e-06,7.98347358899271e-07,0.0008935028589205918,training_rmse_nm_s
parallel_a_ab_qss,"cvd:parallel_a_ab_qss:AB:full:bulk_as_surface:A=adn_2,B=idn_2",adn_2,,idn_2,pattern,mse,706,1.1868778198711726e-05,7.98347358899271e-07,0.0008935028589205918,training_rmse_nm_s
parallel_a_ab_qss,"cvd:parallel_a_ab_qss:AB:full:bulk_as_surface:A=adn_2,B=idn_2",adn_2,,idn_2,pattern,mse,707,2.0757758895483774e-06,7.98347358899271e-07,0.0008935028589205918,training_rmse_nm_s
parallel_a_ab_qss,"cvd:parallel_a_ab_qss:AB:full:bulk_as_surface:A=adn_2,B=idn_2",adn_2,,idn_2,pattern,mse,708,6.623496481931192e-06,7.98347358899271e-07,0.0008935028589205918,training_rmse_nm_s
parallel_a_ab_qss,"cvd:parallel_a_ab_qss:AB:full:bulk_as_surface:A=adn_2,B=idn_2",adn_2,,idn_2,pattern,mse,709,1.1651729900276659e-05,7.98347358899271e-07,0.0008935028589205918,training_rmse_nm_s
parallel_a_ab_qss,"cvd:parallel_a_ab_qss:AB:full:bulk_as_surface:A=adn_2,B=idn_2",adn_2,,idn_2,pattern,mse,710,2.440739465838514e-06,7.98347358899271e-07,0.0008935028589205918,training_rmse_nm_s
parallel_a_ab_qss,"cvd:parallel_a_ab_qss:AB:full:bulk_as_surface:A=adn_2,B=idn_2",adn_2,,idn_2,pattern,mse,711,2.440831125396363e-06,7.98347358899271e-07,0.0008935028589205918,training_rmse_nm_s
parallel_a_ab_qss,"cvd:parallel_a_ab_qss:AB:full:bulk_as_surface:A=adn_2,B=idn_2",adn_2,,idn_2,pattern,mse,712,1.1651813885183084e-05,7.98347358899271e-07,0.0008935028589205918,training_rmse_nm_s
parallel_a_ab_qss,"cvd:parallel_a_ab_qss:AB:full:bulk_as_surface:A=adn_2,B=idn_2",adn_2,,idn_2,pattern,mse,713,2.072885409656328e-05,7.98347358899271e-07,0.0008935028589205918,training_rmse_nm_s
parallel_a_ab_qss,"cvd:parallel_a_ab_qss:AB:full:bulk_as_surface:A=adn_2,B=idn_2",adn_2,,idn_2,pattern,mse,714,4.703404547310575e-06,7.98347358899271e-07,0.0008935028589205918,training_rmse_nm_s
parallel_a_ab_qss,"cvd:parallel_a_ab_qss:AB:full:bulk_as_surface:A=adn_2,B=idn_2",adn_2,,idn_2,pattern,mse,715,1.1651729900276659e-05,7.98347358899271e-07,0.0008935028589205918,training_rmse_nm_s
parallel_a_ab_qss,"cvd:parallel_a_ab_qss:AB:full:bulk_as_surface:A=adn_2,B=idn_2",adn_2,,idn_2,pattern,mse,716,2.440739465838514e-06,7.98347358899271e-07,0.0008935028589205918,training_rmse_nm_s
parallel_a_ab_qss,"cvd:parallel_a_ab_qss:AB:full:bulk_as_surface:A=adn_2,B=idn_2",adn_2,,idn_2,pattern,mse,717,1.0249804427298984e-06,7.98347358899271e-07,0.0008935028589205918,training_rmse_nm_s
parallel_a_ab_qss,"cvd:parallel_a_ab_qss:AB:full:bulk_as_surface:A=adn_2,B=idn_2",adn_2,,idn_2,pattern,mse,718,6.017762571850276e-06,7.98347358899271e-07,0.0008935028589205918,training_rmse_nm_s
parallel_a_ab_qss,"cvd:parallel_a_ab_qss:AB:full:bulk_as_surface:A=adn_2,B=idn_2",adn_2,,idn_2,pattern,mse,719,2.2743964423614876e-06,7.98347358899271e-07,0.0008935028589205918,training_rmse_nm_s
parallel_a_ab_qss,"cvd:parallel_a_ab_qss:AB:full:bulk_as_surface:A=adn_2,B=idn_2",adn_2,,idn_2,pattern,mse,720,2.8842064794891685e-06,7.98347358899271e-07,0.0008935028589205918,training_rmse_nm_s
parallel_a_ab_qss,"cvd:parallel_a_ab_qss:AB:full:bulk_as_surface:A=adn_2,B=idn_2",adn_2,,idn_2,pattern,mse,721,2.075752898869845e-06,7.98347358899271e-07,0.0008935028589205918,training_rmse_nm_s
parallel_a_ab_qss,"cvd:parallel_a_ab_qss:AB:full:bulk_as_surface:A=adn_2,B=idn_2",adn_2,,idn_2,pattern,mse,722,2.4407981331896637e-06,7.98347358899271e-07,0.0008935028589205918,training_rmse_nm_s
parallel_a_ab_qss,"cvd:parallel_a_ab_qss:AB:full:bulk_as_surface:A=adn_2,B=idn_2",adn_2,,idn_2,pattern,mse,723,2.440831125396363e-06,7.98347358899271e-07,0.0008935028589205918,training_rmse_nm_s
parallel_a_ab_qss,"cvd:parallel_a_ab_qss:AB:full:bulk_as_surface:A=adn_2,B=idn_2",adn_2,,idn_2,pattern,mse,724,2.0757758895483774e-06,7.98347358899271e-07,0.0008935028589205918,training_rmse_nm_s
parallel_a_ab_qss,"cvd:parallel_a_ab_qss:AB:full:bulk_as_surface:A=adn_2,B=idn_2",adn_2,,idn_2,pattern,mse,725,2.2743964423614876e-06,7.98347358899271e-07,0.0008935028589205918,training_rmse_nm_s
parallel_a_ab_qss,"cvd:parallel_a_ab_qss:AB:full:bulk_as_surface:A=adn_2,B=idn_2",adn_2,,idn_2,pattern,mse,726,2.8842064794891685e-06,7.98347358899271e-07,0.0008935028589205918,training_rmse_nm_s
parallel_a_ab_qss,"cvd:parallel_a_ab_qss:AB:full:bulk_as_surface:A=adn_2,B=idn_2",adn_2,,idn_2,pattern,mse,727,2.075752898869845e-06,7.98347358899271e-07,0.0008935028589205918,training_rmse_nm_s
parallel_a_ab_qss,"cvd:parallel_a_ab_qss:AB:full:bulk_as_surface:A=adn_2,B=idn_2",adn_2,,idn_2,pattern,mse,728,2.4407981331896637e-06,7.98347358899271e-07,0.0008935028589205918,training_rmse_nm_s
parallel_a_ab_qss,"cvd:parallel_a_ab_qss:AB:full:bulk_as_surface:A=adn_2,B=idn_2",adn_2,,idn_2,pattern,mse,729,1.5071744736126723e-06,7.98347358899271e-07,0.0008935028589205918,training_rmse_nm_s
parallel_a_ab_qss,"cvd:parallel_a_ab_qss:AB:full:bulk_as_surface:A=adn_2,B=idn_2",adn_2,,idn_2,pattern,mse,730,1.1764159124300263e-06,7.98347358899271e-07,0.0008935028589205918,training_rmse_nm_s
parallel_a_ab_qss,"cvd:parallel_a_ab_qss:AB:full:bulk_as_surface:A=adn_2,B=idn_2",adn_2,,idn_2,pattern,mse,731,8.910027292319164e-07,7.98347358899271e-07,0.0008935028589205918,training_rmse_nm_s
parallel_a_ab_qss,"cvd:parallel_a_ab_qss:AB:full:bulk_as_surface:A=adn_2,B=idn_2",adn_2,,idn_2,pattern,mse,732,1.8421322453087874e-06,7.98347358899271e-07,0.0008935028589205918,training_rmse_nm_s
parallel_a_ab_qss,"cvd:parallel_a_ab_qss:AB:full:bulk_as_surface:A=adn_2,B=idn_2",adn_2,,idn_2,pattern,mse,733,1.3155811891127922e-06,7.98347358899271e-07,0.0008935028589205918,training_rmse_nm_s
parallel_a_ab_qss,"cvd:parallel_a_ab_qss:AB:full:bulk_as_surface:A=adn_2,B=idn_2",adn_2,,idn_2,pattern,mse,734,1.12906041987218e-06,7.98347358899271e-07,0.0008935028589205918,training_rmse_nm_s
parallel_a_ab_qss,"cvd:parallel_a_ab_qss:AB:full:bulk_as_surface:A=adn_2,B=idn_2",adn_2,,idn_2,pattern,mse,735,1.1290722227336942e-06,7.98347358899271e-07,0.0008935028589205918,training_rmse_nm_s
parallel_a_ab_qss,"cvd:parallel_a_ab_qss:AB:full:bulk_as_surface:A=adn_2,B=idn_2",adn_2,,idn_2,pattern,mse,736,1.3155866343614808e-06,7.98347358899271e-07,0.0008935028589205918,training_rmse_nm_s
parallel_a_ab_qss,"cvd:parallel_a_ab_qss:AB:full:bulk_as_surface:A=adn_2,B=idn_2",adn_2,,idn_2,pattern,mse,737,2.2743964423614876e-06,7.98347358899271e-07,0.0008935028589205918,training_rmse_nm_s
parallel_a_ab_qss,"cvd:parallel_a_ab_qss:AB:full:bulk_as_surface:A=adn_2,B=idn_2",adn_2,,idn_2,pattern,mse,738,1.0249804427298984e-06,7.98347358899271e-07,0.0008935028589205918,training_rmse_nm_s
parallel_a_ab_qss,"cvd:parallel_a_ab_qss:AB:full:bulk_as_surface:A=adn_2,B=idn_2",adn_2,,idn_2,pattern,mse,739,1.3155811891127922e-06,7.98347358899271e-07,0.0008935028589205918,training_rmse_nm_s
parallel_a_ab_qss,"cvd:parallel_a_ab_qss:AB:full:bulk_as_surface:A=adn_2,B=idn_2",adn_2,,idn_2,pattern,mse,740,1.12906041987218e-06,7.98347358899271e-07,0.0008935028589205918,training_rmse_nm_s
parallel_a_ab_qss,"cvd:parallel_a_ab_qss:AB:full:bulk_as_surface:A=adn_2,B=idn_2",adn_2,,idn_2,pattern,mse,741,9.372560051513566e-07,7.98347358899271e-07,0.0008935028589205918,training_rmse_nm_s
parallel_a_ab_qss,"cvd:parallel_a_ab_qss:AB:full:bulk_as_surface:A=adn_2,B=idn_2",adn_2,,idn_2,pattern,mse,742,1.0115554797154586e-06,7.98347358899271e-07,0.0008935028589205918,training_rmse_nm_s
parallel_a_ab_qss,"cvd:parallel_a_ab_qss:AB:full:bulk_as_surface:A=adn_2,B=idn_2",adn_2,,idn_2,pattern,mse,743,1.320783775778568e-06,7.98347358899271e-07,0.0008935028589205918,training_rmse_nm_s
parallel_a_ab_qss,"cvd:parallel_a_ab_qss:AB:full:bulk_as_surface:A=adn_2,B=idn_2",adn_2,,idn_2,pattern,mse,744,8.314564175678581e-07,7.98347358899271e-07,0.0008935028589205918,training_rmse_nm_s
parallel_a_ab_qss,"cvd:parallel_a_ab_qss:AB:full:bulk_as_surface:A=adn_2,B=idn_2",adn_2,,idn_2,pattern,mse,745,8.807811855352379e-07,7.98347358899271e-07,0.0008935028589205918,training_rmse_nm_s
parallel_a_ab_qss,"cvd:parallel_a_ab_qss:AB:full:bulk_as_surface:A=adn_2,B=idn_2",adn_2,,idn_2,pattern,mse,746,9.450299891802656e-07,7.98347358899271e-07,0.0008935028589205918,training_rmse_nm_s
parallel_a_ab_qss,"cvd:parallel_a_ab_qss:AB:full:bulk_as_surface:A=adn_2,B=idn_2",adn_2,,idn_2,pattern,mse,747,9.45032099057566e-07,7.98347358899271e-07,0.0008935028589205918,training_rmse_nm_s
parallel_a_ab_qss,"cvd:parallel_a_ab_qss:AB:full:bulk_as_surface:A=adn_2,B=idn_2",adn_2,,idn_2,pattern,mse,748,8.807829509520804e-07,7.98347358899271e-07,0.0008935028589205918,training_rmse_nm_s
parallel_a_ab_qss,"cvd:parallel_a_ab_qss:AB:full:bulk_as_surface:A=adn_2,B=idn_2",adn_2,,idn_2,pattern,mse,749,8.910027292319164e-07,7.98347358899271e-07,0.0008935028589205918,training_rmse_nm_s
parallel_a_ab_qss,"cvd:parallel_a_ab_qss:AB:full:bulk_as_surface:A=adn_2,B=idn_2",adn_2,,idn_2,pattern,mse,750,1.0249804427298984e-06,7.98347358899271e-07,0.0008935028589205918,training_rmse_nm_s
parallel_a_ab_qss,"cvd:parallel_a_ab_qss:AB:full:bulk_as_surface:A=adn_2,B=idn_2",adn_2,,idn_2,pattern,mse,751,8.807811855352379e-07,7.98347358899271e-07,0.0008935028589205918,training_rmse_nm_s
parallel_a_ab_qss,"cvd:parallel_a_ab_qss:AB:full:bulk_as_surface:A=adn_2,B=idn_2",adn_2,,idn_2,pattern,mse,752,9.450299891802656e-07,7.98347358899271e-07,0.0008935028589205918,training_rmse_nm_s
parallel_a_ab_qss,"cvd:parallel_a_ab_qss:AB:full:bulk_as_surface:A=adn_2,B=idn_2",adn_2,,idn_2,pattern,mse,753,8.691474852932914e-07,7.98347358899271e-07,0.0008935028589205918,training_rmse_nm_s
parallel_a_ab_qss,"cvd:parallel_a_ab_qss:AB:full:bulk_as_surface:A=adn_2,B=idn_2",adn_2,,idn_2,pattern,mse,754,8.345605634389494e-07,7.98347358899271e-07,0.0008935028589205918,training_rmse_nm_s
parallel_a_ab_qss,"cvd:parallel_a_ab_qss:AB:full:bulk_as_surface:A=adn_2,B=idn_2",adn_2,,idn_2,pattern,mse,755,8.23036040908579e-07,7.98347358899271e-07,0.0008935028589205918,training_rmse_nm_s
parallel_a_ab_qss,"cvd:parallel_a_ab_qss:AB:full:bulk_as_surface:A=adn_2,B=idn_2",adn_2,,idn_2,pattern,mse,756,9.026911835168208e-07,7.98347358899271e-07,0.0008935028589205918,training_rmse_nm_s
parallel_a_ab_qss,"cvd:parallel_a_ab_qss:AB:full:bulk_as_surface:A=adn_2,B=idn_2",adn_2,,idn_2,pattern,mse,757,8.431197959484985e-07,7.98347358899271e-07,0.0008935028589205918,training_rmse_nm_s
parallel_a_ab_qss,"cvd:parallel_a_ab_qss:AB:full:bulk_as_surface:A=adn_2,B=idn_2",adn_2,,idn_2,pattern,mse,758,8.442192286784605e-07,7.98347358899271e-07,0.0008935028589205918,training_rmse_nm_s
parallel_a_ab_qss,"cvd:parallel_a_ab_qss:AB:full:bulk_as_surface:A=adn_2,B=idn_2",adn_2,,idn_2,pattern,mse,759,8.442199794497387e-07,7.98347358899271e-07,0.0008935028589205918,training_rmse_nm_s
parallel_a_ab_qss,"cvd:parallel_a_ab_qss:AB:full:bulk_as_surface:A=adn_2,B=idn_2",adn_2,,idn_2,pattern,mse,760,8.431200667696618e-07,7.98347358899271e-07,0.0008935028589205918,training_rmse_nm_s
parallel_a_ab_qss,"cvd:parallel_a_ab_qss:AB:full:bulk_as_surface:A=adn_2,B=idn_2",adn_2,,idn_2,pattern,mse,761,8.910027292319164e-07,7.98347358899271e-07,0.0008935028589205918,training_rmse_nm_s
parallel_a_ab_qss,"cvd:parallel_a_ab_qss:AB:full:bulk_as_surface:A=adn_2,B=idn_2",adn_2,,idn_2,pattern,mse,762,8.314564175678581e-07,7.98347358899271e-07,0.0008935028589205918,training_rmse_nm_s
parallel_a_ab_qss,"cvd:parallel_a_ab_qss:AB:full:bulk_as_surface:A=adn_2,B=idn_2",adn_2,,idn_2,pattern,mse,763,8.431197959484985e-07,7.98347358899271e-07,0.0008935028589205918,training_rmse_nm_s
parallel_a_ab_qss,"cvd:parallel_a_ab_qss:AB:full:bulk_as_surface:A=adn_2,B=idn_2",adn_2,,idn_2,pattern,mse,764,8.442192286784605e-07,7.98347358899271e-07,0.0008935028589205918,training_rmse_nm_s
parallel_a_ab_qss,"cvd:parallel_a_ab_qss:AB:full:bulk_as_surface:A=adn_2,B=idn_2",adn_2,,idn_2,pattern,mse,765,8.286246587448327e-07,7.98347358899271e-07,0.0008935028589205918,training_rmse_nm_s
parallel_a_ab_qss,"cvd:parallel_a_ab_qss:AB:full:bulk_as_surface:A=adn_2,B=idn_2",adn_2,,idn_2,pattern,mse,766,8.277688363281161e-07,7.98347358899271e-07,0.0008935028589205918,training_rmse_nm_s
parallel_a_ab_qss,"cvd:parallel_a_ab_qss:AB:full:bulk_as_surface:A=adn_2,B=idn_2",adn_2,,idn_2,pattern,mse,767,8.465460295849043e-07,7.98347358899271e-07,0.0008935028589205918,training_rmse_nm_s
parallel_a_ab_qss,"cvd:parallel_a_ab_qss:AB:full:bulk_as_surface:A=adn_2,B=idn_2",adn_2,,idn_2,pattern,mse,768,8.185911058004285e-07,7.98347358899271e-07,0.0008935028589205918,training_rmse_nm_s
parallel_a_ab_qss,"cvd:parallel_a_ab_qss:AB:full:bulk_as_surface:A=adn_2,B=idn_2",adn_2,,idn_2,pattern,mse,769,8.190358565187102e-07,7.98347358899271e-07,0.0008935028589205918,training_rmse_nm_s
parallel_a_ab_qss,"cvd:parallel_a_ab_qss:AB:full:bulk_as_surface:A=adn_2,B=idn_2",adn_2,,idn_2,pattern,mse,770,8.284074069734087e-07,7.98347358899271e-07,0.0008935028589205918,training_rmse_nm_s
parallel_a_ab_qss,"cvd:parallel_a_ab_qss:AB:full:bulk_as_surface:A=adn_2,B=idn_2",adn_2,,idn_2,pattern,mse,771,8.284075910929091e-07,7.98347358899271e-07,0.0008935028589205918,training_rmse_nm_s
parallel_a_ab_qss,"cvd:parallel_a_ab_qss:AB:full:bulk_as_surface:A=adn_2,B=idn_2",adn_2,,idn_2,pattern,mse,772,8.19035921087827e-07,7.98347358899271e-07,0.0008935028589205918,training_rmse_nm_s
parallel_a_ab_qss,"cvd:parallel_a_ab_qss:AB:full:bulk_as_surface:A=adn_2,B=idn_2",adn_2,,idn_2,pattern,mse,773,8.23036040908579e-07,7.98347358899271e-07,0.0008935028589205918,training_rmse_nm_s
parallel_a_ab_qss,"cvd:parallel_a_ab_qss:AB:full:bulk_as_surface:A=adn_2,B=idn_2",adn_2,,idn_2,pattern,mse,774,8.314564175678581e-07,7.98347358899271e-07,0.0008935028589205918,training_rmse_nm_s
parallel_a_ab_qss,"cvd:parallel_a_ab_qss:AB:full:bulk_as_surface:A=adn_2,B=idn_2",adn_2,,idn_2,pattern,mse,775,8.190358565187102e-07,7.98347358899271e-07,0.0008935028589205918,training_rmse_nm_s
parallel_a_ab_qss,"cvd:parallel_a_ab_qss:AB:full:bulk_as_surface:A=adn_2,B=idn_2",adn_2,,idn_2,pattern,mse,776,8.284074069734087e-07,7.98347358899271e-07,0.0008935028589205918,training_rmse_nm_s
parallel_a_ab_qss,"cvd:parallel_a_ab_qss:AB:full:bulk_as_surface:A=adn_2,B=idn_2",adn_2,,idn_2,pattern,mse,777,8.222360608338963e-07,7.98347358899271e-07,0.0008935028589205918,training_rmse_nm_s
parallel_a_ab_qss,"cvd:parallel_a_ab_qss:AB:full:bulk_as_surface:A=adn_2,B=idn_2",adn_2,,idn_2,pattern,mse,778,8.175117503603373e-07,7.98347358899271e-07,0.0008935028589205918,training_rmse_nm_s
parallel_a_ab_qss,"cvd:parallel_a_ab_qss:AB:full:bulk_as_surface:A=adn_2,B=idn_2",adn_2,,idn_2,pattern,mse,779,8.185228611781073e-07,7.98347358899271e-07,0.0008935028589205918,training_rmse_nm_s
parallel_a_ab_qss,"cvd:parallel_a_ab_qss:AB:full:bulk_as_surface:A=adn_2,B=idn_2",adn_2,,idn_2,pattern,mse,780,8.208442032120488e-07,7.98347358899271e-07,0.0008935028589205918,training_rmse_nm_s
parallel_a_ab_qss,"cvd:parallel_a_ab_qss:AB:full:bulk_as_surface:A=adn_2,B=idn_2",adn_2,,idn_2,pattern,mse,781,8.190358885126468e-07,7.98347358899271e-07,0.0008935028589205918,training_rmse_nm_s
parallel_a_ab_qss,"cvd:parallel_a_ab_qss:AB:full:bulk_as_surface:A=adn_2,B=idn_2",adn_2,,idn_2,pattern,mse,782,8.185910765598402e-07,7.98347358899271e-07,0.0008935028589205918,training_rmse_nm_s
parallel_a_ab_qss,"cvd:parallel_a_ab_qss:AB:full:bulk_as_surface:A=adn_2,B=idn_2",adn_2,,idn_2,pattern,mse,783,8.185911058004285e-07,7.98347358899271e-07,0.0008935028589205918,training_rmse_nm_s
parallel_a_ab_qss,"cvd:parallel_a_ab_qss:AB:full:bulk_as_surface:A=adn_2,B=idn_2",adn_2,,idn_2,pattern,mse,784,8.19035921087827e-07,7.98347358899271e-07,0.0008935028589205918,training_rmse_nm_s
parallel_a_ab_qss,"cvd:parallel_a_ab_qss:AB:full:bulk_as_surface:A=adn_2,B=idn_2",adn_2,,idn_2,pattern,mse,785,8.185228611781073e-07,7.98347358899271e-07,0.0008935028589205918,training_rmse_nm_s
parallel_a_ab_qss,"cvd:parallel_a_ab_qss:AB:full:bulk_as_surface:A=adn_2,B=idn_2",adn_2,,idn_2,pattern,mse,786,8.208442032120488e-07,7.98347358899271e-07,0.0008935028589205918,training_rmse_nm_s
parallel_a_ab_qss,"cvd:parallel_a_ab_qss:AB:full:bulk_as_surface:A=adn_2,B=idn_2",adn_2,,idn_2,pattern,mse,787,8.190358885126468e-07,7.98347358899271e-07,0.0008935028589205918,training_rmse_nm_s
parallel_a_ab_qss,"cvd:parallel_a_ab_qss:AB:full:bulk_as_surface:A=adn_2,B=idn_2",adn_2,,idn_2,pattern,mse,788,8.185910765598402e-07,7.98347358899271e-07,0.0008935028589205918,training_rmse_nm_s
langmuir_hinshelwood_qss,"cvd:langmuir_hinshelwood_qss:AB:full:bulk_as_surface:A=adn_2,B=idn_2",adn_2,,idn_2,pattern,mse,1,2.3109100339151577e-05,2.3109100339151577e-05,0.004807192563144478,training_rmse_nm_s
langmuir_hinshelwood_qss,"cvd:langmuir_hinshelwood_qss:AB:full:bulk_as_surface:A=adn_2,B=idn_2",adn_2,,idn_2,pattern,mse,2,2.3097937868845004e-05,2.3097937868845004e-05,0.0048060314053119755,training_rmse_nm_s
langmuir_hinshelwood_qss,"cvd:langmuir_hinshelwood_qss:AB:full:bulk_as_surface:A=adn_2,B=idn_2",adn_2,,idn_2,pattern,mse,3,2.4854369306903665e-05,2.3097937868845004e-05,0.0048060314053119755,training_rmse_nm_s
langmuir_hinshelwood_qss,"cvd:langmuir_hinshelwood_qss:AB:full:bulk_as_surface:A=adn_2,B=idn_2",adn_2,,idn_2,pattern,mse,4,0.000204306785100707,2.3097937868845004e-05,0.0048060314053119755,training_rmse_nm_s
langmuir_hinshelwood_qss,"cvd:langmuir_hinshelwood_qss:AB:full:bulk_as_surface:A=adn_2,B=idn_2",adn_2,,idn_2,pattern,mse,5,0.00020436915592941918,2.3097937868845004e-05,0.0048060314053119755,training_rmse_nm_s
langmuir_hinshelwood_qss,"cvd:langmuir_hinshelwood_qss:AB:full:bulk_as_surface:A=adn_2,B=idn_2",adn_2,,idn_2,pattern,mse,6,2.30004712254834e-05,2.30004712254834e-05,0.004795880651713864,training_rmse_nm_s
langmuir_hinshelwood_qss,"cvd:langmuir_hinshelwood_qss:AB:full:bulk_as_surface:A=adn_2,B=idn_2",adn_2,,idn_2,pattern,mse,7,2.2989329918706222e-05,2.2989329918706222e-05,0.004794718961389314,training_rmse_nm_s
langmuir_hinshelwood_qss,"cvd:langmuir_hinshelwood_qss:AB:full:bulk_as_surface:A=adn_2,B=idn_2",adn_2,,idn_2,pattern,mse,8,2.4834055014831598e-05,2.2989329918706222e-05,0.004794718961389314,training_rmse_nm_s
langmuir_hinshelwood_qss,"cvd:langmuir_hinshelwood_qss:AB:full:bulk_as_surface:A=adn_2,B=idn_2",adn_2,,idn_2,pattern,mse,9,0.00020430679149583314,2.2989329918706222e-05,0.004794718961389314,training_rmse_nm_s
langmuir_hinshelwood_qss,"cvd:langmuir_hinshelwood_qss:AB:full:bulk_as_surface:A=adn_2,B=idn_2",adn_2,,idn_2,pattern,mse,10,0.00020436915593005916,2.2989329918706222e-05,0.004794718961389314,training_rmse_nm_s
langmuir_hinshelwood_qss,"cvd:langmuir_hinshelwood_qss:AB:full:bulk_as_surface:A=adn_2,B=idn_2",adn_2,,idn_2,pattern,mse,11,0.0032459403336374602,2.2989329918706222e-05,0.004794718961389314,training_rmse_nm_s
langmuir_hinshelwood_qss,"cvd:langmuir_hinshelwood_qss:AB:full:bulk_as_surface:A=adn_2,B=idn_2",adn_2,,idn_2,pattern,mse,12,0.0032457133249408922,2.2989329918706222e-05,0.004794718961389314,training_rmse_nm_s
langmuir_hinshelwood_qss,"cvd:langmuir_hinshelwood_qss:AB:full:bulk_as_surface:A=adn_2,B=idn_2",adn_2,,idn_2,pattern,mse,13,0.0018046201496456828,2.2989329918706222e-05,0.004794718961389314,training_rmse_nm_s
langmuir_hinshelwood_qss,"cvd:langmuir_hinshelwood_qss:AB:full:bulk_as_surface:A=adn_2,B=idn_2",adn_2,,idn_2,pattern,mse,14,0.00020437095065092606,2.2989329918706222e-05,0.004794718961389314,training_rmse_nm_s
langmuir_hinshelwood_qss,"cvd:langmuir_hinshelwood_qss:AB:full:bulk_as_surface:A=adn_2,B=idn_2",adn_2,,idn_2,pattern,mse,15,0.0002043691623282511,2.2989329918706222e-05,0.004794718961389314,training_rmse_nm_s
langmuir_hinshelwood_qss,"cvd:langmuir_hinshelwood_qss:AB:full:bulk_as_surface:A=adn_2,B=idn_2",adn_2,,idn_2,pattern,mse,16,0.0073964935059981935,2.2989329918706222e-05,0.004794718961389314,training_rmse_nm_s
langmuir_hinshelwood_qss,"cvd:langmuir_hinshelwood_qss:AB:full:bulk_as_surface:A=adn_2,B=idn_2",adn_2,,idn_2,pattern,mse,17,0.007396493438274894,2.2989329918706222e-05,0.004794718961389314,training_rmse_nm_s
langmuir_hinshelwood_qss,"cvd:langmuir_hinshelwood_qss:AB:full:bulk_as_surface:A=adn_2,B=idn_2",adn_2,,idn_2,pattern,mse,18,0.007395816255877948,2.2989329918706222e-05,0.004794718961389314,training_rmse_nm_s
langmuir_hinshelwood_qss,"cvd:langmuir_hinshelwood_qss:AB:full:bulk_as_surface:A=adn_2,B=idn_2",adn_2,,idn_2,pattern,mse,19,0.0035230076521168482,2.2989329918706222e-05,0.004794718961389314,training_rmse_nm_s
langmuir_hinshelwood_qss,"cvd:langmuir_hinshelwood_qss:AB:full:bulk_as_surface:A=adn_2,B=idn_2",adn_2,,idn_2,pattern,mse,20,0.00020443335217512902,2.2989329918706222e-05,0.004794718961389314,training_rmse_nm_s
langmuir_hinshelwood_qss,"cvd:langmuir_hinshelwood_qss:AB:full:bulk_as_surface:A=adn_2,B=idn_2",adn_2,,idn_2,pattern,mse,21,0.007397167362548017,2.2989329918706222e-05,0.004794718961389314,training_rmse_nm_s
langmuir_hinshelwood_qss,"cvd:langmuir_hinshelwood_qss:AB:full:bulk_as_surface:A=adn_2,B=idn_2",adn_2,,idn_2,pattern,mse,22,0.007397167362541245,2.2989329918706222e-05,0.004794718961389314,training_rmse_nm_s
langmuir_hinshelwood_qss,"cvd:langmuir_hinshelwood_qss:AB:full:bulk_as_surface:A=adn_2,B=idn_2",adn_2,,idn_2,pattern,mse,23,0.007397167294809573,2.2989329918706222e-05,0.004794718961389314,training_rmse_nm_s
langmuir_hinshelwood_qss,"cvd:langmuir_hinshelwood_qss:AB:full:bulk_as_surface:A=adn_2,B=idn_2",adn_2,,idn_2,pattern,mse,24,0.007396490028696344,2.2989329918706222e-05,0.004794718961389314,training_rmse_nm_s
langmuir_hinshelwood_qss,"cvd:langmuir_hinshelwood_qss:AB:full:bulk_as_surface:A=adn_2,B=idn_2",adn_2,,idn_2,pattern,mse,25,0.003523269652600125,2.2989329918706222e-05,0.004794718961389314,training_rmse_nm_s
langmuir_hinshelwood_qss,"cvd:langmuir_hinshelwood_qss:AB:full:bulk_as_surface:A=adn_2,B=idn_2",adn_2,,idn_2,pattern,mse,26,2.310791192424963e-05,2.2989329918706222e-05,0.004794718961389314,training_rmse_nm_s
langmuir_hinshelwood_qss,"cvd:langmuir_hinshelwood_qss:AB:full:bulk_as_surface:A=adn_2,B=idn_2",adn_2,,idn_2,pattern,mse,27,2.309686021066958e-05,2.2989329918706222e-05,0.004794718961389314,training_rmse_nm_s
langmuir_hinshelwood_qss,"cvd:langmuir_hinshelwood_qss:AB:full:bulk_as_surface:A=adn_2,B=idn_2",adn_2,,idn_2,pattern,mse,28,2.202086654631195e-05,2.202086654631195e-05,0.004692639613939254,training_rmse_nm_s
langmuir_hinshelwood_qss,"cvd:langmuir_hinshelwood_qss:AB:full:bulk_as_surface:A=adn_2,B=idn_2",adn_2,,idn_2,pattern,mse,29,2.300036088624917e-05,2.202086654631195e-05,0.004692639613939254,training_rmse_nm_s
langmuir_hinshelwood_qss,"cvd:langmuir_hinshelwood_qss:AB:full:bulk_as_surface:A=adn_2,B=idn_2",adn_2,,idn_2,pattern,mse,30,2.2989329918706222e-05,2.202086654631195e-05,0.004692639613939254,training_rmse_nm_s
langmuir_hinshelwood_qss,"cvd:langmuir_hinshelwood_qss:AB:full:bulk_as_surface:A=adn_2,B=idn_2",adn_2,,idn_2,pattern,mse,31,2.1915385991925803e-05,2.1915385991925803e-05,0.0046813871867135495,training_rmse_nm_s
langmuir_hinshelwood_qss,"cvd:langmuir_hinshelwood_qss:AB:full:bulk_as_surface:A=adn_2,B=idn_2",adn_2,,idn_2,pattern,mse,32,1.4551553184417751e-05,1.4551553184417751e-05,0.003814649811505343,training_rmse_nm_s
langmuir_hinshelwood_qss,"cvd:langmuir_hinshelwood_qss:AB:full:bulk_as_surface:A=adn_2,B=idn_2",adn_2,,idn_2,pattern,mse,33,1.4542143703549657e-05,1.4542143703549657e-05,0.003813416277244022,training_rmse_nm_s
langmuir_hinshelwood_qss,"cvd:langmuir_hinshelwood_qss:AB:full:bulk_as_surface:A=adn_2,B=idn_2",adn_2,,idn_2,pattern,mse,34,1.3628514231785789e-05,1.3628514231785789e-05,0.0036916817619867762,training_rmse_nm_s
langmuir_hinshelwood_qss,"cvd:langmuir_hinshelwood_qss:AB:full:bulk_as_surface:A=adn_2,B=idn_2",adn_2,,idn_2,pattern,mse,35,2.1934789433641562e-05,1.3628514231785789e-05,0.0036916817619867762,training_rmse_nm_s
langmuir_hinshelwood_qss,"cvd:langmuir_hinshelwood_qss:AB:full:bulk_as_surface:A=adn_2,B=idn_2",adn_2,,idn_2,pattern,mse,36,2.0977402084360618e-05,1.3628514231785789e-05,0.0036916817619867762,training_rmse_nm_s
langmuir_hinshelwood_qss,"cvd:langmuir_hinshelwood_qss:AB:full:bulk_as_surface:A=adn_2,B=idn_2",adn_2,,idn_2,pattern,mse,37,1.3679946181825858e-05,1.3628514231785789e-05,0.0036916817619867762,training_rmse_nm_s
langmuir_hinshelwood_qss,"cvd:langmuir_hinshelwood_qss:AB:full:bulk_as_surface:A=adn_2,B=idn_2",adn_2,,idn_2,pattern,mse,38,1.4456854273226884e-05,1.3628514231785789e-05,0.0036916817619867762,training_rmse_nm_s
langmuir_hinshelwood_qss,"cvd:langmuir_hinshelwood_qss:AB:full:bulk_as_surface:A=adn_2,B=idn_2",adn_2,,idn_2,pattern,mse,39,1.3628514231785789e-05,1.3628514231785789e-05,0.0036916817619867762,training_rmse_nm_s
langmuir_hinshelwood_qss,"cvd:langmuir_hinshelwood_qss:AB:full:bulk_as_surface:A=adn_2,B=idn_2",adn_2,,idn_2,pattern,mse,40,7.4885145125460395e-06,7.4885145125460395e-06,0.0027365150305719206,training_rmse_nm_s
langmuir_hinshelwood_qss,"cvd:langmuir_hinshelwood_qss:AB:full:bulk_as_surface:A=adn_2,B=idn_2",adn_2,,idn_2,pattern,mse,41,0.00010599428544521888,7.4885145125460395e-06,0.0027365150305719206,training_rmse_nm_s
langmuir_hinshelwood_qss,"cvd:langmuir_hinshelwood_qss:AB:full:bulk_as_surface:A=adn_2,B=idn_2",adn_2,,idn_2,pattern,mse,42,0.00010380421753621629,7.4885145125460395e-06,0.0027365150305719206,training_rmse_nm_s
langmuir_hinshelwood_qss,"cvd:langmuir_hinshelwood_qss:AB:full:bulk_as_surface:A=adn_2,B=idn_2",adn_2,,idn_2,pattern,mse,43,8.580935534884198e-05,7.4885145125460395e-06,0.0027365150305719206,training_rmse_nm_s
langmuir_hinshelwood_qss,"cvd:langmuir_hinshelwood_qss:AB:full:bulk_as_surface:A=adn_2,B=idn_2",adn_2,,idn_2,pattern,mse,44,1.6847625911171298e-05,7.4885145125460395e-06,0.0027365150305719206,training_rmse_nm_s
langmuir_hinshelwood_qss,"cvd:langmuir_hinshelwood_qss:AB:full:bulk_as_surface:A=adn_2,B=idn_2",adn_2,,idn_2,pattern,mse,45,1.190979330055988e-05,7.4885145125460395e-06,0.0027365150305719206,training_rmse_nm_s
langmuir_hinshelwood_qss,"cvd:langmuir_hinshelwood_qss:AB:full:bulk_as_surface:A=adn_2,B=idn_2",adn_2,,idn_2,pattern,mse,46,6.3700017025559895e-06,6.3700017025559895e-06,0.002523886230113392,training_rmse_nm_s
langmuir_hinshelwood_qss,"cvd:langmuir_hinshelwood_qss:AB:full:bulk_as_surface:A=adn_2,B=idn_2",adn_2,,idn_2,pattern,mse,47,1.1812980176004824e-05,6.3700017025559895e-06,0.002523886230113392,training_rmse_nm_s
langmuir_hinshelwood_qss,"cvd:langmuir_hinshelwood_qss:AB:full:bulk_as_surface:A=adn_2,B=idn_2",adn_2,,idn_2,pattern,mse,48,7.4885145125460395e-06,6.3700017025559895e-06,0.002523886230113392,training_rmse_nm_s
langmuir_hinshelwood_qss,"cvd:langmuir_hinshelwood_qss:AB:full:bulk_as_surface:A=adn_2,B=idn_2",adn_2,,idn_2,pattern,mse,49,3.3982847886989254e-06,3.3982847886989254e-06,0.0018434437308198278,training_rmse_nm_s
langmuir_hinshelwood_qss,"cvd:langmuir_hinshelwood_qss:AB:full:bulk_as_surface:A=adn_2,B=idn_2",adn_2,,idn_2,pattern,mse,50,8.418609348105153e-06,3.3982847886989254e-06,0.0018434437308198278,training_rmse_nm_s
langmuir_hinshelwood_qss,"cvd:langmuir_hinshelwood_qss:AB:full:bulk_as_surface:A=adn_2,B=idn_2",adn_2,,idn_2,pattern,mse,51,4.573069631036415e-06,3.3982847886989254e-06,0.0018434437308198278,training_rmse_nm_s
langmuir_hinshelwood_qss,"cvd:langmuir_hinshelwood_qss:AB:full:bulk_as_surface:A=adn_2,B=idn_2",adn_2,,idn_2,pattern,mse,52,1.7957550083582387e-06,1.7957550083582387e-06,0.001340057837691433,training_rmse_nm_s
langmuir_hinshelwood_qss,"cvd:langmuir_hinshelwood_qss:AB:full:bulk_as_surface:A=adn_2,B=idn_2",adn_2,,idn_2,pattern,mse,53,2.1420525712662616e-06,1.7957550083582387e-06,0.001340057837691433,training_rmse_nm_s
langmuir_hinshelwood_qss,"cvd:langmuir_hinshelwood_qss:AB:full:bulk_as_surface:A=adn_2,B=idn_2",adn_2,,idn_2,pattern,mse,54,1.4917941295638781e-06,1.4917941295638781e-06,0.0012213902445835558,training_rmse_nm_s
langmuir_hinshelwood_qss,"cvd:langmuir_hinshelwood_qss:AB:full:bulk_as_surface:A=adn_2,B=idn_2",adn_2,,idn_2,pattern,mse,55,6.72844401046959e-06,1.4917941295638781e-06,0.0012213902445835558,training_rmse_nm_s
langmuir_hinshelwood_qss,"cvd:langmuir_hinshelwood_qss:AB:full:bulk_as_surface:A=adn_2,B=idn_2",adn_2,,idn_2,pattern,mse,56,2.2520884403935997e-06,1.4917941295638781e-06,0.0012213902445835558,training_rmse_nm_s
langmuir_hinshelwood_qss,"cvd:langmuir_hinshelwood_qss:AB:full:bulk_as_surface:A=adn_2,B=idn_2",adn_2,,idn_2,pattern,mse,57,1.7957550083582387e-06,1.4917941295638781e-06,0.0012213902445835558,training_rmse_nm_s
langmuir_hinshelwood_qss,"cvd:langmuir_hinshelwood_qss:AB:full:bulk_as_surface:A=adn_2,B=idn_2",adn_2,,idn_2,pattern,mse,58,7.346940009097452e-06,1.4917941295638781e-06,0.0012213902445835558,training_rmse_nm_s
langmuir_hinshelwood_qss,"cvd:langmuir_hinshelwood_qss:AB:full:bulk_as_surface:A=adn_2,B=idn_2",adn_2,,idn_2,pattern,mse,59,1.5668161535400036e-05,1.4917941295638781e-06,0.0012213902445835558,training_rmse_nm_s
langmuir_hinshelwood_qss,"cvd:langmuir_hinshelwood_qss:AB:full:bulk_as_surface:A=adn_2,B=idn_2",adn_2,,idn_2,pattern,mse,60,1.309372660709228e-05,1.4917941295638781e-06,0.0012213902445835558,training_rmse_nm_s
langmuir_hinshelwood_qss,"cvd:langmuir_hinshelwood_qss:AB:full:bulk_as_surface:A=adn_2,B=idn_2",adn_2,,idn_2,pattern,mse,61,1.6231040646254796e-05,1.4917941295638781e-06,0.0012213902445835558,training_rmse_nm_s
langmuir_hinshelwood_qss,"cvd:langmuir_hinshelwood_qss:AB:full:bulk_as_surface:A=adn_2,B=idn_2",adn_2,,idn_2,pattern,mse,62,2.4562227087700026e-06,1.4917941295638781e-06,0.0012213902445835558,training_rmse_nm_s
langmuir_hinshelwood_qss,"cvd:langmuir_hinshelwood_qss:AB:full:bulk_as_surface:A=adn_2,B=idn_2",adn_2,,idn_2,pattern,mse,63,2.3922407855881185e-06,1.4917941295638781e-06,0.0012213902445835558,training_rmse_nm_s
langmuir_hinshelwood_qss,"cvd:langmuir_hinshelwood_qss:AB:full:bulk_as_surface:A=adn_2,B=idn_2",adn_2,,idn_2,pattern,mse,64,3.7526679668776326e-06,1.4917941295638781e-06,0.0012213902445835558,training_rmse_nm_s
langmuir_hinshelwood_qss,"cvd:langmuir_hinshelwood_qss:AB:full:bulk_as_surface:A=adn_2,B=idn_2",adn_2,,idn_2,pattern,mse,65,1.3928246740483602e-06,1.3928246740483602e-06,0.0011801799329120794,training_rmse_nm_s
langmuir_hinshelwood_qss,"cvd:langmuir_hinshelwood_qss:AB:full:bulk_as_surface:A=adn_2,B=idn_2",adn_2,,idn_2,pattern,mse,66,1.4917941295638781e-06,1.3928246740483602e-06,0.0011801799329120794,training_rmse_nm_s
langmuir_hinshelwood_qss,"cvd:langmuir_hinshelwood_qss:AB:full:bulk_as_surface:A=adn_2,B=idn_2",adn_2,,idn_2,pattern,mse,67,3.0372988535822908e-06,1.3928246740483602e-06,0.0011801799329120794,training_rmse_nm_s
langmuir_hinshelwood_qss,"cvd:langmuir_hinshelwood_qss:AB:full:bulk_as_surface:A=adn_2,B=idn_2",adn_2,,idn_2,pattern,mse,68,8.387999835717922e-07,8.387999835717922e-07,0.0009158602423796942,training_rmse_nm_s
langmuir_hinshelwood_qss,"cvd:langmuir_hinshelwood_qss:AB:full:bulk_as_surface:A=adn_2,B=idn_2",adn_2,,idn_2,pattern,mse,69,1.0569371919541573e-06,8.387999835717922e-07,0.0009158602423796942,training_rmse_nm_s
langmuir_hinshelwood_qss,"cvd:langmuir_hinshelwood_qss:AB:full:bulk_as_surface:A=adn_2,B=idn_2",adn_2,,idn_2,pattern,mse,70,2.7420507147953742e-06,8.387999835717922e-07,0.0009158602423796942,training_rmse_nm_s
langmuir_hinshelwood_qss,"cvd:langmuir_hinshelwood_qss:AB:full:bulk_as_surface:A=adn_2,B=idn_2",adn_2,,idn_2,pattern,mse,71,1.2845944283106246e-06,8.387999835717922e-07,0.0009158602423796942,training_rmse_nm_s
langmuir_hinshelwood_qss,"cvd:langmuir_hinshelwood_qss:AB:full:bulk_as_surface:A=adn_2,B=idn_2",adn_2,,idn_2,pattern,mse,72,1.0145428447514008e-06,8.387999835717922e-07,0.0009158602423796942,training_rmse_nm_s
langmuir_hinshelwood_qss,"cvd:langmuir_hinshelwood_qss:AB:full:bulk_as_surface:A=adn_2,B=idn_2",adn_2,,idn_2,pattern,mse,73,9.569702634136995e-07,8.387999835717922e-07,0.0009158602423796942,training_rmse_nm_s
langmuir_hinshelwood_qss,"cvd:langmuir_hinshelwood_qss:AB:full:bulk_as_surface:A=adn_2,B=idn_2",adn_2,,idn_2,pattern,mse,74,1.087510820483748e-06,8.387999835717922e-07,0.0009158602423796942,training_rmse_nm_s
langmuir_hinshelwood_qss,"cvd:langmuir_hinshelwood_qss:AB:full:bulk_as_surface:A=adn_2,B=idn_2",adn_2,,idn_2,pattern,mse,75,8.387999835717922e-07,8.387999835717922e-07,0.0009158602423796942,training_rmse_nm_s
langmuir_hinshelwood_qss,"cvd:langmuir_hinshelwood_qss:AB:full:bulk_as_surface:A=adn_2,B=idn_2",adn_2,,idn_2,pattern,mse,76,8.050576235711908e-07,8.050576235711908e-07,0.0008972500340324267,training_rmse_nm_s
langmuir_hinshelwood_qss,"cvd:langmuir_hinshelwood_qss:AB:full:bulk_as_surface:A=adn_2,B=idn_2",adn_2,,idn_2,pattern,mse,77,1.2193162915536434e-06,8.050576235711908e-07,0.0008972500340324267,training_rmse_nm_s
langmuir_hinshelwood_qss,"cvd:langmuir_hinshelwood_qss:AB:full:bulk_as_surface:A=adn_2,B=idn_2",adn_2,,idn_2,pattern,mse,78,9.778217160271995e-07,8.050576235711908e-07,0.0008972500340324267,training_rmse_nm_s
langmuir_hinshelwood_qss,"cvd:langmuir_hinshelwood_qss:AB:full:bulk_as_surface:A=adn_2,B=idn_2",adn_2,,idn_2,pattern,mse,79,9.529767563896935e-07,8.050576235711908e-07,0.0008972500340324267,training_rmse_nm_s
langmuir_hinshelwood_qss,"cvd:langmuir_hinshelwood_qss:AB:full:bulk_as_surface:A=adn_2,B=idn_2",adn_2,,idn_2,pattern,mse,80,8.421656183844734e-07,8.050576235711908e-07,0.0008972500340324267,training_rmse_nm_s
langmuir_hinshelwood_qss,"cvd:langmuir_hinshelwood_qss:AB:full:bulk_as_surface:A=adn_2,B=idn_2",adn_2,,idn_2,pattern,mse,81,8.509846892918014e-07,8.050576235711908e-07,0.0008972500340324267,training_rmse_nm_s
langmuir_hinshelwood_qss,"cvd:langmuir_hinshelwood_qss:AB:full:bulk_as_surface:A=adn_2,B=idn_2",adn_2,,idn_2,pattern,mse,82,9.307698416561888e-07,8.050576235711908e-07,0.0008972500340324267,training_rmse_nm_s
langmuir_hinshelwood_qss,"cvd:langmuir_hinshelwood_qss:AB:full:bulk_as_surface:A=adn_2,B=idn_2",adn_2,,idn_2,pattern,mse,83,7.908658473949878e-07,7.908658473949878e-07,0.0008893063855584237,training_rmse_nm_s
langmuir_hinshelwood_qss,"cvd:langmuir_hinshelwood_qss:AB:full:bulk_as_surface:A=adn_2,B=idn_2",adn_2,,idn_2,pattern,mse,84,8.050576235711908e-07,7.908658473949878e-07,0.0008893063855584237,training_rmse_nm_s
langmuir_hinshelwood_qss,"cvd:langmuir_hinshelwood_qss:AB:full:bulk_as_surface:A=adn_2,B=idn_2",adn_2,,idn_2,pattern,mse,85,8.9051511235369e-07,7.908658473949878e-07,0.0008893063855584237,training_rmse_nm_s
langmuir_hinshelwood_qss,"cvd:langmuir_hinshelwood_qss:AB:full:bulk_as_surface:A=adn_2,B=idn_2",adn_2,,idn_2,pattern,mse,86,8.157930071903707e-07,7.908658473949878e-07,0.0008893063855584237,training_rmse_nm_s
langmuir_hinshelwood_qss,"cvd:langmuir_hinshelwood_qss:AB:full:bulk_as_surface:A=adn_2,B=idn_2",adn_2,,idn_2,pattern,mse,87,8.334834979169121e-07,7.908658473949878e-07,0.0008893063855584237,training_rmse_nm_s
langmuir_hinshelwood_qss,"cvd:langmuir_hinshelwood_qss:AB:full:bulk_as_surface:A=adn_2,B=idn_2",adn_2,,idn_2,pattern,mse,88,9.226963985727792e-07,7.908658473949878e-07,0.0008893063855584237,training_rmse_nm_s
langmuir_hinshelwood_qss,"cvd:langmuir_hinshelwood_qss:AB:full:bulk_as_surface:A=adn_2,B=idn_2",adn_2,,idn_2,pattern,mse,89,8.258938310233489e-07,7.908658473949878e-07,0.0008893063855584237,training_rmse_nm_s
langmuir_hinshelwood_qss,"cvd:langmuir_hinshelwood_qss:AB:full:bulk_as_surface:A=adn_2,B=idn_2",adn_2,,idn_2,pattern,mse,90,8.0795940114948e-07,7.908658473949878e-07,0.0008893063855584237,training_rmse_nm_s
langmuir_hinshelwood_qss,"cvd:langmuir_hinshelwood_qss:AB:full:bulk_as_surface:A=adn_2,B=idn_2",adn_2,,idn_2,pattern,mse,91,8.055111242497196e-07,7.908658473949878e-07,0.0008893063855584237,training_rmse_nm_s
langmuir_hinshelwood_qss,"cvd:langmuir_hinshelwood_qss:AB:full:bulk_as_surface:A=adn_2,B=idn_2",adn_2,,idn_2,pattern,mse,92,8.076153517515307e-07,7.908658473949878e-07,0.0008893063855584237,training_rmse_nm_s
langmuir_hinshelwood_qss,"cvd:langmuir_hinshelwood_qss:AB:full:bulk_as_surface:A=adn_2,B=idn_2",adn_2,,idn_2,pattern,mse,93,7.908658473949878e-07,7.908658473949878e-07,0.0008893063855584237,training_rmse_nm_s
langmuir_hinshelwood_qss,"cvd:langmuir_hinshelwood_qss:AB:full:bulk_as_surface:A=adn_2,B=idn_2",adn_2,,idn_2,pattern,mse,94,7.89638419273279e-07,7.89638419273279e-07,0.0008886160134013336,training_rmse_nm_s
langmuir_hinshelwood_qss,"cvd:langmuir_hinshelwood_qss:AB:full:bulk_as_surface:A=adn_2,B=idn_2",adn_2,,idn_2,pattern,mse,95,8.085842802673269e-07,7.89638419273279e-07,0.0008886160134013336,training_rmse_nm_s
langmuir_hinshelwood_qss,"cvd:langmuir_hinshelwood_qss:AB:full:bulk_as_surface:A=adn_2,B=idn_2",adn_2,,idn_2,pattern,mse,96,7.927902773685964e-07,7.89638419273279e-07,0.0008886160134013336,training_rmse_nm_s
langmuir_hinshelwood_qss,"cvd:langmuir_hinshelwood_qss:AB:full:bulk_as_surface:A=adn_2,B=idn_2",adn_2,,idn_2,pattern,mse,97,7.92551356975391e-07,7.89638419273279e-07,0.0008886160134013336,training_rmse_nm_s
langmuir_hinshelwood_qss,"cvd:langmuir_hinshelwood_qss:AB:full:bulk_as_surface:A=adn_2,B=idn_2",adn_2,,idn_2,pattern,mse,98,7.942452937761491e-07,7.89638419273279e-07,0.0008886160134013336,training_rmse_nm_s
langmuir_hinshelwood_qss,"cvd:langmuir_hinshelwood_qss:AB:full:bulk_as_surface:A=adn_2,B=idn_2",adn_2,,idn_2,pattern,mse,99,7.953475459505069e-07,7.89638419273279e-07,0.0008886160134013336,training_rmse_nm_s
langmuir_hinshelwood_qss,"cvd:langmuir_hinshelwood_qss:AB:full:bulk_as_surface:A=adn_2,B=idn_2",adn_2,,idn_2,pattern,mse,100,8.006064470623326e-07,7.89638419273279e-07,0.0008886160134013336,training_rmse_nm_s
langmuir_hinshelwood_qss,"cvd:langmuir_hinshelwood_qss:AB:full:bulk_as_surface:A=adn_2,B=idn_2",adn_2,,idn_2,pattern,mse,101,7.882424583628325e-07,7.882424583628325e-07,0.0008878301968072681,training_rmse_nm_s
langmuir_hinshelwood_qss,"cvd:langmuir_hinshelwood_qss:AB:full:bulk_as_surface:A=adn_2,B=idn_2",adn_2,,idn_2,pattern,mse,102,7.89638419273279e-07,7.882424583628325e-07,0.0008878301968072681,training_rmse_nm_s
langmuir_hinshelwood_qss,"cvd:langmuir_hinshelwood_qss:AB:full:bulk_as_surface:A=adn_2,B=idn_2",adn_2,,idn_2,pattern,mse,103,7.951954679381582e-07,7.882424583628325e-07,0.0008878301968072681,training_rmse_nm_s
langmuir_hinshelwood_qss,"cvd:langmuir_hinshelwood_qss:AB:full:bulk_as_surface:A=adn_2,B=idn_2",adn_2,,idn_2,pattern,mse,104,7.869627607355457e-07,7.869627607355457e-07,0.0008871092157877438,training_rmse_nm_s
langmuir_hinshelwood_qss,"cvd:langmuir_hinshelwood_qss:AB:full:bulk_as_surface:A=adn_2,B=idn_2",adn_2,,idn_2,pattern,mse,105,7.886233141430822e-07,7.869627607355457e-07,0.0008871092157877438,training_rmse_nm_s
langmuir_hinshelwood_qss,"cvd:langmuir_hinshelwood_qss:AB:full:bulk_as_surface:A=adn_2,B=idn_2",adn_2,,idn_2,pattern,mse,106,7.944492191478605e-07,7.869627607355457e-07,0.0008871092157877438,training_rmse_nm_s
langmuir_hinshelwood_qss,"cvd:langmuir_hinshelwood_qss:AB:full:bulk_as_surface:A=adn_2,B=idn_2",adn_2,,idn_2,pattern,mse,107,2.31080224709693e-05,7.869627607355457e-07,0.0008871092157877438,training_rmse_nm_s
langmuir_hinshelwood_qss,"cvd:langmuir_hinshelwood_qss:AB:full:bulk_as_surface:A=adn_2,B=idn_2",adn_2,,idn_2,pattern,mse,108,1.4551647306934203e-05,7.869627607355457e-07,0.0008871092157877438,training_rmse_nm_s
langmuir_hinshelwood_qss,"cvd:langmuir_hinshelwood_qss:AB:full:bulk_as_surface:A=adn_2,B=idn_2",adn_2,,idn_2,pattern,mse,109,1.4551648248162133e-05,7.869627607355457e-07,0.0008871092157877438,training_rmse_nm_s
langmuir_hinshelwood_qss,"cvd:langmuir_hinshelwood_qss:AB:full:bulk_as_surface:A=adn_2,B=idn_2",adn_2,,idn_2,pattern,mse,110,1.4551553184417751e-05,7.869627607355457e-07,0.0008871092157877438,training_rmse_nm_s
langmuir_hinshelwood_qss,"cvd:langmuir_hinshelwood_qss:AB:full:bulk_as_surface:A=adn_2,B=idn_2",adn_2,,idn_2,pattern,mse,111,2.300036088624917e-05,7.869627607355457e-07,0.0008871092157877438,training_rmse_nm_s
langmuir_hinshelwood_qss,"cvd:langmuir_hinshelwood_qss:AB:full:bulk_as_surface:A=adn_2,B=idn_2",adn_2,,idn_2,pattern,mse,112,0.0032459380859059276,7.869627607355457e-07,0.0008871092157877438,training_rmse_nm_s
langmuir_hinshelwood_qss,"cvd:langmuir_hinshelwood_qss:AB:full:bulk_as_surface:A=adn_2,B=idn_2",adn_2,,idn_2,pattern,mse,113,1.4551647306934203e-05,7.869627607355457e-07,0.0008871092157877438,training_rmse_nm_s
langmuir_hinshelwood_qss,"cvd:langmuir_hinshelwood_qss:AB:full:bulk_as_surface:A=adn_2,B=idn_2",adn_2,,idn_2,pattern,mse,114,1.4542143703549657e-05,7.869627607355457e-07,0.0008871092157877438,training_rmse_nm_s
langmuir_hinshelwood_qss,"cvd:langmuir_hinshelwood_qss:AB:full:bulk_as_surface:A=adn_2,B=idn_2",adn_2,,idn_2,pattern,mse,115,2.2033128764862953e-05,7.869627607355457e-07,0.0008871092157877438,training_rmse_nm_s
langmuir_hinshelwood_qss,"cvd:langmuir_hinshelwood_qss:AB:full:bulk_as_surface:A=adn_2,B=idn_2",adn_2,,idn_2,pattern,mse,116,0.00010621774454492501,7.869627607355457e-07,0.0008871092157877438,training_rmse_nm_s
langmuir_hinshelwood_qss,"cvd:langmuir_hinshelwood_qss:AB:full:bulk_as_surface:A=adn_2,B=idn_2",adn_2,,idn_2,pattern,mse,117,1.4550697550346723e-05,7.869627607355457e-07,0.0008871092157877438,training_rmse_nm_s
langmuir_hinshelwood_qss,"cvd:langmuir_hinshelwood_qss:AB:full:bulk_as_surface:A=adn_2,B=idn_2",adn_2,,idn_2,pattern,mse,118,1.4456854273226884e-05,7.869627607355457e-07,0.0008871092157877438,training_rmse_nm_s
langmuir_hinshelwood_qss,"cvd:langmuir_hinshelwood_qss:AB:full:bulk_as_surface:A=adn_2,B=idn_2",adn_2,,idn_2,pattern,mse,119,2.1934789433641562e-05,7.869627607355457e-07,0.0008871092157877438,training_rmse_nm_s
langmuir_hinshelwood_qss,"cvd:langmuir_hinshelwood_qss:AB:full:bulk_as_surface:A=adn_2,B=idn_2",adn_2,,idn_2,pattern,mse,120,0.00010599428544521888,7.869627607355457e-07,0.0008871092157877438,training_rmse_nm_s
langmuir_hinshelwood_qss,"cvd:langmuir_hinshelwood_qss:AB:full:bulk_as_surface:A=adn_2,B=idn_2",adn_2,,idn_2,pattern,mse,121,1.4542143703549657e-05,7.869627607355457e-07,0.0008871092157877438,training_rmse_nm_s
langmuir_hinshelwood_qss,"cvd:langmuir_hinshelwood_qss:AB:full:bulk_as_surface:A=adn_2,B=idn_2",adn_2,,idn_2,pattern,mse,122,1.3628514231785789e-05,7.869627607355457e-07,0.0008871092157877438,training_rmse_nm_s
langmuir_hinshelwood_qss,"cvd:langmuir_hinshelwood_qss:AB:full:bulk_as_surface:A=adn_2,B=idn_2",adn_2,,idn_2,pattern,mse,123,1.8876988552648127e-05,7.869627607355457e-07,0.0008871092157877438,training_rmse_nm_s
langmuir_hinshelwood_qss,"cvd:langmuir_hinshelwood_qss:AB:full:bulk_as_surface:A=adn_2,B=idn_2",adn_2,,idn_2,pattern,mse,124,1.0079033947422167e-05,7.869627607355457e-07,0.0008871092157877438,training_rmse_nm_s
langmuir_hinshelwood_qss,"cvd:langmuir_hinshelwood_qss:AB:full:bulk_as_surface:A=adn_2,B=idn_2",adn_2,,idn_2,pattern,mse,125,1.0655065350866038e-05,7.869627607355457e-07,0.0008871092157877438,training_rmse_nm_s
langmuir_hinshelwood_qss,"cvd:langmuir_hinshelwood_qss:AB:full:bulk_as_surface:A=adn_2,B=idn_2",adn_2,,idn_2,pattern,mse,126,8.418609348105153e-06,7.869627607355457e-07,0.0008871092157877438,training_rmse_nm_s
langmuir_hinshelwood_qss,"cvd:langmuir_hinshelwood_qss:AB:full:bulk_as_surface:A=adn_2,B=idn_2",adn_2,,idn_2,pattern,mse,127,1.1812980176004824e-05,7.869627607355457e-07,0.0008871092157877438,training_rmse_nm_s
langmuir_hinshelwood_qss,"cvd:langmuir_hinshelwood_qss:AB:full:bulk_as_surface:A=adn_2,B=idn_2",adn_2,,idn_2,pattern,mse,128,9.885955136892546e-05,7.869627607355457e-07,0.0008871092157877438,training_rmse_nm_s
langmuir_hinshelwood_qss,"cvd:langmuir_hinshelwood_qss:AB:full:bulk_as_surface:A=adn_2,B=idn_2",adn_2,,idn_2,pattern,mse,129,1.0079033947422167e-05,7.869627607355457e-07,0.0008871092157877438,training_rmse_nm_s
langmuir_hinshelwood_qss,"cvd:langmuir_hinshelwood_qss:AB:full:bulk_as_surface:A=adn_2,B=idn_2",adn_2,,idn_2,pattern,mse,130,4.573069631036415e-06,7.869627607355457e-07,0.0008871092157877438,training_rmse_nm_s
langmuir_hinshelwood_qss,"cvd:langmuir_hinshelwood_qss:AB:full:bulk_as_surface:A=adn_2,B=idn_2",adn_2,,idn_2,pattern,mse,131,4.559844989257603e-06,7.869627607355457e-07,0.0008871092157877438,training_rmse_nm_s
langmuir_hinshelwood_qss,"cvd:langmuir_hinshelwood_qss:AB:full:bulk_as_surface:A=adn_2,B=idn_2",adn_2,,idn_2,pattern,mse,132,1.9581209493063374e-05,7.869627607355457e-07,0.0008871092157877438,training_rmse_nm_s
langmuir_hinshelwood_qss,"cvd:langmuir_hinshelwood_qss:AB:full:bulk_as_surface:A=adn_2,B=idn_2",adn_2,,idn_2,pattern,mse,133,6.834849264805197e-06,7.869627607355457e-07,0.0008871092157877438,training_rmse_nm_s
langmuir_hinshelwood_qss,"cvd:langmuir_hinshelwood_qss:AB:full:bulk_as_surface:A=adn_2,B=idn_2",adn_2,,idn_2,pattern,mse,134,2.1420525712662616e-06,7.869627607355457e-07,0.0008871092157877438,training_rmse_nm_s
langmuir_hinshelwood_qss,"cvd:langmuir_hinshelwood_qss:AB:full:bulk_as_surface:A=adn_2,B=idn_2",adn_2,,idn_2,pattern,mse,135,4.655543000253322e-06,7.869627607355457e-07,0.0008871092157877438,training_rmse_nm_s
langmuir_hinshelwood_qss,"cvd:langmuir_hinshelwood_qss:AB:full:bulk_as_surface:A=adn_2,B=idn_2",adn_2,,idn_2,pattern,mse,136,2.2520884403935997e-06,7.869627607355457e-07,0.0008871092157877438,training_rmse_nm_s
langmuir_hinshelwood_qss,"cvd:langmuir_hinshelwood_qss:AB:full:bulk_as_surface:A=adn_2,B=idn_2",adn_2,,idn_2,pattern,mse,137,4.559844989257603e-06,7.869627607355457e-07,0.0008871092157877438,training_rmse_nm_s
langmuir_hinshelwood_qss,"cvd:langmuir_hinshelwood_qss:AB:full:bulk_as_surface:A=adn_2,B=idn_2",adn_2,,idn_2,pattern,mse,138,1.4917941295638781e-06,7.869627607355457e-07,0.0008871092157877438,training_rmse_nm_s
langmuir_hinshelwood_qss,"cvd:langmuir_hinshelwood_qss:AB:full:bulk_as_surface:A=adn_2,B=idn_2",adn_2,,idn_2,pattern,mse,139,2.3922407855881185e-06,7.869627607355457e-07,0.0008871092157877438,training_rmse_nm_s
langmuir_hinshelwood_qss,"cvd:langmuir_hinshelwood_qss:AB:full:bulk_as_surface:A=adn_2,B=idn_2",adn_2,,idn_2,pattern,mse,140,1.0569371919541573e-06,7.869627607355457e-07,0.0008871092157877438,training_rmse_nm_s
langmuir_hinshelwood_qss,"cvd:langmuir_hinshelwood_qss:AB:full:bulk_as_surface:A=adn_2,B=idn_2",adn_2,,idn_2,pattern,mse,141,8.387999835717922e-07,7.869627607355457e-07,0.0008871092157877438,training_rmse_nm_s
langmuir_hinshelwood_qss,"cvd:langmuir_hinshelwood_qss:AB:full:bulk_as_surface:A=adn_2,B=idn_2",adn_2,,idn_2,pattern,mse,142,2.7420507147953742e-06,7.869627607355457e-07,0.0008871092157877438,training_rmse_nm_s
langmuir_hinshelwood_qss,"cvd:langmuir_hinshelwood_qss:AB:full:bulk_as_surface:A=adn_2,B=idn_2",adn_2,,idn_2,pattern,mse,143,1.3928246740483602e-06,7.869627607355457e-07,0.0008871092157877438,training_rmse_nm_s
langmuir_hinshelwood_qss,"cvd:langmuir_hinshelwood_qss:AB:full:bulk_as_surface:A=adn_2,B=idn_2",adn_2,,idn_2,pattern,mse,144,1.5849358327616955e-06,7.869627607355457e-07,0.0008871092157877438,training_rmse_nm_s
langmuir_hinshelwood_qss,"cvd:langmuir_hinshelwood_qss:AB:full:bulk_as_surface:A=adn_2,B=idn_2",adn_2,,idn_2,pattern,mse,145,1.4904257917590125e-06,7.869627607355457e-07,0.0008871092157877438,training_rmse_nm_s
langmuir_hinshelwood_qss,"cvd:langmuir_hinshelwood_qss:AB:full:bulk_as_surface:A=adn_2,B=idn_2",adn_2,,idn_2,pattern,mse,146,1.0569371919541573e-06,7.869627607355457e-07,0.0008871092157877438,training_rmse_nm_s
langmuir_hinshelwood_qss,"cvd:langmuir_hinshelwood_qss:AB:full:bulk_as_surface:A=adn_2,B=idn_2",adn_2,,idn_2,pattern,mse,147,1.0145428447514008e-06,7.869627607355457e-07,0.0008871092157877438,training_rmse_nm_s
langmuir_hinshelwood_qss,"cvd:langmuir_hinshelwood_qss:AB:full:bulk_as_surface:A=adn_2,B=idn_2",adn_2,,idn_2,pattern,mse,148,9.778217160271995e-07,7.869627607355457e-07,0.0008871092157877438,training_rmse_nm_s
langmuir_hinshelwood_qss,"cvd:langmuir_hinshelwood_qss:AB:full:bulk_as_surface:A=adn_2,B=idn_2",adn_2,,idn_2,pattern,mse,149,1.087510820483748e-06,7.869627607355457e-07,0.0008871092157877438,training_rmse_nm_s
langmuir_hinshelwood_qss,"cvd:langmuir_hinshelwood_qss:AB:full:bulk_as_surface:A=adn_2,B=idn_2",adn_2,,idn_2,pattern,mse,150,8.050576235711908e-07,7.869627607355457e-07,0.0008871092157877438,training_rmse_nm_s
langmuir_hinshelwood_qss,"cvd:langmuir_hinshelwood_qss:AB:full:bulk_as_surface:A=adn_2,B=idn_2",adn_2,,idn_2,pattern,mse,151,9.569702634136995e-07,7.869627607355457e-07,0.0008871092157877438,training_rmse_nm_s
langmuir_hinshelwood_qss,"cvd:langmuir_hinshelwood_qss:AB:full:bulk_as_surface:A=adn_2,B=idn_2",adn_2,,idn_2,pattern,mse,152,9.529767563896935e-07,7.869627607355457e-07,0.0008871092157877438,training_rmse_nm_s
langmuir_hinshelwood_qss,"cvd:langmuir_hinshelwood_qss:AB:full:bulk_as_surface:A=adn_2,B=idn_2",adn_2,,idn_2,pattern,mse,153,8.387999835717922e-07,7.869627607355457e-07,0.0008871092157877438,training_rmse_nm_s
langmuir_hinshelwood_qss,"cvd:langmuir_hinshelwood_qss:AB:full:bulk_as_surface:A=adn_2,B=idn_2",adn_2,,idn_2,pattern,mse,154,1.0569371919541573e-06,7.869627607355457e-07,0.0008871092157877438,training_rmse_nm_s
langmuir_hinshelwood_qss,"cvd:langmuir_hinshelwood_qss:AB:full:bulk_as_surface:A=adn_2,B=idn_2",adn_2,,idn_2,pattern,mse,155,8.509846892918014e-07,7.869627607355457e-07,0.0008871092157877438,training_rmse_nm_s
langmuir_hinshelwood_qss,"cvd:langmuir_hinshelwood_qss:AB:full:bulk_as_surface:A=adn_2,B=idn_2",adn_2,,idn_2,pattern,mse,156,8.334834979169121e-07,7.869627607355457e-07,0.0008871092157877438,training_rmse_nm_s
langmuir_hinshelwood_qss,"cvd:langmuir_hinshelwood_qss:AB:full:bulk_as_surface:A=adn_2,B=idn_2",adn_2,,idn_2,pattern,mse,157,7.908658473949878e-07,7.869627607355457e-07,0.0008871092157877438,training_rmse_nm_s
langmuir_hinshelwood_qss,"cvd:langmuir_hinshelwood_qss:AB:full:bulk_as_surface:A=adn_2,B=idn_2",adn_2,,idn_2,pattern,mse,158,8.9051511235369e-07,7.869627607355457e-07,0.0008871092157877438,training_rmse_nm_s
langmuir_hinshelwood_qss,"cvd:langmuir_hinshelwood_qss:AB:full:bulk_as_surface:A=adn_2,B=idn_2",adn_2,,idn_2,pattern,mse,159,8.421656183844734e-07,7.869627607355457e-07,0.0008871092157877438,training_rmse_nm_s
langmuir_hinshelwood_qss,"cvd:langmuir_hinshelwood_qss:AB:full:bulk_as_surface:A=adn_2,B=idn_2",adn_2,,idn_2,pattern,mse,160,8.157930071903707e-07,7.869627607355457e-07,0.0008871092157877438,training_rmse_nm_s
langmuir_hinshelwood_qss,"cvd:langmuir_hinshelwood_qss:AB:full:bulk_as_surface:A=adn_2,B=idn_2",adn_2,,idn_2,pattern,mse,161,8.387999835717922e-07,7.869627607355457e-07,0.0008871092157877438,training_rmse_nm_s
langmuir_hinshelwood_qss,"cvd:langmuir_hinshelwood_qss:AB:full:bulk_as_surface:A=adn_2,B=idn_2",adn_2,,idn_2,pattern,mse,162,8.050576235711908e-07,7.869627607355457e-07,0.0008871092157877438,training_rmse_nm_s
langmuir_hinshelwood_qss,"cvd:langmuir_hinshelwood_qss:AB:full:bulk_as_surface:A=adn_2,B=idn_2",adn_2,,idn_2,pattern,mse,163,8.0795940114948e-07,7.869627607355457e-07,0.0008871092157877438,training_rmse_nm_s
langmuir_hinshelwood_qss,"cvd:langmuir_hinshelwood_qss:AB:full:bulk_as_surface:A=adn_2,B=idn_2",adn_2,,idn_2,pattern,mse,164,7.927902773685964e-07,7.869627607355457e-07,0.0008871092157877438,training_rmse_nm_s
langmuir_hinshelwood_qss,"cvd:langmuir_hinshelwood_qss:AB:full:bulk_as_surface:A=adn_2,B=idn_2",adn_2,,idn_2,pattern,mse,165,8.076153517515307e-07,7.869627607355457e-07,0.0008871092157877438,training_rmse_nm_s
langmuir_hinshelwood_qss,"cvd:langmuir_hinshelwood_qss:AB:full:bulk_as_surface:A=adn_2,B=idn_2",adn_2,,idn_2,pattern,mse,166,7.89638419273279e-07,7.869627607355457e-07,0.0008871092157877438,training_rmse_nm_s
langmuir_hinshelwood_qss,"cvd:langmuir_hinshelwood_qss:AB:full:bulk_as_surface:A=adn_2,B=idn_2",adn_2,,idn_2,pattern,mse,167,8.055111242497196e-07,7.869627607355457e-07,0.0008871092157877438,training_rmse_nm_s
langmuir_hinshelwood_qss,"cvd:langmuir_hinshelwood_qss:AB:full:bulk_as_surface:A=adn_2,B=idn_2",adn_2,,idn_2,pattern,mse,168,7.92551356975391e-07,7.869627607355457e-07,0.0008871092157877438,training_rmse_nm_s
langmuir_hinshelwood_qss,"cvd:langmuir_hinshelwood_qss:AB:full:bulk_as_surface:A=adn_2,B=idn_2",adn_2,,idn_2,pattern,mse,169,7.908658473949878e-07,7.869627607355457e-07,0.0008871092157877438,training_rmse_nm_s
langmuir_hinshelwood_qss,"cvd:langmuir_hinshelwood_qss:AB:full:bulk_as_surface:A=adn_2,B=idn_2",adn_2,,idn_2,pattern,mse,170,8.050576235711908e-07,7.869627607355457e-07,0.0008871092157877438,training_rmse_nm_s
langmuir_hinshelwood_qss,"cvd:langmuir_hinshelwood_qss:AB:full:bulk_as_surface:A=adn_2,B=idn_2",adn_2,,idn_2,pattern,mse,171,7.953475459505069e-07,7.869627607355457e-07,0.0008871092157877438,training_rmse_nm_s
langmuir_hinshelwood_qss,"cvd:langmuir_hinshelwood_qss:AB:full:bulk_as_surface:A=adn_2,B=idn_2",adn_2,,idn_2,pattern,mse,172,7.886233141430822e-07,7.869627607355457e-07,0.0008871092157877438,training_rmse_nm_s
langmuir_hinshelwood_qss,"cvd:langmuir_hinshelwood_qss:AB:full:bulk_as_surface:A=adn_2,B=idn_2",adn_2,,idn_2,pattern,mse,173,7.869627607355457e-07,7.869627607355457e-07,0.0008871092157877438,training_rmse_nm_s
langmuir_hinshelwood_qss,"cvd:langmuir_hinshelwood_qss:AB:full:bulk_as_surface:A=adn_2,B=idn_2",adn_2,,idn_2,pattern,mse,174,7.944492191478605e-07,7.869627607355457e-07,0.0008871092157877438,training_rmse_nm_s
langmuir_hinshelwood_qss,"cvd:langmuir_hinshelwood_qss:AB:full:bulk_as_surface:A=adn_2,B=idn_2",adn_2,,idn_2,pattern,mse,175,7.882424583628325e-07,7.869627607355457e-07,0.0008871092157877438,training_rmse_nm_s
langmuir_hinshelwood_qss,"cvd:langmuir_hinshelwood_qss:AB:full:bulk_as_surface:A=adn_2,B=idn_2",adn_2,,idn_2,pattern,mse,176,7.9065699278657e-07,7.869627607355457e-07,0.0008871092157877438,training_rmse_nm_s
langmuir_hinshelwood_qss,"cvd:langmuir_hinshelwood_qss:AB:full:bulk_as_surface:A=adn_2,B=idn_2",adn_2,,idn_2,pattern,mse,177,7.893258021232026e-07,7.869627607355457e-07,0.0008871092157877438,training_rmse_nm_s
langmuir_hinshelwood_qss,"cvd:langmuir_hinshelwood_qss:AB:full:bulk_as_surface:A=adn_2,B=idn_2",adn_2,,idn_2,pattern,mse,178,7.886233141430822e-07,7.869627607355457e-07,0.0008871092157877438,training_rmse_nm_s
langmuir_hinshelwood_qss,"cvd:langmuir_hinshelwood_qss:AB:full:bulk_as_surface:A=adn_2,B=idn_2",adn_2,,idn_2,pattern,mse,179,2.3097948645662342e-05,7.869627607355457e-07,0.0008871092157877438,training_rmse_nm_s
langmuir_hinshelwood_qss,"cvd:langmuir_hinshelwood_qss:AB:full:bulk_as_surface:A=adn_2,B=idn_2",adn_2,,idn_2,pattern,mse,180,2.309686021066958e-05,7.869627607355457e-07,0.0008871092157877438,training_rmse_nm_s
langmuir_hinshelwood_qss,"cvd:langmuir_hinshelwood_qss:AB:full:bulk_as_surface:A=adn_2,B=idn_2",adn_2,,idn_2,pattern,mse,181,2.310791192424963e-05,7.869627607355457e-07,0.0008871092157877438,training_rmse_nm_s
langmuir_hinshelwood_qss,"cvd:langmuir_hinshelwood_qss:AB:full:bulk_as_surface:A=adn_2,B=idn_2",adn_2,,idn_2,pattern,mse,182,2.202086654631195e-05,7.869627607355457e-07,0.0008871092157877438,training_rmse_nm_s
langmuir_hinshelwood_qss,"cvd:langmuir_hinshelwood_qss:AB:full:bulk_as_surface:A=adn_2,B=idn_2",adn_2,,idn_2,pattern,mse,183,2.202192366109276e-05,7.869627607355457e-07,0.0008871092157877438,training_rmse_nm_s
langmuir_hinshelwood_qss,"cvd:langmuir_hinshelwood_qss:AB:full:bulk_as_surface:A=adn_2,B=idn_2",adn_2,,idn_2,pattern,mse,184,2.1915385991925803e-05,7.869627607355457e-07,0.0008871092157877438,training_rmse_nm_s
langmuir_hinshelwood_qss,"cvd:langmuir_hinshelwood_qss:AB:full:bulk_as_surface:A=adn_2,B=idn_2",adn_2,,idn_2,pattern,mse,185,2.2989329918706222e-05,7.869627607355457e-07,0.0008871092157877438,training_rmse_nm_s
langmuir_hinshelwood_qss,"cvd:langmuir_hinshelwood_qss:AB:full:bulk_as_surface:A=adn_2,B=idn_2",adn_2,,idn_2,pattern,mse,186,2.4834055014831598e-05,7.869627607355457e-07,0.0008871092157877438,training_rmse_nm_s
langmuir_hinshelwood_qss,"cvd:langmuir_hinshelwood_qss:AB:full:bulk_as_surface:A=adn_2,B=idn_2",adn_2,,idn_2,pattern,mse,187,2.201125850975351e-05,7.869627607355457e-07,0.0008871092157877438,training_rmse_nm_s
langmuir_hinshelwood_qss,"cvd:langmuir_hinshelwood_qss:AB:full:bulk_as_surface:A=adn_2,B=idn_2",adn_2,,idn_2,pattern,mse,188,2.0977402084360618e-05,7.869627607355457e-07,0.0008871092157877438,training_rmse_nm_s
langmuir_hinshelwood_qss,"cvd:langmuir_hinshelwood_qss:AB:full:bulk_as_surface:A=adn_2,B=idn_2",adn_2,,idn_2,pattern,mse,189,2.1934789433641562e-05,7.869627607355457e-07,0.0008871092157877438,training_rmse_nm_s
langmuir_hinshelwood_qss,"cvd:langmuir_hinshelwood_qss:AB:full:bulk_as_surface:A=adn_2,B=idn_2",adn_2,,idn_2,pattern,mse,190,1.3679946181825858e-05,7.869627607355457e-07,0.0008871092157877438,training_rmse_nm_s
langmuir_hinshelwood_qss,"cvd:langmuir_hinshelwood_qss:AB:full:bulk_as_surface:A=adn_2,B=idn_2",adn_2,,idn_2,pattern,mse,191,1.447045616386127e-05,7.869627607355457e-07,0.0008871092157877438,training_rmse_nm_s
langmuir_hinshelwood_qss,"cvd:langmuir_hinshelwood_qss:AB:full:bulk_as_surface:A=adn_2,B=idn_2",adn_2,,idn_2,pattern,mse,192,7.4885145125460395e-06,7.869627607355457e-07,0.0008871092157877438,training_rmse_nm_s
langmuir_hinshelwood_qss,"cvd:langmuir_hinshelwood_qss:AB:full:bulk_as_surface:A=adn_2,B=idn_2",adn_2,,idn_2,pattern,mse,193,1.3628514231785789e-05,7.869627607355457e-07,0.0008871092157877438,training_rmse_nm_s
langmuir_hinshelwood_qss,"cvd:langmuir_hinshelwood_qss:AB:full:bulk_as_surface:A=adn_2,B=idn_2",adn_2,,idn_2,pattern,mse,194,2.3391151066266003e-05,7.869627607355457e-07,0.0008871092157877438,training_rmse_nm_s
langmuir_hinshelwood_qss,"cvd:langmuir_hinshelwood_qss:AB:full:bulk_as_surface:A=adn_2,B=idn_2",adn_2,,idn_2,pattern,mse,195,1.190979330055988e-05,7.869627607355457e-07,0.0008871092157877438,training_rmse_nm_s
langmuir_hinshelwood_qss,"cvd:langmuir_hinshelwood_qss:AB:full:bulk_as_surface:A=adn_2,B=idn_2",adn_2,,idn_2,pattern,mse,196,4.573069631036415e-06,7.869627607355457e-07,0.0008871092157877438,training_rmse_nm_s
langmuir_hinshelwood_qss,"cvd:langmuir_hinshelwood_qss:AB:full:bulk_as_surface:A=adn_2,B=idn_2",adn_2,,idn_2,pattern,mse,197,8.418609348105153e-06,7.869627607355457e-07,0.0008871092157877438,training_rmse_nm_s
langmuir_hinshelwood_qss,"cvd:langmuir_hinshelwood_qss:AB:full:bulk_as_surface:A=adn_2,B=idn_2",adn_2,,idn_2,pattern,mse,198,1.7957550083582387e-06,7.869627607355457e-07,0.0008871092157877438,training_rmse_nm_s
langmuir_hinshelwood_qss,"cvd:langmuir_hinshelwood_qss:AB:full:bulk_as_surface:A=adn_2,B=idn_2",adn_2,,idn_2,pattern,mse,199,3.3982847886989254e-06,7.869627607355457e-07,0.0008871092157877438,training_rmse_nm_s
langmuir_hinshelwood_qss,"cvd:langmuir_hinshelwood_qss:AB:full:bulk_as_surface:A=adn_2,B=idn_2",adn_2,,idn_2,pattern,mse,200,6.238354859884943e-05,7.869627607355457e-07,0.0008871092157877438,training_rmse_nm_s
langmuir_hinshelwood_qss,"cvd:langmuir_hinshelwood_qss:AB:full:bulk_as_surface:A=adn_2,B=idn_2",adn_2,,idn_2,pattern,mse,201,4.573069631036415e-06,7.869627607355457e-07,0.0008871092157877438,training_rmse_nm_s
langmuir_hinshelwood_qss,"cvd:langmuir_hinshelwood_qss:AB:full:bulk_as_surface:A=adn_2,B=idn_2",adn_2,,idn_2,pattern,mse,202,2.4008830731950018e-05,7.869627607355457e-07,0.0008871092157877438,training_rmse_nm_s
langmuir_hinshelwood_qss,"cvd:langmuir_hinshelwood_qss:AB:full:bulk_as_surface:A=adn_2,B=idn_2",adn_2,,idn_2,pattern,mse,203,1.4917941295638781e-06,7.869627607355457e-07,0.0008871092157877438,training_rmse_nm_s
langmuir_hinshelwood_qss,"cvd:langmuir_hinshelwood_qss:AB:full:bulk_as_surface:A=adn_2,B=idn_2",adn_2,,idn_2,pattern,mse,204,1.309372660709228e-05,7.869627607355457e-07,0.0008871092157877438,training_rmse_nm_s
langmuir_hinshelwood_qss,"cvd:langmuir_hinshelwood_qss:AB:full:bulk_as_surface:A=adn_2,B=idn_2",adn_2,,idn_2,pattern,mse,205,2.1420525712662616e-06,7.869627607355457e-07,0.0008871092157877438,training_rmse_nm_s
langmuir_hinshelwood_qss,"cvd:langmuir_hinshelwood_qss:AB:full:bulk_as_surface:A=adn_2,B=idn_2",adn_2,,idn_2,pattern,mse,206,6.72844401046959e-06,7.869627607355457e-07,0.0008871092157877438,training_rmse_nm_s
langmuir_hinshelwood_qss,"cvd:langmuir_hinshelwood_qss:AB:full:bulk_as_surface:A=adn_2,B=idn_2",adn_2,,idn_2,pattern,mse,207,3.3982847886989254e-06,7.869627607355457e-07,0.0008871092157877438,training_rmse_nm_s
langmuir_hinshelwood_qss,"cvd:langmuir_hinshelwood_qss:AB:full:bulk_as_surface:A=adn_2,B=idn_2",adn_2,,idn_2,pattern,mse,208,1.7957550083582387e-06,7.869627607355457e-07,0.0008871092157877438,training_rmse_nm_s
langmuir_hinshelwood_qss,"cvd:langmuir_hinshelwood_qss:AB:full:bulk_as_surface:A=adn_2,B=idn_2",adn_2,,idn_2,pattern,mse,209,2.1420525712662616e-06,7.869627607355457e-07,0.0008871092157877438,training_rmse_nm_s
langmuir_hinshelwood_qss,"cvd:langmuir_hinshelwood_qss:AB:full:bulk_as_surface:A=adn_2,B=idn_2",adn_2,,idn_2,pattern,mse,210,6.72844401046959e-06,7.869627607355457e-07,0.0008871092157877438,training_rmse_nm_s
langmuir_hinshelwood_qss,"cvd:langmuir_hinshelwood_qss:AB:full:bulk_as_surface:A=adn_2,B=idn_2",adn_2,,idn_2,pattern,mse,211,2.3922407855881185e-06,7.869627607355457e-07,0.0008871092157877438,training_rmse_nm_s
langmuir_hinshelwood_qss,"cvd:langmuir_hinshelwood_qss:AB:full:bulk_as_surface:A=adn_2,B=idn_2",adn_2,,idn_2,pattern,mse,212,1.0569371919541573e-06,7.869627607355457e-07,0.0008871092157877438,training_rmse_nm_s
langmuir_hinshelwood_qss,"cvd:langmuir_hinshelwood_qss:AB:full:bulk_as_surface:A=adn_2,B=idn_2",adn_2,,idn_2,pattern,mse,213,8.387999835717922e-07,7.869627607355457e-07,0.0008871092157877438,training_rmse_nm_s
langmuir_hinshelwood_qss,"cvd:langmuir_hinshelwood_qss:AB:full:bulk_as_surface:A=adn_2,B=idn_2",adn_2,,idn_2,pattern,mse,214,2.7420507147953742e-06,7.869627607355457e-07,0.0008871092157877438,training_rmse_nm_s
langmuir_hinshelwood_qss,"cvd:langmuir_hinshelwood_qss:AB:full:bulk_as_surface:A=adn_2,B=idn_2",adn_2,,idn_2,pattern,mse,215,1.3928246740483602e-06,7.869627607355457e-07,0.0008871092157877438,training_rmse_nm_s
langmuir_hinshelwood_qss,"cvd:langmuir_hinshelwood_qss:AB:full:bulk_as_surface:A=adn_2,B=idn_2",adn_2,,idn_2,pattern,mse,216,1.5849358327616955e-06,7.869627607355457e-07,0.0008871092157877438,training_rmse_nm_s
langmuir_hinshelwood_qss,"cvd:langmuir_hinshelwood_qss:AB:full:bulk_as_surface:A=adn_2,B=idn_2",adn_2,,idn_2,pattern,mse,217,1.4904257917590125e-06,7.869627607355457e-07,0.0008871092157877438,training_rmse_nm_s
langmuir_hinshelwood_qss,"cvd:langmuir_hinshelwood_qss:AB:full:bulk_as_surface:A=adn_2,B=idn_2",adn_2,,idn_2,pattern,mse,218,1.0569371919541573e-06,7.869627607355457e-07,0.0008871092157877438,training_rmse_nm_s
langmuir_hinshelwood_qss,"cvd:langmuir_hinshelwood_qss:AB:full:bulk_as_surface:A=adn_2,B=idn_2",adn_2,,idn_2,pattern,mse,219,1.0145428447514008e-06,7.869627607355457e-07,0.0008871092157877438,training_rmse_nm_s
langmuir_hinshelwood_qss,"cvd:langmuir_hinshelwood_qss:AB:full:bulk_as_surface:A=adn_2,B=idn_2",adn_2,,idn_2,pattern,mse,220,9.778217160271995e-07,7.869627607355457e-07,0.0008871092157877438,training_rmse_nm_s
langmuir_hinshelwood_qss,"cvd:langmuir_hinshelwood_qss:AB:full:bulk_as_surface:A=adn_2,B=idn_2",adn_2,,idn_2,pattern,mse,221,1.087510820483748e-06,7.869627607355457e-07,0.0008871092157877438,training_rmse_nm_s
langmuir_hinshelwood_qss,"cvd:langmuir_hinshelwood_qss:AB:full:bulk_as_surface:A=adn_2,B=idn_2",adn_2,,idn_2,pattern,mse,222,8.050576235711908e-07,7.869627607355457e-07,0.0008871092157877438,training_rmse_nm_s
langmuir_hinshelwood_qss,"cvd:langmuir_hinshelwood_qss:AB:full:bulk_as_surface:A=adn_2,B=idn_2",adn_2,,idn_2,pattern,mse,223,9.569702634136995e-07,7.869627607355457e-07,0.0008871092157877438,training_rmse_nm_s
langmuir_hinshelwood_qss,"cvd:langmuir_hinshelwood_qss:AB:full:bulk_as_surface:A=adn_2,B=idn_2",adn_2,,idn_2,pattern,mse,224,9.529767563896935e-07,7.869627607355457e-07,0.0008871092157877438,training_rmse_nm_s
langmuir_hinshelwood_qss,"cvd:langmuir_hinshelwood_qss:AB:full:bulk_as_surface:A=adn_2,B=idn_2",adn_2,,idn_2,pattern,mse,225,8.387999835717922e-07,7.869627607355457e-07,0.0008871092157877438,training_rmse_nm_s
langmuir_hinshelwood_qss,"cvd:langmuir_hinshelwood_qss:AB:full:bulk_as_surface:A=adn_2,B=idn_2",adn_2,,idn_2,pattern,mse,226,1.0569371919541573e-06,7.869627607355457e-07,0.0008871092157877438,training_rmse_nm_s
langmuir_hinshelwood_qss,"cvd:langmuir_hinshelwood_qss:AB:full:bulk_as_surface:A=adn_2,B=idn_2",adn_2,,idn_2,pattern,mse,227,8.509846892918014e-07,7.869627607355457e-07,0.0008871092157877438,training_rmse_nm_s
langmuir_hinshelwood_qss,"cvd:langmuir_hinshelwood_qss:AB:full:bulk_as_surface:A=adn_2,B=idn_2",adn_2,,idn_2,pattern,mse,228,8.334834979169121e-07,7.869627607355457e-07,0.0008871092157877438,training_rmse_nm_s
langmuir_hinshelwood_qss,"cvd:langmuir_hinshelwood_qss:AB:full:bulk_as_surface:A=adn_2,B=idn_2",adn_2,,idn_2,pattern,mse,229,7.908658473949878e-07,7.869627607355457e-07,0.0008871092157877438,training_rmse_nm_s
langmuir_hinshelwood_qss,"cvd:langmuir_hinshelwood_qss:AB:full:bulk_as_surface:A=adn_2,B=idn_2",adn_2,,idn_2,pattern,mse,230,8.9051511235369e-07,7.869627607355457e-07,0.0008871092157877438,training_rmse_nm_s
langmuir_hinshelwood_qss,"cvd:langmuir_hinshelwood_qss:AB:full:bulk_as_surface:A=adn_2,B=idn_2",adn_2,,idn_2,pattern,mse,231,8.421656183844734e-07,7.869627607355457e-07,0.0008871092157877438,training_rmse_nm_s
langmuir_hinshelwood_qss,"cvd:langmuir_hinshelwood_qss:AB:full:bulk_as_surface:A=adn_2,B=idn_2",adn_2,,idn_2,pattern,mse,232,8.157930071903707e-07,7.869627607355457e-07,0.0008871092157877438,training_rmse_nm_s
langmuir_hinshelwood_qss,"cvd:langmuir_hinshelwood_qss:AB:full:bulk_as_surface:A=adn_2,B=idn_2",adn_2,,idn_2,pattern,mse,233,8.387999835717922e-07,7.869627607355457e-07,0.0008871092157877438,training_rmse_nm_s
langmuir_hinshelwood_qss,"cvd:langmuir_hinshelwood_qss:AB:full:bulk_as_surface:A=adn_2,B=idn_2",adn_2,,idn_2,pattern,mse,234,8.050576235711908e-07,7.869627607355457e-07,0.0008871092157877438,training_rmse_nm_s
langmuir_hinshelwood_qss,"cvd:langmuir_hinshelwood_qss:AB:full:bulk_as_surface:A=adn_2,B=idn_2",adn_2,,idn_2,pattern,mse,235,8.0795940114948e-07,7.869627607355457e-07,0.0008871092157877438,training_rmse_nm_s
langmuir_hinshelwood_qss,"cvd:langmuir_hinshelwood_qss:AB:full:bulk_as_surface:A=adn_2,B=idn_2",adn_2,,idn_2,pattern,mse,236,7.927902773685964e-07,7.869627607355457e-07,0.0008871092157877438,training_rmse_nm_s
langmuir_hinshelwood_qss,"cvd:langmuir_hinshelwood_qss:AB:full:bulk_as_surface:A=adn_2,B=idn_2",adn_2,,idn_2,pattern,mse,237,8.076153517515307e-07,7.869627607355457e-07,0.0008871092157877438,training_rmse_nm_s
langmuir_hinshelwood_qss,"cvd:langmuir_hinshelwood_qss:AB:full:bulk_as_surface:A=adn_2,B=idn_2",adn_2,,idn_2,pattern,mse,238,7.89638419273279e-07,7.869627607355457e-07,0.0008871092157877438,training_rmse_nm_s
langmuir_hinshelwood_qss,"cvd:langmuir_hinshelwood_qss:AB:full:bulk_as_surface:A=adn_2,B=idn_2",adn_2,,idn_2,pattern,mse,239,8.055111242497196e-07,7.869627607355457e-07,0.0008871092157877438,training_rmse_nm_s
langmuir_hinshelwood_qss,"cvd:langmuir_hinshelwood_qss:AB:full:bulk_as_surface:A=adn_2,B=idn_2",adn_2,,idn_2,pattern,mse,240,7.92551356975391e-07,7.869627607355457e-07,0.0008871092157877438,training_rmse_nm_s
langmuir_hinshelwood_qss,"cvd:langmuir_hinshelwood_qss:AB:full:bulk_as_surface:A=adn_2,B=idn_2",adn_2,,idn_2,pattern,mse,241,7.908658473949878e-07,7.869627607355457e-07,0.0008871092157877438,training_rmse_nm_s
langmuir_hinshelwood_qss,"cvd:langmuir_hinshelwood_qss:AB:full:bulk_as_surface:A=adn_2,B=idn_2",adn_2,,idn_2,pattern,mse,242,8.050576235711908e-07,7.869627607355457e-07,0.0008871092157877438,training_rmse_nm_s
langmuir_hinshelwood_qss,"cvd:langmuir_hinshelwood_qss:AB:full:bulk_as_surface:A=adn_2,B=idn_2",adn_2,,idn_2,pattern,mse,243,7.953475459505069e-07,7.869627607355457e-07,0.0008871092157877438,training_rmse_nm_s
langmuir_hinshelwood_qss,"cvd:langmuir_hinshelwood_qss:AB:full:bulk_as_surface:A=adn_2,B=idn_2",adn_2,,idn_2,pattern,mse,244,7.886233141430822e-07,7.869627607355457e-07,0.0008871092157877438,training_rmse_nm_s
langmuir_hinshelwood_qss,"cvd:langmuir_hinshelwood_qss:AB:full:bulk_as_surface:A=adn_2,B=idn_2",adn_2,,idn_2,pattern,mse,245,7.869627607355457e-07,7.869627607355457e-07,0.0008871092157877438,training_rmse_nm_s
langmuir_hinshelwood_qss,"cvd:langmuir_hinshelwood_qss:AB:full:bulk_as_surface:A=adn_2,B=idn_2",adn_2,,idn_2,pattern,mse,246,7.944492191478605e-07,7.869627607355457e-07,0.0008871092157877438,training_rmse_nm_s
langmuir_hinshelwood_qss,"cvd:langmuir_hinshelwood_qss:AB:full:bulk_as_surface:A=adn_2,B=idn_2",adn_2,,idn_2,pattern,mse,247,7.882424583628325e-07,7.869627607355457e-07,0.0008871092157877438,training_rmse_nm_s
langmuir_hinshelwood_qss,"cvd:langmuir_hinshelwood_qss:AB:full:bulk_as_surface:A=adn_2,B=idn_2",adn_2,,idn_2,pattern,mse,248,7.9065699278657e-07,7.869627607355457e-07,0.0008871092157877438,training_rmse_nm_s
langmuir_hinshelwood_qss,"cvd:langmuir_hinshelwood_qss:AB:full:bulk_as_surface:A=adn_2,B=idn_2",adn_2,,idn_2,pattern,mse,249,7.893258021232026e-07,7.869627607355457e-07,0.0008871092157877438,training_rmse_nm_s
langmuir_hinshelwood_qss,"cvd:langmuir_hinshelwood_qss:AB:full:bulk_as_surface:A=adn_2,B=idn_2",adn_2,,idn_2,pattern,mse,250,7.886233141430822e-07,7.869627607355457e-07,0.0008871092157877438,training_rmse_nm_s
langmuir_hinshelwood_qss,"cvd:langmuir_hinshelwood_qss:AB:full:bulk_as_surface:A=adn_2,B=idn_2",adn_2,,idn_2,pattern,mse,251,2.310911111806905e-05,7.869627607355457e-07,0.0008871092157877438,training_rmse_nm_s
langmuir_hinshelwood_qss,"cvd:langmuir_hinshelwood_qss:AB:full:bulk_as_surface:A=adn_2,B=idn_2",adn_2,,idn_2,pattern,mse,252,2.31080224709693e-05,7.869627607355457e-07,0.0008871092157877438,training_rmse_nm_s
langmuir_hinshelwood_qss,"cvd:langmuir_hinshelwood_qss:AB:full:bulk_as_surface:A=adn_2,B=idn_2",adn_2,,idn_2,pattern,mse,253,2.310802357643948e-05,7.869627607355457e-07,0.0008871092157877438,training_rmse_nm_s
langmuir_hinshelwood_qss,"cvd:langmuir_hinshelwood_qss:AB:full:bulk_as_surface:A=adn_2,B=idn_2",adn_2,,idn_2,pattern,mse,254,2.310791192424963e-05,7.869627607355457e-07,0.0008871092157877438,training_rmse_nm_s
langmuir_hinshelwood_qss,"cvd:langmuir_hinshelwood_qss:AB:full:bulk_as_surface:A=adn_2,B=idn_2",adn_2,,idn_2,pattern,mse,255,2.31089897903524e-05,7.869627607355457e-07,0.0008871092157877438,training_rmse_nm_s
langmuir_hinshelwood_qss,"cvd:langmuir_hinshelwood_qss:AB:full:bulk_as_surface:A=adn_2,B=idn_2",adn_2,,idn_2,pattern,mse,256,2.300036088624917e-05,7.869627607355457e-07,0.0008871092157877438,training_rmse_nm_s
langmuir_hinshelwood_qss,"cvd:langmuir_hinshelwood_qss:AB:full:bulk_as_surface:A=adn_2,B=idn_2",adn_2,,idn_2,pattern,mse,257,2.30004712254834e-05,7.869627607355457e-07,0.0008871092157877438,training_rmse_nm_s
langmuir_hinshelwood_qss,"cvd:langmuir_hinshelwood_qss:AB:full:bulk_as_surface:A=adn_2,B=idn_2",adn_2,,idn_2,pattern,mse,258,2.2989329918706222e-05,7.869627607355457e-07,0.0008871092157877438,training_rmse_nm_s
langmuir_hinshelwood_qss,"cvd:langmuir_hinshelwood_qss:AB:full:bulk_as_surface:A=adn_2,B=idn_2",adn_2,,idn_2,pattern,mse,259,2.3087065457787056e-05,7.869627607355457e-07,0.0008871092157877438,training_rmse_nm_s
langmuir_hinshelwood_qss,"cvd:langmuir_hinshelwood_qss:AB:full:bulk_as_surface:A=adn_2,B=idn_2",adn_2,,idn_2,pattern,mse,260,2.2033128764862953e-05,7.869627607355457e-07,0.0008871092157877438,training_rmse_nm_s
langmuir_hinshelwood_qss,"cvd:langmuir_hinshelwood_qss:AB:full:bulk_as_surface:A=adn_2,B=idn_2",adn_2,,idn_2,pattern,mse,261,2.2042989066536205e-05,7.869627607355457e-07,0.0008871092157877438,training_rmse_nm_s
langmuir_hinshelwood_qss,"cvd:langmuir_hinshelwood_qss:AB:full:bulk_as_surface:A=adn_2,B=idn_2",adn_2,,idn_2,pattern,mse,262,2.1934789433641562e-05,7.869627607355457e-07,0.0008871092157877438,training_rmse_nm_s
langmuir_hinshelwood_qss,"cvd:langmuir_hinshelwood_qss:AB:full:bulk_as_surface:A=adn_2,B=idn_2",adn_2,,idn_2,pattern,mse,263,2.2889316497065454e-05,7.869627607355457e-07,0.0008871092157877438,training_rmse_nm_s
langmuir_hinshelwood_qss,"cvd:langmuir_hinshelwood_qss:AB:full:bulk_as_surface:A=adn_2,B=idn_2",adn_2,,idn_2,pattern,mse,264,1.4456854273226884e-05,7.869627607355457e-07,0.0008871092157877438,training_rmse_nm_s
langmuir_hinshelwood_qss,"cvd:langmuir_hinshelwood_qss:AB:full:bulk_as_surface:A=adn_2,B=idn_2",adn_2,,idn_2,pattern,mse,265,1.4542143703549657e-05,7.869627607355457e-07,0.0008871092157877438,training_rmse_nm_s
langmuir_hinshelwood_qss,"cvd:langmuir_hinshelwood_qss:AB:full:bulk_as_surface:A=adn_2,B=idn_2",adn_2,,idn_2,pattern,mse,266,1.3628514231785789e-05,7.869627607355457e-07,0.0008871092157877438,training_rmse_nm_s
langmuir_hinshelwood_qss,"cvd:langmuir_hinshelwood_qss:AB:full:bulk_as_surface:A=adn_2,B=idn_2",adn_2,,idn_2,pattern,mse,267,1.8876988552648127e-05,7.869627607355457e-07,0.0008871092157877438,training_rmse_nm_s
langmuir_hinshelwood_qss,"cvd:langmuir_hinshelwood_qss:AB:full:bulk_as_surface:A=adn_2,B=idn_2",adn_2,,idn_2,pattern,mse,268,1.0079033947422167e-05,7.869627607355457e-07,0.0008871092157877438,training_rmse_nm_s
langmuir_hinshelwood_qss,"cvd:langmuir_hinshelwood_qss:AB:full:bulk_as_surface:A=adn_2,B=idn_2",adn_2,,idn_2,pattern,mse,269,1.0655065350866038e-05,7.869627607355457e-07,0.0008871092157877438,training_rmse_nm_s
langmuir_hinshelwood_qss,"cvd:langmuir_hinshelwood_qss:AB:full:bulk_as_surface:A=adn_2,B=idn_2",adn_2,,idn_2,pattern,mse,270,8.418609348105153e-06,7.869627607355457e-07,0.0008871092157877438,training_rmse_nm_s
langmuir_hinshelwood_qss,"cvd:langmuir_hinshelwood_qss:AB:full:bulk_as_surface:A=adn_2,B=idn_2",adn_2,,idn_2,pattern,mse,271,1.1812980176004824e-05,7.869627607355457e-07,0.0008871092157877438,training_rmse_nm_s
langmuir_hinshelwood_qss,"cvd:langmuir_hinshelwood_qss:AB:full:bulk_as_surface:A=adn_2,B=idn_2",adn_2,,idn_2,pattern,mse,272,9.885955136892546e-05,7.869627607355457e-07,0.0008871092157877438,training_rmse_nm_s
langmuir_hinshelwood_qss,"cvd:langmuir_hinshelwood_qss:AB:full:bulk_as_surface:A=adn_2,B=idn_2",adn_2,,idn_2,pattern,mse,273,1.0079033947422167e-05,7.869627607355457e-07,0.0008871092157877438,training_rmse_nm_s
langmuir_hinshelwood_qss,"cvd:langmuir_hinshelwood_qss:AB:full:bulk_as_surface:A=adn_2,B=idn_2",adn_2,,idn_2,pattern,mse,274,4.573069631036415e-06,7.869627607355457e-07,0.0008871092157877438,training_rmse_nm_s
langmuir_hinshelwood_qss,"cvd:langmuir_hinshelwood_qss:AB:full:bulk_as_surface:A=adn_2,B=idn_2",adn_2,,idn_2,pattern,mse,275,4.559844989257603e-06,7.869627607355457e-07,0.0008871092157877438,training_rmse_nm_s
langmuir_hinshelwood_qss,"cvd:langmuir_hinshelwood_qss:AB:full:bulk_as_surface:A=adn_2,B=idn_2",adn_2,,idn_2,pattern,mse,276,1.9581209493063374e-05,7.869627607355457e-07,0.0008871092157877438,training_rmse_nm_s
langmuir_hinshelwood_qss,"cvd:langmuir_hinshelwood_qss:AB:full:bulk_as_surface:A=adn_2,B=idn_2",adn_2,,idn_2,pattern,mse,277,6.834849264805197e-06,7.869627607355457e-07,0.0008871092157877438,training_rmse_nm_s
langmuir_hinshelwood_qss,"cvd:langmuir_hinshelwood_qss:AB:full:bulk_as_surface:A=adn_2,B=idn_2",adn_2,,idn_2,pattern,mse,278,2.1420525712662616e-06,7.869627607355457e-07,0.0008871092157877438,training_rmse_nm_s
langmuir_hinshelwood_qss,"cvd:langmuir_hinshelwood_qss:AB:full:bulk_as_surface:A=adn_2,B=idn_2",adn_2,,idn_2,pattern,mse,279,4.655543000253322e-06,7.869627607355457e-07,0.0008871092157877438,training_rmse_nm_s
langmuir_hinshelwood_qss,"cvd:langmuir_hinshelwood_qss:AB:full:bulk_as_surface:A=adn_2,B=idn_2",adn_2,,idn_2,pattern,mse,280,2.2520884403935997e-06,7.869627607355457e-07,0.0008871092157877438,training_rmse_nm_s
langmuir_hinshelwood_qss,"cvd:langmuir_hinshelwood_qss:AB:full:bulk_as_surface:A=adn_2,B=idn_2",adn_2,,idn_2,pattern,mse,281,4.559844989257603e-06,7.869627607355457e-07,0.0008871092157877438,training_rmse_nm_s
langmuir_hinshelwood_qss,"cvd:langmuir_hinshelwood_qss:AB:full:bulk_as_surface:A=adn_2,B=idn_2",adn_2,,idn_2,pattern,mse,282,1.4917941295638781e-06,7.869627607355457e-07,0.0008871092157877438,training_rmse_nm_s
langmuir_hinshelwood_qss,"cvd:langmuir_hinshelwood_qss:AB:full:bulk_as_surface:A=adn_2,B=idn_2",adn_2,,idn_2,pattern,mse,283,2.3922407855881185e-06,7.869627607355457e-07,0.0008871092157877438,training_rmse_nm_s
langmuir_hinshelwood_qss,"cvd:langmuir_hinshelwood_qss:AB:full:bulk_as_surface:A=adn_2,B=idn_2",adn_2,,idn_2,pattern,mse,284,1.0569371919541573e-06,7.869627607355457e-07,0.0008871092157877438,training_rmse_nm_s
langmuir_hinshelwood_qss,"cvd:langmuir_hinshelwood_qss:AB:full:bulk_as_surface:A=adn_2,B=idn_2",adn_2,,idn_2,pattern,mse,285,8.387999835717922e-07,7.869627607355457e-07,0.0008871092157877438,training_rmse_nm_s
langmuir_hinshelwood_qss,"cvd:langmuir_hinshelwood_qss:AB:full:bulk_as_surface:A=adn_2,B=idn_2",adn_2,,idn_2,pattern,mse,286,2.7420507147953742e-06,7.869627607355457e-07,0.0008871092157877438,training_rmse_nm_s
langmuir_hinshelwood_qss,"cvd:langmuir_hinshelwood_qss:AB:full:bulk_as_surface:A=adn_2,B=idn_2",adn_2,,idn_2,pattern,mse,287,1.3928246740483602e-06,7.869627607355457e-07,0.0008871092157877438,training_rmse_nm_s
langmuir_hinshelwood_qss,"cvd:langmuir_hinshelwood_qss:AB:full:bulk_as_surface:A=adn_2,B=idn_2",adn_2,,idn_2,pattern,mse,288,1.5849358327616955e-06,7.869627607355457e-07,0.0008871092157877438,training_rmse_nm_s
langmuir_hinshelwood_qss,"cvd:langmuir_hinshelwood_qss:AB:full:bulk_as_surface:A=adn_2,B=idn_2",adn_2,,idn_2,pattern,mse,289,1.4904257917590125e-06,7.869627607355457e-07,0.0008871092157877438,training_rmse_nm_s
langmuir_hinshelwood_qss,"cvd:langmuir_hinshelwood_qss:AB:full:bulk_as_surface:A=adn_2,B=idn_2",adn_2,,idn_2,pattern,mse,290,1.0569371919541573e-06,7.869627607355457e-07,0.0008871092157877438,training_rmse_nm_s
langmuir_hinshelwood_qss,"cvd:langmuir_hinshelwood_qss:AB:full:bulk_as_surface:A=adn_2,B=idn_2",adn_2,,idn_2,pattern,mse,291,1.0145428447514008e-06,7.869627607355457e-07,0.0008871092157877438,training_rmse_nm_s
langmuir_hinshelwood_qss,"cvd:langmuir_hinshelwood_qss:AB:full:bulk_as_surface:A=adn_2,B=idn_2",adn_2,,idn_2,pattern,mse,292,9.778217160271995e-07,7.869627607355457e-07,0.0008871092157877438,training_rmse_nm_s
langmuir_hinshelwood_qss,"cvd:langmuir_hinshelwood_qss:AB:full:bulk_as_surface:A=adn_2,B=idn_2",adn_2,,idn_2,pattern,mse,293,1.087510820483748e-06,7.869627607355457e-07,0.0008871092157877438,training_rmse_nm_s
langmuir_hinshelwood_qss,"cvd:langmuir_hinshelwood_qss:AB:full:bulk_as_surface:A=adn_2,B=idn_2",adn_2,,idn_2,pattern,mse,294,8.050576235711908e-07,7.869627607355457e-07,0.0008871092157877438,training_rmse_nm_s
langmuir_hinshelwood_qss,"cvd:langmuir_hinshelwood_qss:AB:full:bulk_as_surface:A=adn_2,B=idn_2",adn_2,,idn_2,pattern,mse,295,9.569702634136995e-07,7.869627607355457e-07,0.0008871092157877438,training_rmse_nm_s
langmuir_hinshelwood_qss,"cvd:langmuir_hinshelwood_qss:AB:full:bulk_as_surface:A=adn_2,B=idn_2",adn_2,,idn_2,pattern,mse,296,9.529767563896935e-07,7.869627607355457e-07,0.0008871092157877438,training_rmse_nm_s
langmuir_hinshelwood_qss,"cvd:langmuir_hinshelwood_qss:AB:full:bulk_as_surface:A=adn_2,B=idn_2",adn_2,,idn_2,pattern,mse,297,8.387999835717922e-07,7.869627607355457e-07,0.0008871092157877438,training_rmse_nm_s
langmuir_hinshelwood_qss,"cvd:langmuir_hinshelwood_qss:AB:full:bulk_as_surface:A=adn_2,B=idn_2",adn_2,,idn_2,pattern,mse,298,1.0569371919541573e-06,7.869627607355457e-07,0.0008871092157877438,training_rmse_nm_s
langmuir_hinshelwood_qss,"cvd:langmuir_hinshelwood_qss:AB:full:bulk_as_surface:A=adn_2,B=idn_2",adn_2,,idn_2,pattern,mse,299,8.509846892918014e-07,7.869627607355457e-07,0.0008871092157877438,training_rmse_nm_s
langmuir_hinshelwood_qss,"cvd:langmuir_hinshelwood_qss:AB:full:bulk_as_surface:A=adn_2,B=idn_2",adn_2,,idn_2,pattern,mse,300,8.334834979169121e-07,7.869627607355457e-07,0.0008871092157877438,training_rmse_nm_s
langmuir_hinshelwood_qss,"cvd:langmuir_hinshelwood_qss:AB:full:bulk_as_surface:A=adn_2,B=idn_2",adn_2,,idn_2,pattern,mse,301,7.908658473949878e-07,7.869627607355457e-07,0.0008871092157877438,training_rmse_nm_s
langmuir_hinshelwood_qss,"cvd:langmuir_hinshelwood_qss:AB:full:bulk_as_surface:A=adn_2,B=idn_2",adn_2,,idn_2,pattern,mse,302,8.9051511235369e-07,7.869627607355457e-07,0.0008871092157877438,training_rmse_nm_s
langmuir_hinshelwood_qss,"cvd:langmuir_hinshelwood_qss:AB:full:bulk_as_surface:A=adn_2,B=idn_2",adn_2,,idn_2,pattern,mse,303,8.421656183844734e-07,7.869627607355457e-07,0.0008871092157877438,training_rmse_nm_s
langmuir_hinshelwood_qss,"cvd:langmuir_hinshelwood_qss:AB:full:bulk_as_surface:A=adn_2,B=idn_2",adn_2,,idn_2,pattern,mse,304,8.157930071903707e-07,7.869627607355457e-07,0.0008871092157877438,training_rmse_nm_s
langmuir_hinshelwood_qss,"cvd:langmuir_hinshelwood_qss:AB:full:bulk_as_surface:A=adn_2,B=idn_2",adn_2,,idn_2,pattern,mse,305,8.387999835717922e-07,7.869627607355457e-07,0.0008871092157877438,training_rmse_nm_s
langmuir_hinshelwood_qss,"cvd:langmuir_hinshelwood_qss:AB:full:bulk_as_surface:A=adn_2,B=idn_2",adn_2,,idn_2,pattern,mse,306,8.050576235711908e-07,7.869627607355457e-07,0.0008871092157877438,training_rmse_nm_s
langmuir_hinshelwood_qss,"cvd:langmuir_hinshelwood_qss:AB:full:bulk_as_surface:A=adn_2,B=idn_2",adn_2,,idn_2,pattern,mse,307,8.0795940114948e-07,7.869627607355457e-07,0.0008871092157877438,training_rmse_nm_s
langmuir_hinshelwood_qss,"cvd:langmuir_hinshelwood_qss:AB:full:bulk_as_surface:A=adn_2,B=idn_2",adn_2,,idn_2,pattern,mse,308,7.927902773685964e-07,7.869627607355457e-07,0.0008871092157877438,training_rmse_nm_s
langmuir_hinshelwood_qss,"cvd:langmuir_hinshelwood_qss:AB:full:bulk_as_surface:A=adn_2,B=idn_2",adn_2,,idn_2,pattern,mse,309,8.076153517515307e-07,7.869627607355457e-07,0.0008871092157877438,training_rmse_nm_s
langmuir_hinshelwood_qss,"cvd:langmuir_hinshelwood_qss:AB:full:bulk_as_surface:A=adn_2,B=idn_2",adn_2,,idn_2,pattern,mse,310,7.89638419273279e-07,7.869627607355457e-07,0.0008871092157877438,training_rmse_nm_s
langmuir_hinshelwood_qss,"cvd:langmuir_hinshelwood_qss:AB:full:bulk_as_surface:A=adn_2,B=idn_2",adn_2,,idn_2,pattern,mse,311,8.055111242497196e-07,7.869627607355457e-07,0.0008871092157877438,training_rmse_nm_s
langmuir_hinshelwood_qss,"cvd:langmuir_hinshelwood_qss:AB:full:bulk_as_surface:A=adn_2,B=idn_2",adn_2,,idn_2,pattern,mse,312,7.92551356975391e-07,7.869627607355457e-07,0.0008871092157877438,training_rmse_nm_s
langmuir_hinshelwood_qss,"cvd:langmuir_hinshelwood_qss:AB:full:bulk_as_surface:A=adn_2,B=idn_2",adn_2,,idn_2,pattern,mse,313,7.908658473949878e-07,7.869627607355457e-07,0.0008871092157877438,training_rmse_nm_s
langmuir_hinshelwood_qss,"cvd:langmuir_hinshelwood_qss:AB:full:bulk_as_surface:A=adn_2,B=idn_2",adn_2,,idn_2,pattern,mse,314,8.050576235711908e-07,7.869627607355457e-07,0.0008871092157877438,training_rmse_nm_s
langmuir_hinshelwood_qss,"cvd:langmuir_hinshelwood_qss:AB:full:bulk_as_surface:A=adn_2,B=idn_2",adn_2,,idn_2,pattern,mse,315,7.953475459505069e-07,7.869627607355457e-07,0.0008871092157877438,training_rmse_nm_s
langmuir_hinshelwood_qss,"cvd:langmuir_hinshelwood_qss:AB:full:bulk_as_surface:A=adn_2,B=idn_2",adn_2,,idn_2,pattern,mse,316,7.886233141430822e-07,7.869627607355457e-07,0.0008871092157877438,training_rmse_nm_s
langmuir_hinshelwood_qss,"cvd:langmuir_hinshelwood_qss:AB:full:bulk_as_surface:A=adn_2,B=idn_2",adn_2,,idn_2,pattern,mse,317,7.869627607355457e-07,7.869627607355457e-07,0.0008871092157877438,training_rmse_nm_s
langmuir_hinshelwood_qss,"cvd:langmuir_hinshelwood_qss:AB:full:bulk_as_surface:A=adn_2,B=idn_2",adn_2,,idn_2,pattern,mse,318,7.944492191478605e-07,7.869627607355457e-07,0.0008871092157877438,training_rmse_nm_s
langmuir_hinshelwood_qss,"cvd:langmuir_hinshelwood_qss:AB:full:bulk_as_surface:A=adn_2,B=idn_2",adn_2,,idn_2,pattern,mse,319,7.882424583628325e-07,7.869627607355457e-07,0.0008871092157877438,training_rmse_nm_s
langmuir_hinshelwood_qss,"cvd:langmuir_hinshelwood_qss:AB:full:bulk_as_surface:A=adn_2,B=idn_2",adn_2,,idn_2,pattern,mse,320,7.9065699278657e-07,7.869627607355457e-07,0.0008871092157877438,training_rmse_nm_s
langmuir_hinshelwood_qss,"cvd:langmuir_hinshelwood_qss:AB:full:bulk_as_surface:A=adn_2,B=idn_2",adn_2,,idn_2,pattern,mse,321,7.893258021232026e-07,7.869627607355457e-07,0.0008871092157877438,training_rmse_nm_s
langmuir_hinshelwood_qss,"cvd:langmuir_hinshelwood_qss:AB:full:bulk_as_surface:A=adn_2,B=idn_2",adn_2,,idn_2,pattern,mse,322,7.886233141430822e-07,7.869627607355457e-07,0.0008871092157877438,training_rmse_nm_s
langmuir_hinshelwood_qss,"cvd:langmuir_hinshelwood_qss:AB:full:bulk_as_surface:A=adn_2,B=idn_2",adn_2,,idn_2,pattern,mse,323,2.485416760589995e-05,7.869627607355457e-07,0.0008871092157877438,training_rmse_nm_s
langmuir_hinshelwood_qss,"cvd:langmuir_hinshelwood_qss:AB:full:bulk_as_surface:A=adn_2,B=idn_2",adn_2,,idn_2,pattern,mse,324,2.3391151066266003e-05,7.869627607355457e-07,0.0008871092157877438,training_rmse_nm_s
langmuir_hinshelwood_qss,"cvd:langmuir_hinshelwood_qss:AB:full:bulk_as_surface:A=adn_2,B=idn_2",adn_2,,idn_2,pattern,mse,325,1.3628514231785789e-05,7.869627607355457e-07,0.0008871092157877438,training_rmse_nm_s
langmuir_hinshelwood_qss,"cvd:langmuir_hinshelwood_qss:AB:full:bulk_as_surface:A=adn_2,B=idn_2",adn_2,,idn_2,pattern,mse,326,0.00019831628059413864,7.869627607355457e-07,0.0008871092157877438,training_rmse_nm_s
langmuir_hinshelwood_qss,"cvd:langmuir_hinshelwood_qss:AB:full:bulk_as_surface:A=adn_2,B=idn_2",adn_2,,idn_2,pattern,mse,327,2.1915385991925803e-05,7.869627607355457e-07,0.0008871092157877438,training_rmse_nm_s
langmuir_hinshelwood_qss,"cvd:langmuir_hinshelwood_qss:AB:full:bulk_as_surface:A=adn_2,B=idn_2",adn_2,,idn_2,pattern,mse,328,0.003223358538301618,7.869627607355457e-07,0.0008871092157877438,training_rmse_nm_s
langmuir_hinshelwood_qss,"cvd:langmuir_hinshelwood_qss:AB:full:bulk_as_surface:A=adn_2,B=idn_2",adn_2,,idn_2,pattern,mse,329,1.4542143703549657e-05,7.869627607355457e-07,0.0008871092157877438,training_rmse_nm_s
langmuir_hinshelwood_qss,"cvd:langmuir_hinshelwood_qss:AB:full:bulk_as_surface:A=adn_2,B=idn_2",adn_2,,idn_2,pattern,mse,330,2.3391151066266003e-05,7.869627607355457e-07,0.0008871092157877438,training_rmse_nm_s
langmuir_hinshelwood_qss,"cvd:langmuir_hinshelwood_qss:AB:full:bulk_as_surface:A=adn_2,B=idn_2",adn_2,,idn_2,pattern,mse,331,2.0977402084360618e-05,7.869627607355457e-07,0.0008871092157877438,training_rmse_nm_s
langmuir_hinshelwood_qss,"cvd:langmuir_hinshelwood_qss:AB:full:bulk_as_surface:A=adn_2,B=idn_2",adn_2,,idn_2,pattern,mse,332,0.00010380421753621629,7.869627607355457e-07,0.0008871092157877438,training_rmse_nm_s
langmuir_hinshelwood_qss,"cvd:langmuir_hinshelwood_qss:AB:full:bulk_as_surface:A=adn_2,B=idn_2",adn_2,,idn_2,pattern,mse,333,1.4456854273226884e-05,7.869627607355457e-07,0.0008871092157877438,training_rmse_nm_s
langmuir_hinshelwood_qss,"cvd:langmuir_hinshelwood_qss:AB:full:bulk_as_surface:A=adn_2,B=idn_2",adn_2,,idn_2,pattern,mse,334,7.4885145125460395e-06,7.869627607355457e-07,0.0008871092157877438,training_rmse_nm_s
langmuir_hinshelwood_qss,"cvd:langmuir_hinshelwood_qss:AB:full:bulk_as_surface:A=adn_2,B=idn_2",adn_2,,idn_2,pattern,mse,335,1.3679946181825858e-05,7.869627607355457e-07,0.0008871092157877438,training_rmse_nm_s
langmuir_hinshelwood_qss,"cvd:langmuir_hinshelwood_qss:AB:full:bulk_as_surface:A=adn_2,B=idn_2",adn_2,,idn_2,pattern,mse,336,8.580935534884198e-05,7.869627607355457e-07,0.0008871092157877438,training_rmse_nm_s
langmuir_hinshelwood_qss,"cvd:langmuir_hinshelwood_qss:AB:full:bulk_as_surface:A=adn_2,B=idn_2",adn_2,,idn_2,pattern,mse,337,1.3628514231785789e-05,7.869627607355457e-07,0.0008871092157877438,training_rmse_nm_s
langmuir_hinshelwood_qss,"cvd:langmuir_hinshelwood_qss:AB:full:bulk_as_surface:A=adn_2,B=idn_2",adn_2,,idn_2,pattern,mse,338,2.3391151066266003e-05,7.869627607355457e-07,0.0008871092157877438,training_rmse_nm_s
langmuir_hinshelwood_qss,"cvd:langmuir_hinshelwood_qss:AB:full:bulk_as_surface:A=adn_2,B=idn_2",adn_2,,idn_2,pattern,mse,339,1.190979330055988e-05,7.869627607355457e-07,0.0008871092157877438,training_rmse_nm_s
langmuir_hinshelwood_qss,"cvd:langmuir_hinshelwood_qss:AB:full:bulk_as_surface:A=adn_2,B=idn_2",adn_2,,idn_2,pattern,mse,340,4.573069631036415e-06,7.869627607355457e-07,0.0008871092157877438,training_rmse_nm_s
langmuir_hinshelwood_qss,"cvd:langmuir_hinshelwood_qss:AB:full:bulk_as_surface:A=adn_2,B=idn_2",adn_2,,idn_2,pattern,mse,341,8.418609348105153e-06,7.869627607355457e-07,0.0008871092157877438,training_rmse_nm_s
langmuir_hinshelwood_qss,"cvd:langmuir_hinshelwood_qss:AB:full:bulk_as_surface:A=adn_2,B=idn_2",adn_2,,idn_2,pattern,mse,342,1.7957550083582387e-06,7.869627607355457e-07,0.0008871092157877438,training_rmse_nm_s
langmuir_hinshelwood_qss,"cvd:langmuir_hinshelwood_qss:AB:full:bulk_as_surface:A=adn_2,B=idn_2",adn_2,,idn_2,pattern,mse,343,3.3982847886989254e-06,7.869627607355457e-07,0.0008871092157877438,training_rmse_nm_s
langmuir_hinshelwood_qss,"cvd:langmuir_hinshelwood_qss:AB:full:bulk_as_surface:A=adn_2,B=idn_2",adn_2,,idn_2,pattern,mse,344,6.238354859884943e-05,7.869627607355457e-07,0.0008871092157877438,training_rmse_nm_s
langmuir_hinshelwood_qss,"cvd:langmuir_hinshelwood_qss:AB:full:bulk_as_surface:A=adn_2,B=idn_2",adn_2,,idn_2,pattern,mse,345,4.573069631036415e-06,7.869627607355457e-07,0.0008871092157877438,training_rmse_nm_s
langmuir_hinshelwood_qss,"cvd:langmuir_hinshelwood_qss:AB:full:bulk_as_surface:A=adn_2,B=idn_2",adn_2,,idn_2,pattern,mse,346,2.4008830731950018e-05,7.869627607355457e-07,0.0008871092157877438,training_rmse_nm_s
langmuir_hinshelwood_qss,"cvd:langmuir_hinshelwood_qss:AB:full:bulk_as_surface:A=adn_2,B=idn_2",adn_2,,idn_2,pattern,mse,347,1.4917941295638781e-06,7.869627607355457e-07,0.0008871092157877438,training_rmse_nm_s
langmuir_hinshelwood_qss,"cvd:langmuir_hinshelwood_qss:AB:full:bulk_as_surface:A=adn_2,B=idn_2",adn_2,,idn_2,pattern,mse,348,1.309372660709228e-05,7.869627607355457e-07,0.0008871092157877438,training_rmse_nm_s
langmuir_hinshelwood_qss,"cvd:langmuir_hinshelwood_qss:AB:full:bulk_as_surface:A=adn_2,B=idn_2",adn_2,,idn_2,pattern,mse,349,2.1420525712662616e-06,7.869627607355457e-07,0.0008871092157877438,training_rmse_nm_s
langmuir_hinshelwood_qss,"cvd:langmuir_hinshelwood_qss:AB:full:bulk_as_surface:A=adn_2,B=idn_2",adn_2,,idn_2,pattern,mse,350,6.72844401046959e-06,7.869627607355457e-07,0.0008871092157877438,training_rmse_nm_s
langmuir_hinshelwood_qss,"cvd:langmuir_hinshelwood_qss:AB:full:bulk_as_surface:A=adn_2,B=idn_2",adn_2,,idn_2,pattern,mse,351,3.3982847886989254e-06,7.869627607355457e-07,0.0008871092157877438,training_rmse_nm_s
langmuir_hinshelwood_qss,"cvd:langmuir_hinshelwood_qss:AB:full:bulk_as_surface:A=adn_2,B=idn_2",adn_2,,idn_2,pattern,mse,352,1.7957550083582387e-06,7.869627607355457e-07,0.0008871092157877438,training_rmse_nm_s
langmuir_hinshelwood_qss,"cvd:langmuir_hinshelwood_qss:AB:full:bulk_as_surface:A=adn_2,B=idn_2",adn_2,,idn_2,pattern,mse,353,2.1420525712662616e-06,7.869627607355457e-07,0.0008871092157877438,training_rmse_nm_s
langmuir_hinshelwood_qss,"cvd:langmuir_hinshelwood_qss:AB:full:bulk_as_surface:A=adn_2,B=idn_2",adn_2,,idn_2,pattern,mse,354,6.72844401046959e-06,7.869627607355457e-07,0.0008871092157877438,training_rmse_nm_s
langmuir_hinshelwood_qss,"cvd:langmuir_hinshelwood_qss:AB:full:bulk_as_surface:A=adn_2,B=idn_2",adn_2,,idn_2,pattern,mse,355,2.3922407855881185e-06,7.869627607355457e-07,0.0008871092157877438,training_rmse_nm_s
langmuir_hinshelwood_qss,"cvd:langmuir_hinshelwood_qss:AB:full:bulk_as_surface:A=adn_2,B=idn_2",adn_2,,idn_2,pattern,mse,356,1.0569371919541573e-06,7.869627607355457e-07,0.0008871092157877438,training_rmse_nm_s
langmuir_hinshelwood_qss,"cvd:langmuir_hinshelwood_qss:AB:full:bulk_as_surface:A=adn_2,B=idn_2",adn_2,,idn_2,pattern,mse,357,8.387999835717922e-07,7.869627607355457e-07,0.0008871092157877438,training_rmse_nm_s
langmuir_hinshelwood_qss,"cvd:langmuir_hinshelwood_qss:AB:full:bulk_as_surface:A=adn_2,B=idn_2",adn_2,,idn_2,pattern,mse,358,2.7420507147953742e-06,7.869627607355457e-07,0.0008871092157877438,training_rmse_nm_s
langmuir_hinshelwood_qss,"cvd:langmuir_hinshelwood_qss:AB:full:bulk_as_surface:A=adn_2,B=idn_2",adn_2,,idn_2,pattern,mse,359,1.3928246740483602e-06,7.869627607355457e-07,0.0008871092157877438,training_rmse_nm_s
langmuir_hinshelwood_qss,"cvd:langmuir_hinshelwood_qss:AB:full:bulk_as_surface:A=adn_2,B=idn_2",adn_2,,idn_2,pattern,mse,360,1.5849358327616955e-06,7.869627607355457e-07,0.0008871092157877438,training_rmse_nm_s
langmuir_hinshelwood_qss,"cvd:langmuir_hinshelwood_qss:AB:full:bulk_as_surface:A=adn_2,B=idn_2",adn_2,,idn_2,pattern,mse,361,1.4904257917590125e-06,7.869627607355457e-07,0.0008871092157877438,training_rmse_nm_s
langmuir_hinshelwood_qss,"cvd:langmuir_hinshelwood_qss:AB:full:bulk_as_surface:A=adn_2,B=idn_2",adn_2,,idn_2,pattern,mse,362,1.0569371919541573e-06,7.869627607355457e-07,0.0008871092157877438,training_rmse_nm_s
langmuir_hinshelwood_qss,"cvd:langmuir_hinshelwood_qss:AB:full:bulk_as_surface:A=adn_2,B=idn_2",adn_2,,idn_2,pattern,mse,363,1.0145428447514008e-06,7.869627607355457e-07,0.0008871092157877438,training_rmse_nm_s
langmuir_hinshelwood_qss,"cvd:langmuir_hinshelwood_qss:AB:full:bulk_as_surface:A=adn_2,B=idn_2",adn_2,,idn_2,pattern,mse,364,9.778217160271995e-07,7.869627607355457e-07,0.0008871092157877438,training_rmse_nm_s
langmuir_hinshelwood_qss,"cvd:langmuir_hinshelwood_qss:AB:full:bulk_as_surface:A=adn_2,B=idn_2",adn_2,,idn_2,pattern,mse,365,1.087510820483748e-06,7.869627607355457e-07,0.0008871092157877438,training_rmse_nm_s
langmuir_hinshelwood_qss,"cvd:langmuir_hinshelwood_qss:AB:full:bulk_as_surface:A=adn_2,B=idn_2",adn_2,,idn_2,pattern,mse,366,8.050576235711908e-07,7.869627607355457e-07,0.0008871092157877438,training_rmse_nm_s
langmuir_hinshelwood_qss,"cvd:langmuir_hinshelwood_qss:AB:full:bulk_as_surface:A=adn_2,B=idn_2",adn_2,,idn_2,pattern,mse,367,9.569702634136995e-07,7.869627607355457e-07,0.0008871092157877438,training_rmse_nm_s
langmuir_hinshelwood_qss,"cvd:langmuir_hinshelwood_qss:AB:full:bulk_as_surface:A=adn_2,B=idn_2",adn_2,,idn_2,pattern,mse,368,9.529767563896935e-07,7.869627607355457e-07,0.0008871092157877438,training_rmse_nm_s
langmuir_hinshelwood_qss,"cvd:langmuir_hinshelwood_qss:AB:full:bulk_as_surface:A=adn_2,B=idn_2",adn_2,,idn_2,pattern,mse,369,8.387999835717922e-07,7.869627607355457e-07,0.0008871092157877438,training_rmse_nm_s
langmuir_hinshelwood_qss,"cvd:langmuir_hinshelwood_qss:AB:full:bulk_as_surface:A=adn_2,B=idn_2",adn_2,,idn_2,pattern,mse,370,1.0569371919541573e-06,7.869627607355457e-07,0.0008871092157877438,training_rmse_nm_s
langmuir_hinshelwood_qss,"cvd:langmuir_hinshelwood_qss:AB:full:bulk_as_surface:A=adn_2,B=idn_2",adn_2,,idn_2,pattern,mse,371,8.509846892918014e-07,7.869627607355457e-07,0.0008871092157877438,training_rmse_nm_s
langmuir_hinshelwood_qss,"cvd:langmuir_hinshelwood_qss:AB:full:bulk_as_surface:A=adn_2,B=idn_2",adn_2,,idn_2,pattern,mse,372,8.334834979169121e-07,7.869627607355457e-07,0.0008871092157877438,training_rmse_nm_s
langmuir_hinshelwood_qss,"cvd:langmuir_hinshelwood_qss:AB:full:bulk_as_surface:A=adn_2,B=idn_2",adn_2,,idn_2,pattern,mse,373,7.908658473949878e-07,7.869627607355457e-07,0.0008871092157877438,training_rmse_nm_s
langmuir_hinshelwood_qss,"cvd:langmuir_hinshelwood_qss:AB:full:bulk_as_surface:A=adn_2,B=idn_2",adn_2,,idn_2,pattern,mse,374,8.9051511235369e-07,7.869627607355457e-07,0.0008871092157877438,training_rmse_nm_s
langmuir_hinshelwood_qss,"cvd:langmuir_hinshelwood_qss:AB:full:bulk_as_surface:A=adn_2,B=idn_2",adn_2,,idn_2,pattern,mse,375,8.421656183844734e-07,7.869627607355457e-07,0.0008871092157877438,training_rmse_nm_s
langmuir_hinshelwood_qss,"cvd:langmuir_hinshelwood_qss:AB:full:bulk_as_surface:A=adn_2,B=idn_2",adn_2,,idn_2,pattern,mse,376,8.157930071903707e-07,7.869627607355457e-07,0.0008871092157877438,training_rmse_nm_s
langmuir_hinshelwood_qss,"cvd:langmuir_hinshelwood_qss:AB:full:bulk_as_surface:A=adn_2,B=idn_2",adn_2,,idn_2,pattern,mse,377,8.387999835717922e-07,7.869627607355457e-07,0.0008871092157877438,training_rmse_nm_s
langmuir_hinshelwood_qss,"cvd:langmuir_hinshelwood_qss:AB:full:bulk_as_surface:A=adn_2,B=idn_2",adn_2,,idn_2,pattern,mse,378,8.050576235711908e-07,7.869627607355457e-07,0.0008871092157877438,training_rmse_nm_s
langmuir_hinshelwood_qss,"cvd:langmuir_hinshelwood_qss:AB:full:bulk_as_surface:A=adn_2,B=idn_2",adn_2,,idn_2,pattern,mse,379,8.0795940114948e-07,7.869627607355457e-07,0.0008871092157877438,training_rmse_nm_s
langmuir_hinshelwood_qss,"cvd:langmuir_hinshelwood_qss:AB:full:bulk_as_surface:A=adn_2,B=idn_2",adn_2,,idn_2,pattern,mse,380,7.927902773685964e-07,7.869627607355457e-07,0.0008871092157877438,training_rmse_nm_s
langmuir_hinshelwood_qss,"cvd:langmuir_hinshelwood_qss:AB:full:bulk_as_surface:A=adn_2,B=idn_2",adn_2,,idn_2,pattern,mse,381,8.076153517515307e-07,7.869627607355457e-07,0.0008871092157877438,training_rmse_nm_s
langmuir_hinshelwood_qss,"cvd:langmuir_hinshelwood_qss:AB:full:bulk_as_surface:A=adn_2,B=idn_2",adn_2,,idn_2,pattern,mse,382,7.89638419273279e-07,7.869627607355457e-07,0.0008871092157877438,training_rmse_nm_s
langmuir_hinshelwood_qss,"cvd:langmuir_hinshelwood_qss:AB:full:bulk_as_surface:A=adn_2,B=idn_2",adn_2,,idn_2,pattern,mse,383,8.055111242497196e-07,7.869627607355457e-07,0.0008871092157877438,training_rmse_nm_s
langmuir_hinshelwood_qss,"cvd:langmuir_hinshelwood_qss:AB:full:bulk_as_surface:A=adn_2,B=idn_2",adn_2,,idn_2,pattern,mse,384,7.92551356975391e-07,7.869627607355457e-07,0.0008871092157877438,training_rmse_nm_s
langmuir_hinshelwood_qss,"cvd:langmuir_hinshelwood_qss:AB:full:bulk_as_surface:A=adn_2,B=idn_2",adn_2,,idn_2,pattern,mse,385,7.908658473949878e-07,7.869627607355457e-07,0.0008871092157877438,training_rmse_nm_s
langmuir_hinshelwood_qss,"cvd:langmuir_hinshelwood_qss:AB:full:bulk_as_surface:A=adn_2,B=idn_2",adn_2,,idn_2,pattern,mse,386,8.050576235711908e-07,7.869627607355457e-07,0.0008871092157877438,training_rmse_nm_s
langmuir_hinshelwood_qss,"cvd:langmuir_hinshelwood_qss:AB:full:bulk_as_surface:A=adn_2,B=idn_2",adn_2,,idn_2,pattern,mse,387,7.953475459505069e-07,7.869627607355457e-07,0.0008871092157877438,training_rmse_nm_s
langmuir_hinshelwood_qss,"cvd:langmuir_hinshelwood_qss:AB:full:bulk_as_surface:A=adn_2,B=idn_2",adn_2,,idn_2,pattern,mse,388,7.886233141430822e-07,7.869627607355457e-07,0.0008871092157877438,training_rmse_nm_s
langmuir_hinshelwood_qss,"cvd:langmuir_hinshelwood_qss:AB:full:bulk_as_surface:A=adn_2,B=idn_2",adn_2,,idn_2,pattern,mse,389,7.869627607355457e-07,7.869627607355457e-07,0.0008871092157877438,training_rmse_nm_s
langmuir_hinshelwood_qss,"cvd:langmuir_hinshelwood_qss:AB:full:bulk_as_surface:A=adn_2,B=idn_2",adn_2,,idn_2,pattern,mse,390,7.944492191478605e-07,7.869627607355457e-07,0.0008871092157877438,training_rmse_nm_s
langmuir_hinshelwood_qss,"cvd:langmuir_hinshelwood_qss:AB:full:bulk_as_surface:A=adn_2,B=idn_2",adn_2,,idn_2,pattern,mse,391,7.882424583628325e-07,7.869627607355457e-07,0.0008871092157877438,training_rmse_nm_s
langmuir_hinshelwood_qss,"cvd:langmuir_hinshelwood_qss:AB:full:bulk_as_surface:A=adn_2,B=idn_2",adn_2,,idn_2,pattern,mse,392,7.9065699278657e-07,7.869627607355457e-07,0.0008871092157877438,training_rmse_nm_s
langmuir_hinshelwood_qss,"cvd:langmuir_hinshelwood_qss:AB:full:bulk_as_surface:A=adn_2,B=idn_2",adn_2,,idn_2,pattern,mse,393,7.893258021232026e-07,7.869627607355457e-07,0.0008871092157877438,training_rmse_nm_s
langmuir_hinshelwood_qss,"cvd:langmuir_hinshelwood_qss:AB:full:bulk_as_surface:A=adn_2,B=idn_2",adn_2,,idn_2,pattern,mse,394,7.886233141430822e-07,7.869627607355457e-07,0.0008871092157877438,training_rmse_nm_s
